ISO-10303-21;
HEADER;
/* Generated by software containing ST-Developer
 * from STEP Tools, Inc. (www.steptools.com) 
 */

FILE_DESCRIPTION(
/* description */ (''),
/* implementation_level */ '2;1');

FILE_NAME(
/* name */ 'BODY.step',
/* time_stamp */ '2026-06-16T21:03:32+05:30',
/* author */ (''),
/* organization */ (''),
/* preprocessor_version */ 'ST-DEVELOPER v20.1',
/* originating_system */ 'Autodesk Translation Framework v15.8.0.0',
/* authorisation */ '');

FILE_SCHEMA (('AUTOMOTIVE_DESIGN { 1 0 10303 214 3 1 1 }'));
ENDSEC;

DATA;
#10=MECHANICAL_DESIGN_GEOMETRIC_PRESENTATION_REPRESENTATION('',(#13,#14),
#4881);
#11=SHAPE_REPRESENTATION_RELATIONSHIP('SRR','None',#4888,#12);
#12=ADVANCED_BREP_SHAPE_REPRESENTATION('',(#15,#16),#4880);
#13=STYLED_ITEM('',(#4898),#15);
#14=STYLED_ITEM('',(#4898),#16);
#15=MANIFOLD_SOLID_BREP('BODY',#3014);
#16=MANIFOLD_SOLID_BREP('BODY',#3015);
#17=CONICAL_SURFACE('',#3128,3.,0.785398163397448);
#18=CONICAL_SURFACE('',#3132,3.,0.785398163397448);
#19=CONICAL_SURFACE('',#3136,3.,0.785398163397448);
#20=CONICAL_SURFACE('',#3140,3.,0.785398163397448);
#21=CYLINDRICAL_SURFACE('',#3114,4.);
#22=CYLINDRICAL_SURFACE('',#3116,4.);
#23=CYLINDRICAL_SURFACE('',#3119,4.);
#24=CYLINDRICAL_SURFACE('',#3122,4.);
#25=CYLINDRICAL_SURFACE('',#3125,4.);
#26=CYLINDRICAL_SURFACE('',#3143,4.);
#27=CYLINDRICAL_SURFACE('',#3150,4.);
#28=CYLINDRICAL_SURFACE('',#3155,4.);
#29=CYLINDRICAL_SURFACE('',#3157,4.);
#30=CYLINDRICAL_SURFACE('',#3161,4.);
#31=CYLINDRICAL_SURFACE('',#3162,4.);
#32=CYLINDRICAL_SURFACE('',#3167,4.);
#33=CYLINDRICAL_SURFACE('',#3168,1.525);
#34=CYLINDRICAL_SURFACE('',#3211,1.8);
#35=CYLINDRICAL_SURFACE('',#3213,1.8);
#36=CYLINDRICAL_SURFACE('',#3214,2.47170336824847);
#37=CYLINDRICAL_SURFACE('',#3216,2.47170336824847);
#38=CYLINDRICAL_SURFACE('',#3217,1.8);
#39=CYLINDRICAL_SURFACE('',#3219,1.8);
#40=CYLINDRICAL_SURFACE('',#3220,5.99999999999999);
#41=CYLINDRICAL_SURFACE('',#3222,5.99999999999999);
#42=CYLINDRICAL_SURFACE('',#3240,1.525);
#43=FACE_BOUND('',#331,.T.);
#44=FACE_BOUND('',#332,.T.);
#45=FACE_BOUND('',#333,.T.);
#46=FACE_BOUND('',#334,.T.);
#47=FACE_BOUND('',#335,.T.);
#48=FACE_BOUND('',#336,.T.);
#49=FACE_BOUND('',#337,.T.);
#50=FACE_BOUND('',#344,.T.);
#51=FACE_BOUND('',#345,.T.);
#52=FACE_BOUND('',#346,.T.);
#53=FACE_BOUND('',#347,.T.);
#54=FACE_BOUND('',#348,.T.);
#55=FACE_BOUND('',#349,.T.);
#56=FACE_BOUND('',#350,.T.);
#57=FACE_BOUND('',#371,.T.);
#58=FACE_BOUND('',#372,.T.);
#59=FACE_BOUND('',#373,.T.);
#60=FACE_BOUND('',#374,.T.);
#61=FACE_BOUND('',#375,.T.);
#62=FACE_BOUND('',#379,.T.);
#63=FACE_BOUND('',#380,.T.);
#64=FACE_BOUND('',#384,.T.);
#65=FACE_BOUND('',#388,.T.);
#66=FACE_BOUND('',#396,.T.);
#67=FACE_BOUND('',#451,.T.);
#68=FACE_BOUND('',#452,.T.);
#69=FACE_BOUND('',#453,.T.);
#70=FACE_BOUND('',#454,.T.);
#71=FACE_BOUND('',#455,.T.);
#72=FACE_BOUND('',#457,.T.);
#73=FACE_BOUND('',#459,.T.);
#74=CIRCLE('',#3079,4.);
#75=CIRCLE('',#3084,4.);
#76=CIRCLE('',#3086,4.);
#77=CIRCLE('',#3088,4.);
#78=CIRCLE('',#3092,4.);
#79=CIRCLE('',#3094,4.);
#80=CIRCLE('',#3096,1.8);
#81=CIRCLE('',#3097,2.47170336824847);
#82=CIRCLE('',#3098,1.8);
#83=CIRCLE('',#3099,5.99999999999999);
#84=CIRCLE('',#3102,4.);
#85=CIRCLE('',#3105,4.);
#86=CIRCLE('',#3108,5.99999999999999);
#87=CIRCLE('',#3109,1.8);
#88=CIRCLE('',#3110,2.47170336824847);
#89=CIRCLE('',#3111,1.8);
#90=CIRCLE('',#3115,4.);
#91=CIRCLE('',#3117,4.);
#92=CIRCLE('',#3120,4.);
#93=CIRCLE('',#3123,4.);
#94=CIRCLE('',#3126,4.);
#95=CIRCLE('',#3129,4.);
#96=CIRCLE('',#3130,2.);
#97=CIRCLE('',#3133,4.);
#98=CIRCLE('',#3134,2.);
#99=CIRCLE('',#3137,4.);
#100=CIRCLE('',#3138,2.);
#101=CIRCLE('',#3141,4.);
#102=CIRCLE('',#3142,2.);
#103=CIRCLE('',#3144,4.);
#104=CIRCLE('',#3146,5.99999999999999);
#105=CIRCLE('',#3147,1.8);
#106=CIRCLE('',#3148,2.47170336824847);
#107=CIRCLE('',#3149,1.8);
#108=CIRCLE('',#3151,4.);
#109=CIRCLE('',#3154,1.525);
#110=CIRCLE('',#3156,4.);
#111=CIRCLE('',#3158,4.);
#112=CIRCLE('',#3160,4.);
#113=CIRCLE('',#3163,4.);
#114=CIRCLE('',#3165,4.);
#115=CIRCLE('',#3169,1.525);
#116=CIRCLE('',#3212,1.8);
#117=CIRCLE('',#3215,2.47170336824847);
#118=CIRCLE('',#3218,1.8);
#119=CIRCLE('',#3221,5.99999999999999);
#120=CIRCLE('',#3233,1.525);
#121=CIRCLE('',#3235,1.525);
#122=FACE_OUTER_BOUND('',#278,.T.);
#123=FACE_OUTER_BOUND('',#279,.T.);
#124=FACE_OUTER_BOUND('',#280,.T.);
#125=FACE_OUTER_BOUND('',#281,.T.);
#126=FACE_OUTER_BOUND('',#282,.T.);
#127=FACE_OUTER_BOUND('',#283,.T.);
#128=FACE_OUTER_BOUND('',#284,.T.);
#129=FACE_OUTER_BOUND('',#285,.T.);
#130=FACE_OUTER_BOUND('',#286,.T.);
#131=FACE_OUTER_BOUND('',#287,.T.);
#132=FACE_OUTER_BOUND('',#288,.T.);
#133=FACE_OUTER_BOUND('',#289,.T.);
#134=FACE_OUTER_BOUND('',#290,.T.);
#135=FACE_OUTER_BOUND('',#291,.T.);
#136=FACE_OUTER_BOUND('',#292,.T.);
#137=FACE_OUTER_BOUND('',#293,.T.);
#138=FACE_OUTER_BOUND('',#294,.T.);
#139=FACE_OUTER_BOUND('',#295,.T.);
#140=FACE_OUTER_BOUND('',#296,.T.);
#141=FACE_OUTER_BOUND('',#297,.T.);
#142=FACE_OUTER_BOUND('',#298,.T.);
#143=FACE_OUTER_BOUND('',#299,.T.);
#144=FACE_OUTER_BOUND('',#300,.T.);
#145=FACE_OUTER_BOUND('',#301,.T.);
#146=FACE_OUTER_BOUND('',#302,.T.);
#147=FACE_OUTER_BOUND('',#303,.T.);
#148=FACE_OUTER_BOUND('',#304,.T.);
#149=FACE_OUTER_BOUND('',#305,.T.);
#150=FACE_OUTER_BOUND('',#306,.T.);
#151=FACE_OUTER_BOUND('',#307,.T.);
#152=FACE_OUTER_BOUND('',#308,.T.);
#153=FACE_OUTER_BOUND('',#309,.T.);
#154=FACE_OUTER_BOUND('',#310,.T.);
#155=FACE_OUTER_BOUND('',#311,.T.);
#156=FACE_OUTER_BOUND('',#312,.T.);
#157=FACE_OUTER_BOUND('',#313,.T.);
#158=FACE_OUTER_BOUND('',#314,.T.);
#159=FACE_OUTER_BOUND('',#315,.T.);
#160=FACE_OUTER_BOUND('',#316,.T.);
#161=FACE_OUTER_BOUND('',#317,.T.);
#162=FACE_OUTER_BOUND('',#318,.T.);
#163=FACE_OUTER_BOUND('',#319,.T.);
#164=FACE_OUTER_BOUND('',#320,.T.);
#165=FACE_OUTER_BOUND('',#321,.T.);
#166=FACE_OUTER_BOUND('',#322,.T.);
#167=FACE_OUTER_BOUND('',#323,.T.);
#168=FACE_OUTER_BOUND('',#324,.T.);
#169=FACE_OUTER_BOUND('',#325,.T.);
#170=FACE_OUTER_BOUND('',#326,.T.);
#171=FACE_OUTER_BOUND('',#327,.T.);
#172=FACE_OUTER_BOUND('',#328,.T.);
#173=FACE_OUTER_BOUND('',#329,.T.);
#174=FACE_OUTER_BOUND('',#330,.T.);
#175=FACE_OUTER_BOUND('',#338,.T.);
#176=FACE_OUTER_BOUND('',#339,.T.);
#177=FACE_OUTER_BOUND('',#340,.T.);
#178=FACE_OUTER_BOUND('',#341,.T.);
#179=FACE_OUTER_BOUND('',#342,.T.);
#180=FACE_OUTER_BOUND('',#343,.T.);
#181=FACE_OUTER_BOUND('',#351,.T.);
#182=FACE_OUTER_BOUND('',#352,.T.);
#183=FACE_OUTER_BOUND('',#353,.T.);
#184=FACE_OUTER_BOUND('',#354,.T.);
#185=FACE_OUTER_BOUND('',#355,.T.);
#186=FACE_OUTER_BOUND('',#356,.T.);
#187=FACE_OUTER_BOUND('',#357,.T.);
#188=FACE_OUTER_BOUND('',#358,.T.);
#189=FACE_OUTER_BOUND('',#359,.T.);
#190=FACE_OUTER_BOUND('',#360,.T.);
#191=FACE_OUTER_BOUND('',#361,.T.);
#192=FACE_OUTER_BOUND('',#362,.T.);
#193=FACE_OUTER_BOUND('',#363,.T.);
#194=FACE_OUTER_BOUND('',#364,.T.);
#195=FACE_OUTER_BOUND('',#365,.T.);
#196=FACE_OUTER_BOUND('',#366,.T.);
#197=FACE_OUTER_BOUND('',#367,.T.);
#198=FACE_OUTER_BOUND('',#368,.T.);
#199=FACE_OUTER_BOUND('',#369,.T.);
#200=FACE_OUTER_BOUND('',#370,.T.);
#201=FACE_OUTER_BOUND('',#376,.T.);
#202=FACE_OUTER_BOUND('',#377,.T.);
#203=FACE_OUTER_BOUND('',#378,.T.);
#204=FACE_OUTER_BOUND('',#381,.T.);
#205=FACE_OUTER_BOUND('',#382,.T.);
#206=FACE_OUTER_BOUND('',#383,.T.);
#207=FACE_OUTER_BOUND('',#385,.T.);
#208=FACE_OUTER_BOUND('',#386,.T.);
#209=FACE_OUTER_BOUND('',#387,.T.);
#210=FACE_OUTER_BOUND('',#389,.T.);
#211=FACE_OUTER_BOUND('',#390,.T.);
#212=FACE_OUTER_BOUND('',#391,.T.);
#213=FACE_OUTER_BOUND('',#392,.T.);
#214=FACE_OUTER_BOUND('',#393,.T.);
#215=FACE_OUTER_BOUND('',#394,.T.);
#216=FACE_OUTER_BOUND('',#395,.T.);
#217=FACE_OUTER_BOUND('',#397,.T.);
#218=FACE_OUTER_BOUND('',#398,.T.);
#219=FACE_OUTER_BOUND('',#399,.T.);
#220=FACE_OUTER_BOUND('',#400,.T.);
#221=FACE_OUTER_BOUND('',#401,.T.);
#222=FACE_OUTER_BOUND('',#402,.T.);
#223=FACE_OUTER_BOUND('',#403,.T.);
#224=FACE_OUTER_BOUND('',#404,.T.);
#225=FACE_OUTER_BOUND('',#405,.T.);
#226=FACE_OUTER_BOUND('',#406,.T.);
#227=FACE_OUTER_BOUND('',#407,.T.);
#228=FACE_OUTER_BOUND('',#408,.T.);
#229=FACE_OUTER_BOUND('',#409,.T.);
#230=FACE_OUTER_BOUND('',#410,.T.);
#231=FACE_OUTER_BOUND('',#411,.T.);
#232=FACE_OUTER_BOUND('',#412,.T.);
#233=FACE_OUTER_BOUND('',#413,.T.);
#234=FACE_OUTER_BOUND('',#414,.T.);
#235=FACE_OUTER_BOUND('',#415,.T.);
#236=FACE_OUTER_BOUND('',#416,.T.);
#237=FACE_OUTER_BOUND('',#417,.T.);
#238=FACE_OUTER_BOUND('',#418,.T.);
#239=FACE_OUTER_BOUND('',#419,.T.);
#240=FACE_OUTER_BOUND('',#420,.T.);
#241=FACE_OUTER_BOUND('',#421,.T.);
#242=FACE_OUTER_BOUND('',#422,.T.);
#243=FACE_OUTER_BOUND('',#423,.T.);
#244=FACE_OUTER_BOUND('',#424,.T.);
#245=FACE_OUTER_BOUND('',#425,.T.);
#246=FACE_OUTER_BOUND('',#426,.T.);
#247=FACE_OUTER_BOUND('',#427,.T.);
#248=FACE_OUTER_BOUND('',#428,.T.);
#249=FACE_OUTER_BOUND('',#429,.T.);
#250=FACE_OUTER_BOUND('',#430,.T.);
#251=FACE_OUTER_BOUND('',#431,.T.);
#252=FACE_OUTER_BOUND('',#432,.T.);
#253=FACE_OUTER_BOUND('',#433,.T.);
#254=FACE_OUTER_BOUND('',#434,.T.);
#255=FACE_OUTER_BOUND('',#435,.T.);
#256=FACE_OUTER_BOUND('',#436,.T.);
#257=FACE_OUTER_BOUND('',#437,.T.);
#258=FACE_OUTER_BOUND('',#438,.T.);
#259=FACE_OUTER_BOUND('',#439,.T.);
#260=FACE_OUTER_BOUND('',#440,.T.);
#261=FACE_OUTER_BOUND('',#441,.T.);
#262=FACE_OUTER_BOUND('',#442,.T.);
#263=FACE_OUTER_BOUND('',#443,.T.);
#264=FACE_OUTER_BOUND('',#444,.T.);
#265=FACE_OUTER_BOUND('',#445,.T.);
#266=FACE_OUTER_BOUND('',#446,.T.);
#267=FACE_OUTER_BOUND('',#447,.T.);
#268=FACE_OUTER_BOUND('',#448,.T.);
#269=FACE_OUTER_BOUND('',#449,.T.);
#270=FACE_OUTER_BOUND('',#450,.T.);
#271=FACE_OUTER_BOUND('',#456,.T.);
#272=FACE_OUTER_BOUND('',#458,.T.);
#273=FACE_OUTER_BOUND('',#460,.T.);
#274=FACE_OUTER_BOUND('',#461,.T.);
#275=FACE_OUTER_BOUND('',#462,.T.);
#276=FACE_OUTER_BOUND('',#463,.T.);
#277=FACE_OUTER_BOUND('',#464,.T.);
#278=EDGE_LOOP('',(#1890,#1891,#1892,#1893,#1894));
#279=EDGE_LOOP('',(#1895,#1896,#1897,#1898));
#280=EDGE_LOOP('',(#1899,#1900,#1901,#1902,#1903));
#281=EDGE_LOOP('',(#1904,#1905,#1906,#1907));
#282=EDGE_LOOP('',(#1908,#1909,#1910,#1911));
#283=EDGE_LOOP('',(#1912,#1913,#1914,#1915));
#284=EDGE_LOOP('',(#1916,#1917,#1918,#1919,#1920));
#285=EDGE_LOOP('',(#1921,#1922,#1923,#1924));
#286=EDGE_LOOP('',(#1925,#1926,#1927,#1928,#1929));
#287=EDGE_LOOP('',(#1930,#1931,#1932,#1933));
#288=EDGE_LOOP('',(#1934,#1935,#1936,#1937));
#289=EDGE_LOOP('',(#1938,#1939,#1940,#1941));
#290=EDGE_LOOP('',(#1942,#1943,#1944,#1945,#1946));
#291=EDGE_LOOP('',(#1947,#1948,#1949,#1950));
#292=EDGE_LOOP('',(#1951,#1952,#1953,#1954,#1955));
#293=EDGE_LOOP('',(#1956,#1957,#1958,#1959));
#294=EDGE_LOOP('',(#1960,#1961,#1962,#1963));
#295=EDGE_LOOP('',(#1964,#1965,#1966,#1967));
#296=EDGE_LOOP('',(#1968,#1969,#1970,#1971,#1972));
#297=EDGE_LOOP('',(#1973,#1974,#1975,#1976));
#298=EDGE_LOOP('',(#1977,#1978,#1979,#1980,#1981));
#299=EDGE_LOOP('',(#1982,#1983,#1984,#1985));
#300=EDGE_LOOP('',(#1986,#1987,#1988,#1989));
#301=EDGE_LOOP('',(#1990,#1991,#1992,#1993));
#302=EDGE_LOOP('',(#1994,#1995,#1996,#1997));
#303=EDGE_LOOP('',(#1998,#1999,#2000,#2001));
#304=EDGE_LOOP('',(#2002,#2003,#2004,#2005));
#305=EDGE_LOOP('',(#2006,#2007,#2008,#2009));
#306=EDGE_LOOP('',(#2010,#2011,#2012,#2013));
#307=EDGE_LOOP('',(#2014,#2015,#2016,#2017));
#308=EDGE_LOOP('',(#2018,#2019,#2020,#2021));
#309=EDGE_LOOP('',(#2022,#2023,#2024,#2025));
#310=EDGE_LOOP('',(#2026,#2027,#2028,#2029));
#311=EDGE_LOOP('',(#2030,#2031,#2032,#2033));
#312=EDGE_LOOP('',(#2034,#2035,#2036,#2037));
#313=EDGE_LOOP('',(#2038,#2039,#2040,#2041));
#314=EDGE_LOOP('',(#2042,#2043,#2044,#2045));
#315=EDGE_LOOP('',(#2046,#2047,#2048,#2049));
#316=EDGE_LOOP('',(#2050,#2051,#2052,#2053,#2054,#2055,#2056,#2057));
#317=EDGE_LOOP('',(#2058,#2059,#2060,#2061));
#318=EDGE_LOOP('',(#2062,#2063,#2064,#2065));
#319=EDGE_LOOP('',(#2066,#2067,#2068,#2069,#2070,#2071));
#320=EDGE_LOOP('',(#2072,#2073,#2074,#2075));
#321=EDGE_LOOP('',(#2076,#2077,#2078,#2079));
#322=EDGE_LOOP('',(#2080,#2081,#2082,#2083,#2084,#2085,#2086,#2087));
#323=EDGE_LOOP('',(#2088,#2089,#2090,#2091));
#324=EDGE_LOOP('',(#2092,#2093,#2094,#2095));
#325=EDGE_LOOP('',(#2096,#2097,#2098,#2099));
#326=EDGE_LOOP('',(#2100,#2101,#2102,#2103));
#327=EDGE_LOOP('',(#2104,#2105,#2106,#2107));
#328=EDGE_LOOP('',(#2108,#2109,#2110,#2111,#2112,#2113));
#329=EDGE_LOOP('',(#2114,#2115,#2116,#2117));
#330=EDGE_LOOP('',(#2118,#2119,#2120,#2121,#2122,#2123,#2124,#2125,#2126,
#2127,#2128,#2129,#2130,#2131,#2132,#2133,#2134,#2135));
#331=EDGE_LOOP('',(#2136,#2137,#2138,#2139,#2140,#2141,#2142));
#332=EDGE_LOOP('',(#2143,#2144,#2145,#2146,#2147,#2148,#2149));
#333=EDGE_LOOP('',(#2150));
#334=EDGE_LOOP('',(#2151));
#335=EDGE_LOOP('',(#2152));
#336=EDGE_LOOP('',(#2153));
#337=EDGE_LOOP('',(#2154,#2155,#2156,#2157));
#338=EDGE_LOOP('',(#2158,#2159,#2160,#2161,#2162,#2163,#2164,#2165));
#339=EDGE_LOOP('',(#2166,#2167,#2168,#2169,#2170,#2171));
#340=EDGE_LOOP('',(#2172,#2173,#2174,#2175,#2176,#2177,#2178,#2179,#2180,
#2181,#2182,#2183,#2184,#2185,#2186,#2187,#2188,#2189));
#341=EDGE_LOOP('',(#2190,#2191,#2192,#2193,#2194,#2195));
#342=EDGE_LOOP('',(#2196,#2197,#2198,#2199,#2200,#2201,#2202,#2203,#2204,
#2205,#2206,#2207,#2208,#2209,#2210,#2211,#2212,#2213));
#343=EDGE_LOOP('',(#2214,#2215,#2216,#2217,#2218,#2219,#2220,#2221,#2222,
#2223,#2224,#2225,#2226,#2227,#2228,#2229,#2230,#2231));
#344=EDGE_LOOP('',(#2232,#2233,#2234,#2235,#2236,#2237,#2238));
#345=EDGE_LOOP('',(#2239,#2240,#2241,#2242,#2243,#2244,#2245));
#346=EDGE_LOOP('',(#2246,#2247,#2248,#2249));
#347=EDGE_LOOP('',(#2250));
#348=EDGE_LOOP('',(#2251));
#349=EDGE_LOOP('',(#2252));
#350=EDGE_LOOP('',(#2253));
#351=EDGE_LOOP('',(#2254,#2255,#2256,#2257,#2258,#2259,#2260,#2261));
#352=EDGE_LOOP('',(#2262,#2263,#2264,#2265));
#353=EDGE_LOOP('',(#2266,#2267,#2268,#2269));
#354=EDGE_LOOP('',(#2270,#2271,#2272,#2273,#2274,#2275));
#355=EDGE_LOOP('',(#2276,#2277,#2278,#2279));
#356=EDGE_LOOP('',(#2280,#2281,#2282,#2283));
#357=EDGE_LOOP('',(#2284,#2285,#2286,#2287));
#358=EDGE_LOOP('',(#2288,#2289,#2290,#2291));
#359=EDGE_LOOP('',(#2292,#2293,#2294,#2295));
#360=EDGE_LOOP('',(#2296,#2297,#2298,#2299));
#361=EDGE_LOOP('',(#2300,#2301,#2302,#2303));
#362=EDGE_LOOP('',(#2304,#2305,#2306,#2307));
#363=EDGE_LOOP('',(#2308,#2309,#2310,#2311));
#364=EDGE_LOOP('',(#2312,#2313,#2314,#2315));
#365=EDGE_LOOP('',(#2316,#2317,#2318,#2319));
#366=EDGE_LOOP('',(#2320,#2321,#2322,#2323));
#367=EDGE_LOOP('',(#2324,#2325,#2326,#2327));
#368=EDGE_LOOP('',(#2328,#2329,#2330,#2331));
#369=EDGE_LOOP('',(#2332,#2333,#2334,#2335));
#370=EDGE_LOOP('',(#2336,#2337,#2338,#2339));
#371=EDGE_LOOP('',(#2340,#2341,#2342,#2343));
#372=EDGE_LOOP('',(#2344));
#373=EDGE_LOOP('',(#2345));
#374=EDGE_LOOP('',(#2346));
#375=EDGE_LOOP('',(#2347));
#376=EDGE_LOOP('',(#2348,#2349,#2350,#2351));
#377=EDGE_LOOP('',(#2352,#2353,#2354,#2355));
#378=EDGE_LOOP('',(#2356,#2357,#2358,#2359,#2360,#2361,#2362,#2363));
#379=EDGE_LOOP('',(#2364,#2365,#2366,#2367,#2368,#2369,#2370,#2371,#2372,
#2373));
#380=EDGE_LOOP('',(#2374));
#381=EDGE_LOOP('',(#2375,#2376,#2377,#2378,#2379,#2380));
#382=EDGE_LOOP('',(#2381,#2382,#2383,#2384,#2385,#2386));
#383=EDGE_LOOP('',(#2387,#2388,#2389,#2390,#2391,#2392,#2393,#2394));
#384=EDGE_LOOP('',(#2395,#2396,#2397,#2398,#2399));
#385=EDGE_LOOP('',(#2400,#2401,#2402,#2403,#2404,#2405));
#386=EDGE_LOOP('',(#2406,#2407,#2408,#2409));
#387=EDGE_LOOP('',(#2410,#2411,#2412,#2413,#2414,#2415,#2416,#2417));
#388=EDGE_LOOP('',(#2418,#2419,#2420,#2421,#2422,#2423,#2424,#2425));
#389=EDGE_LOOP('',(#2426,#2427,#2428,#2429));
#390=EDGE_LOOP('',(#2430,#2431,#2432,#2433));
#391=EDGE_LOOP('',(#2434,#2435,#2436,#2437));
#392=EDGE_LOOP('',(#2438,#2439,#2440,#2441));
#393=EDGE_LOOP('',(#2442,#2443,#2444,#2445));
#394=EDGE_LOOP('',(#2446,#2447,#2448,#2449));
#395=EDGE_LOOP('',(#2450,#2451,#2452,#2453));
#396=EDGE_LOOP('',(#2454));
#397=EDGE_LOOP('',(#2455,#2456,#2457,#2458,#2459));
#398=EDGE_LOOP('',(#2460,#2461,#2462));
#399=EDGE_LOOP('',(#2463,#2464,#2465,#2466,#2467,#2468,#2469));
#400=EDGE_LOOP('',(#2470,#2471,#2472,#2473,#2474,#2475,#2476,#2477));
#401=EDGE_LOOP('',(#2478,#2479,#2480,#2481));
#402=EDGE_LOOP('',(#2482,#2483,#2484,#2485));
#403=EDGE_LOOP('',(#2486,#2487,#2488,#2489));
#404=EDGE_LOOP('',(#2490,#2491,#2492,#2493));
#405=EDGE_LOOP('',(#2494,#2495,#2496,#2497));
#406=EDGE_LOOP('',(#2498,#2499,#2500,#2501));
#407=EDGE_LOOP('',(#2502,#2503,#2504,#2505));
#408=EDGE_LOOP('',(#2506,#2507,#2508,#2509));
#409=EDGE_LOOP('',(#2510,#2511,#2512,#2513,#2514,#2515,#2516));
#410=EDGE_LOOP('',(#2517,#2518,#2519,#2520));
#411=EDGE_LOOP('',(#2521,#2522,#2523,#2524));
#412=EDGE_LOOP('',(#2525,#2526,#2527,#2528));
#413=EDGE_LOOP('',(#2529,#2530,#2531,#2532));
#414=EDGE_LOOP('',(#2533,#2534,#2535,#2536));
#415=EDGE_LOOP('',(#2537,#2538,#2539,#2540));
#416=EDGE_LOOP('',(#2541,#2542,#2543,#2544));
#417=EDGE_LOOP('',(#2545,#2546,#2547,#2548,#2549,#2550,#2551));
#418=EDGE_LOOP('',(#2552,#2553,#2554,#2555));
#419=EDGE_LOOP('',(#2556,#2557,#2558,#2559));
#420=EDGE_LOOP('',(#2560,#2561,#2562,#2563));
#421=EDGE_LOOP('',(#2564,#2565,#2566,#2567));
#422=EDGE_LOOP('',(#2568,#2569,#2570,#2571));
#423=EDGE_LOOP('',(#2572,#2573,#2574,#2575));
#424=EDGE_LOOP('',(#2576,#2577,#2578,#2579));
#425=EDGE_LOOP('',(#2580,#2581,#2582,#2583,#2584,#2585,#2586));
#426=EDGE_LOOP('',(#2587,#2588,#2589,#2590));
#427=EDGE_LOOP('',(#2591,#2592,#2593,#2594));
#428=EDGE_LOOP('',(#2595,#2596,#2597,#2598));
#429=EDGE_LOOP('',(#2599,#2600,#2601,#2602));
#430=EDGE_LOOP('',(#2603,#2604,#2605,#2606));
#431=EDGE_LOOP('',(#2607,#2608,#2609,#2610));
#432=EDGE_LOOP('',(#2611,#2612,#2613,#2614));
#433=EDGE_LOOP('',(#2615,#2616,#2617,#2618,#2619,#2620,#2621));
#434=EDGE_LOOP('',(#2622,#2623,#2624,#2625));
#435=EDGE_LOOP('',(#2626,#2627,#2628,#2629));
#436=EDGE_LOOP('',(#2630,#2631,#2632,#2633));
#437=EDGE_LOOP('',(#2634,#2635,#2636,#2637));
#438=EDGE_LOOP('',(#2638,#2639,#2640,#2641));
#439=EDGE_LOOP('',(#2642,#2643,#2644,#2645));
#440=EDGE_LOOP('',(#2646,#2647,#2648,#2649));
#441=EDGE_LOOP('',(#2650,#2651,#2652,#2653));
#442=EDGE_LOOP('',(#2654,#2655,#2656,#2657));
#443=EDGE_LOOP('',(#2658,#2659,#2660,#2661));
#444=EDGE_LOOP('',(#2662,#2663,#2664,#2665));
#445=EDGE_LOOP('',(#2666,#2667,#2668,#2669));
#446=EDGE_LOOP('',(#2670,#2671,#2672,#2673));
#447=EDGE_LOOP('',(#2674,#2675,#2676,#2677));
#448=EDGE_LOOP('',(#2678,#2679,#2680,#2681));
#449=EDGE_LOOP('',(#2682,#2683,#2684,#2685));
#450=EDGE_LOOP('',(#2686,#2687,#2688,#2689));
#451=EDGE_LOOP('',(#2690,#2691,#2692,#2693));
#452=EDGE_LOOP('',(#2694));
#453=EDGE_LOOP('',(#2695));
#454=EDGE_LOOP('',(#2696));
#455=EDGE_LOOP('',(#2697));
#456=EDGE_LOOP('',(#2698,#2699,#2700,#2701));
#457=EDGE_LOOP('',(#2702));
#458=EDGE_LOOP('',(#2703,#2704,#2705,#2706));
#459=EDGE_LOOP('',(#2707));
#460=EDGE_LOOP('',(#2708,#2709,#2710,#2711));
#461=EDGE_LOOP('',(#2712,#2713,#2714,#2715));
#462=EDGE_LOOP('',(#2716,#2717,#2718,#2719));
#463=EDGE_LOOP('',(#2720,#2721,#2722,#2723));
#464=EDGE_LOOP('',(#2724,#2725,#2726,#2727));
#465=ELLIPSE('',#3030,4.32956880116957,4.);
#466=ELLIPSE('',#3033,4.32956880116958,4.);
#467=ELLIPSE('',#3038,4.32956880116957,4.);
#468=ELLIPSE('',#3041,4.32956880116957,4.);
#469=ELLIPSE('',#3046,4.32956880116957,4.);
#470=ELLIPSE('',#3049,4.32956880116958,4.);
#471=ELLIPSE('',#3054,4.32956880116957,4.);
#472=ELLIPSE('',#3057,4.32956880116957,4.);
#473=LINE('',#4034,#836);
#474=LINE('',#4036,#837);
#475=LINE('',#4040,#838);
#476=LINE('',#4041,#839);
#477=LINE('',#4044,#840);
#478=LINE('',#4046,#841);
#479=LINE('',#4047,#842);
#480=LINE('',#4050,#843);
#481=LINE('',#4054,#844);
#482=LINE('',#4055,#845);
#483=LINE('',#4058,#846);
#484=LINE('',#4060,#847);
#485=LINE('',#4061,#848);
#486=LINE('',#4064,#849);
#487=LINE('',#4065,#850);
#488=LINE('',#4068,#851);
#489=LINE('',#4069,#852);
#490=LINE('',#4073,#853);
#491=LINE('',#4075,#854);
#492=LINE('',#4079,#855);
#493=LINE('',#4080,#856);
#494=LINE('',#4083,#857);
#495=LINE('',#4085,#858);
#496=LINE('',#4086,#859);
#497=LINE('',#4089,#860);
#498=LINE('',#4093,#861);
#499=LINE('',#4094,#862);
#500=LINE('',#4097,#863);
#501=LINE('',#4099,#864);
#502=LINE('',#4100,#865);
#503=LINE('',#4103,#866);
#504=LINE('',#4104,#867);
#505=LINE('',#4107,#868);
#506=LINE('',#4108,#869);
#507=LINE('',#4112,#870);
#508=LINE('',#4114,#871);
#509=LINE('',#4118,#872);
#510=LINE('',#4119,#873);
#511=LINE('',#4122,#874);
#512=LINE('',#4124,#875);
#513=LINE('',#4125,#876);
#514=LINE('',#4128,#877);
#515=LINE('',#4132,#878);
#516=LINE('',#4133,#879);
#517=LINE('',#4136,#880);
#518=LINE('',#4138,#881);
#519=LINE('',#4139,#882);
#520=LINE('',#4142,#883);
#521=LINE('',#4143,#884);
#522=LINE('',#4146,#885);
#523=LINE('',#4147,#886);
#524=LINE('',#4151,#887);
#525=LINE('',#4153,#888);
#526=LINE('',#4157,#889);
#527=LINE('',#4158,#890);
#528=LINE('',#4161,#891);
#529=LINE('',#4163,#892);
#530=LINE('',#4164,#893);
#531=LINE('',#4167,#894);
#532=LINE('',#4171,#895);
#533=LINE('',#4172,#896);
#534=LINE('',#4175,#897);
#535=LINE('',#4177,#898);
#536=LINE('',#4178,#899);
#537=LINE('',#4181,#900);
#538=LINE('',#4182,#901);
#539=LINE('',#4185,#902);
#540=LINE('',#4186,#903);
#541=LINE('',#4189,#904);
#542=LINE('',#4191,#905);
#543=LINE('',#4192,#906);
#544=LINE('',#4195,#907);
#545=LINE('',#4196,#908);
#546=LINE('',#4199,#909);
#547=LINE('',#4200,#910);
#548=LINE('',#4203,#911);
#549=LINE('',#4205,#912);
#550=LINE('',#4206,#913);
#551=LINE('',#4209,#914);
#552=LINE('',#4210,#915);
#553=LINE('',#4213,#916);
#554=LINE('',#4214,#917);
#555=LINE('',#4217,#918);
#556=LINE('',#4219,#919);
#557=LINE('',#4220,#920);
#558=LINE('',#4223,#921);
#559=LINE('',#4224,#922);
#560=LINE('',#4227,#923);
#561=LINE('',#4228,#924);
#562=LINE('',#4231,#925);
#563=LINE('',#4233,#926);
#564=LINE('',#4234,#927);
#565=LINE('',#4237,#928);
#566=LINE('',#4238,#929);
#567=LINE('',#4241,#930);
#568=LINE('',#4242,#931);
#569=LINE('',#4246,#932);
#570=LINE('',#4248,#933);
#571=LINE('',#4250,#934);
#572=LINE('',#4251,#935);
#573=LINE('',#4254,#936);
#574=LINE('',#4256,#937);
#575=LINE('',#4257,#938);
#576=LINE('',#4260,#939);
#577=LINE('',#4261,#940);
#578=LINE('',#4262,#941);
#579=LINE('',#4266,#942);
#580=LINE('',#4268,#943);
#581=LINE('',#4270,#944);
#582=LINE('',#4271,#945);
#583=LINE('',#4274,#946);
#584=LINE('',#4276,#947);
#585=LINE('',#4277,#948);
#586=LINE('',#4280,#949);
#587=LINE('',#4282,#950);
#588=LINE('',#4285,#951);
#589=LINE('',#4289,#952);
#590=LINE('',#4291,#953);
#591=LINE('',#4293,#954);
#592=LINE('',#4294,#955);
#593=LINE('',#4297,#956);
#594=LINE('',#4299,#957);
#595=LINE('',#4300,#958);
#596=LINE('',#4303,#959);
#597=LINE('',#4304,#960);
#598=LINE('',#4305,#961);
#599=LINE('',#4315,#962);
#600=LINE('',#4317,#963);
#601=LINE('',#4319,#964);
#602=LINE('',#4320,#965);
#603=LINE('',#4323,#966);
#604=LINE('',#4325,#967);
#605=LINE('',#4326,#968);
#606=LINE('',#4329,#969);
#607=LINE('',#4331,#970);
#608=LINE('',#4334,#971);
#609=LINE('',#4339,#972);
#610=LINE('',#4340,#973);
#611=LINE('',#4342,#974);
#612=LINE('',#4344,#975);
#613=LINE('',#4346,#976);
#614=LINE('',#4347,#977);
#615=LINE('',#4349,#978);
#616=LINE('',#4350,#979);
#617=LINE('',#4353,#980);
#618=LINE('',#4355,#981);
#619=LINE('',#4357,#982);
#620=LINE('',#4359,#983);
#621=LINE('',#4361,#984);
#622=LINE('',#4363,#985);
#623=LINE('',#4364,#986);
#624=LINE('',#4367,#987);
#625=LINE('',#4369,#988);
#626=LINE('',#4371,#989);
#627=LINE('',#4373,#990);
#628=LINE('',#4375,#991);
#629=LINE('',#4377,#992);
#630=LINE('',#4378,#993);
#631=LINE('',#4389,#994);
#632=LINE('',#4391,#995);
#633=LINE('',#4393,#996);
#634=LINE('',#4394,#997);
#635=LINE('',#4397,#998);
#636=LINE('',#4398,#999);
#637=LINE('',#4403,#1000);
#638=LINE('',#4404,#1001);
#639=LINE('',#4407,#1002);
#640=LINE('',#4408,#1003);
#641=LINE('',#4410,#1004);
#642=LINE('',#4412,#1005);
#643=LINE('',#4413,#1006);
#644=LINE('',#4415,#1007);
#645=LINE('',#4416,#1008);
#646=LINE('',#4418,#1009);
#647=LINE('',#4419,#1010);
#648=LINE('',#4422,#1011);
#649=LINE('',#4426,#1012);
#650=LINE('',#4427,#1013);
#651=LINE('',#4430,#1014);
#652=LINE('',#4432,#1015);
#653=LINE('',#4433,#1016);
#654=LINE('',#4434,#1017);
#655=LINE('',#4436,#1018);
#656=LINE('',#4438,#1019);
#657=LINE('',#4439,#1020);
#658=LINE('',#4440,#1021);
#659=LINE('',#4443,#1022);
#660=LINE('',#4445,#1023);
#661=LINE('',#4446,#1024);
#662=LINE('',#4447,#1025);
#663=LINE('',#4449,#1026);
#664=LINE('',#4451,#1027);
#665=LINE('',#4452,#1028);
#666=LINE('',#4455,#1029);
#667=LINE('',#4457,#1030);
#668=LINE('',#4459,#1031);
#669=LINE('',#4461,#1032);
#670=LINE('',#4463,#1033);
#671=LINE('',#4465,#1034);
#672=LINE('',#4466,#1035);
#673=LINE('',#4469,#1036);
#674=LINE('',#4471,#1037);
#675=LINE('',#4473,#1038);
#676=LINE('',#4475,#1039);
#677=LINE('',#4477,#1040);
#678=LINE('',#4479,#1041);
#679=LINE('',#4480,#1042);
#680=LINE('',#4483,#1043);
#681=LINE('',#4485,#1044);
#682=LINE('',#4487,#1045);
#683=LINE('',#4488,#1046);
#684=LINE('',#4498,#1047);
#685=LINE('',#4516,#1048);
#686=LINE('',#4518,#1049);
#687=LINE('',#4520,#1050);
#688=LINE('',#4521,#1051);
#689=LINE('',#4526,#1052);
#690=LINE('',#4530,#1053);
#691=LINE('',#4532,#1054);
#692=LINE('',#4533,#1055);
#693=LINE('',#4538,#1056);
#694=LINE('',#4542,#1057);
#695=LINE('',#4544,#1058);
#696=LINE('',#4545,#1059);
#697=LINE('',#4550,#1060);
#698=LINE('',#4554,#1061);
#699=LINE('',#4556,#1062);
#700=LINE('',#4557,#1063);
#701=LINE('',#4563,#1064);
#702=LINE('',#4566,#1065);
#703=LINE('',#4569,#1066);
#704=LINE('',#4570,#1067);
#705=LINE('',#4573,#1068);
#706=LINE('',#4575,#1069);
#707=LINE('',#4577,#1070);
#708=LINE('',#4578,#1071);
#709=LINE('',#4589,#1072);
#710=LINE('',#4593,#1073);
#711=LINE('',#4594,#1074);
#712=LINE('',#4598,#1075);
#713=LINE('',#4600,#1076);
#714=LINE('',#4602,#1077);
#715=LINE('',#4604,#1078);
#716=LINE('',#4606,#1079);
#717=LINE('',#4608,#1080);
#718=LINE('',#4610,#1081);
#719=LINE('',#4612,#1082);
#720=LINE('',#4614,#1083);
#721=LINE('',#4615,#1084);
#722=LINE('',#4626,#1085);
#723=LINE('',#4628,#1086);
#724=LINE('',#4630,#1087);
#725=LINE('',#4632,#1088);
#726=LINE('',#4633,#1089);
#727=LINE('',#4637,#1090);
#728=LINE('',#4640,#1091);
#729=LINE('',#4642,#1092);
#730=LINE('',#4645,#1093);
#731=LINE('',#4648,#1094);
#732=LINE('',#4651,#1095);
#733=LINE('',#4655,#1096);
#734=LINE('',#4657,#1097);
#735=LINE('',#4658,#1098);
#736=LINE('',#4661,#1099);
#737=LINE('',#4662,#1100);
#738=LINE('',#4665,#1101);
#739=LINE('',#4666,#1102);
#740=LINE('',#4668,#1103);
#741=LINE('',#4671,#1104);
#742=LINE('',#4672,#1105);
#743=LINE('',#4673,#1106);
#744=LINE('',#4675,#1107);
#745=LINE('',#4677,#1108);
#746=LINE('',#4679,#1109);
#747=LINE('',#4683,#1110);
#748=LINE('',#4685,#1111);
#749=LINE('',#4686,#1112);
#750=LINE('',#4689,#1113);
#751=LINE('',#4690,#1114);
#752=LINE('',#4693,#1115);
#753=LINE('',#4694,#1116);
#754=LINE('',#4697,#1117);
#755=LINE('',#4698,#1118);
#756=LINE('',#4701,#1119);
#757=LINE('',#4702,#1120);
#758=LINE('',#4705,#1121);
#759=LINE('',#4706,#1122);
#760=LINE('',#4708,#1123);
#761=LINE('',#4712,#1124);
#762=LINE('',#4714,#1125);
#763=LINE('',#4715,#1126);
#764=LINE('',#4718,#1127);
#765=LINE('',#4719,#1128);
#766=LINE('',#4722,#1129);
#767=LINE('',#4723,#1130);
#768=LINE('',#4726,#1131);
#769=LINE('',#4727,#1132);
#770=LINE('',#4730,#1133);
#771=LINE('',#4731,#1134);
#772=LINE('',#4734,#1135);
#773=LINE('',#4735,#1136);
#774=LINE('',#4737,#1137);
#775=LINE('',#4741,#1138);
#776=LINE('',#4743,#1139);
#777=LINE('',#4744,#1140);
#778=LINE('',#4747,#1141);
#779=LINE('',#4748,#1142);
#780=LINE('',#4751,#1143);
#781=LINE('',#4752,#1144);
#782=LINE('',#4755,#1145);
#783=LINE('',#4756,#1146);
#784=LINE('',#4759,#1147);
#785=LINE('',#4760,#1148);
#786=LINE('',#4763,#1149);
#787=LINE('',#4764,#1150);
#788=LINE('',#4766,#1151);
#789=LINE('',#4770,#1152);
#790=LINE('',#4772,#1153);
#791=LINE('',#4773,#1154);
#792=LINE('',#4776,#1155);
#793=LINE('',#4777,#1156);
#794=LINE('',#4780,#1157);
#795=LINE('',#4781,#1158);
#796=LINE('',#4784,#1159);
#797=LINE('',#4785,#1160);
#798=LINE('',#4788,#1161);
#799=LINE('',#4789,#1162);
#800=LINE('',#4792,#1163);
#801=LINE('',#4793,#1164);
#802=LINE('',#4795,#1165);
#803=LINE('',#4800,#1166);
#804=LINE('',#4802,#1167);
#805=LINE('',#4806,#1168);
#806=LINE('',#4808,#1169);
#807=LINE('',#4812,#1170);
#808=LINE('',#4814,#1171);
#809=LINE('',#4818,#1172);
#810=LINE('',#4820,#1173);
#811=LINE('',#4823,#1174);
#812=LINE('',#4825,#1175);
#813=LINE('',#4826,#1176);
#814=LINE('',#4828,#1177);
#815=LINE('',#4829,#1178);
#816=LINE('',#4832,#1179);
#817=LINE('',#4833,#1180);
#818=LINE('',#4835,#1181);
#819=LINE('',#4838,#1182);
#820=LINE('',#4839,#1183);
#821=LINE('',#4841,#1184);
#822=LINE('',#4843,#1185);
#823=LINE('',#4849,#1186);
#824=LINE('',#4851,#1187);
#825=LINE('',#4853,#1188);
#826=LINE('',#4854,#1189);
#827=LINE('',#4860,#1190);
#828=LINE('',#4862,#1191);
#829=LINE('',#4864,#1192);
#830=LINE('',#4865,#1193);
#831=LINE('',#4869,#1194);
#832=LINE('',#4870,#1195);
#833=LINE('',#4872,#1196);
#834=LINE('',#4874,#1197);
#835=LINE('',#4877,#1198);
#836=VECTOR('',#3245,10.);
#837=VECTOR('',#3246,10.);
#838=VECTOR('',#3249,10.);
#839=VECTOR('',#3250,10.);
#840=VECTOR('',#3253,10.);
#841=VECTOR('',#3254,10.);
#842=VECTOR('',#3255,10.);
#843=VECTOR('',#3258,10.);
#844=VECTOR('',#3261,10.);
#845=VECTOR('',#3262,10.);
#846=VECTOR('',#3265,10.);
#847=VECTOR('',#3266,10.);
#848=VECTOR('',#3267,10.);
#849=VECTOR('',#3270,10.);
#850=VECTOR('',#3271,10.);
#851=VECTOR('',#3274,10.);
#852=VECTOR('',#3275,10.);
#853=VECTOR('',#3278,10.);
#854=VECTOR('',#3279,10.);
#855=VECTOR('',#3282,10.);
#856=VECTOR('',#3283,10.);
#857=VECTOR('',#3286,10.);
#858=VECTOR('',#3287,10.);
#859=VECTOR('',#3288,10.);
#860=VECTOR('',#3291,10.);
#861=VECTOR('',#3294,10.);
#862=VECTOR('',#3295,10.);
#863=VECTOR('',#3298,10.);
#864=VECTOR('',#3299,10.);
#865=VECTOR('',#3300,10.);
#866=VECTOR('',#3303,10.);
#867=VECTOR('',#3304,10.);
#868=VECTOR('',#3307,10.);
#869=VECTOR('',#3308,10.);
#870=VECTOR('',#3311,10.);
#871=VECTOR('',#3312,10.);
#872=VECTOR('',#3315,10.);
#873=VECTOR('',#3316,10.);
#874=VECTOR('',#3319,10.);
#875=VECTOR('',#3320,10.);
#876=VECTOR('',#3321,10.);
#877=VECTOR('',#3324,10.);
#878=VECTOR('',#3327,10.);
#879=VECTOR('',#3328,10.);
#880=VECTOR('',#3331,10.);
#881=VECTOR('',#3332,10.);
#882=VECTOR('',#3333,10.);
#883=VECTOR('',#3336,10.);
#884=VECTOR('',#3337,10.);
#885=VECTOR('',#3340,10.);
#886=VECTOR('',#3341,10.);
#887=VECTOR('',#3344,10.);
#888=VECTOR('',#3345,10.);
#889=VECTOR('',#3348,10.);
#890=VECTOR('',#3349,10.);
#891=VECTOR('',#3352,10.);
#892=VECTOR('',#3353,10.);
#893=VECTOR('',#3354,10.);
#894=VECTOR('',#3357,10.);
#895=VECTOR('',#3360,10.);
#896=VECTOR('',#3361,10.);
#897=VECTOR('',#3364,10.);
#898=VECTOR('',#3365,10.);
#899=VECTOR('',#3366,10.);
#900=VECTOR('',#3369,10.);
#901=VECTOR('',#3370,10.);
#902=VECTOR('',#3373,10.);
#903=VECTOR('',#3374,10.);
#904=VECTOR('',#3377,10.);
#905=VECTOR('',#3378,10.);
#906=VECTOR('',#3379,10.);
#907=VECTOR('',#3382,10.);
#908=VECTOR('',#3383,10.);
#909=VECTOR('',#3386,10.);
#910=VECTOR('',#3387,10.);
#911=VECTOR('',#3390,10.);
#912=VECTOR('',#3391,10.);
#913=VECTOR('',#3392,10.);
#914=VECTOR('',#3395,10.);
#915=VECTOR('',#3396,10.);
#916=VECTOR('',#3399,10.);
#917=VECTOR('',#3400,10.);
#918=VECTOR('',#3403,10.);
#919=VECTOR('',#3404,10.);
#920=VECTOR('',#3405,10.);
#921=VECTOR('',#3408,10.);
#922=VECTOR('',#3409,10.);
#923=VECTOR('',#3412,10.);
#924=VECTOR('',#3413,10.);
#925=VECTOR('',#3416,10.);
#926=VECTOR('',#3417,10.);
#927=VECTOR('',#3418,10.);
#928=VECTOR('',#3421,10.);
#929=VECTOR('',#3422,10.);
#930=VECTOR('',#3425,10.);
#931=VECTOR('',#3426,10.);
#932=VECTOR('',#3429,10.);
#933=VECTOR('',#3430,10.);
#934=VECTOR('',#3431,10.);
#935=VECTOR('',#3432,10.);
#936=VECTOR('',#3435,10.);
#937=VECTOR('',#3436,10.);
#938=VECTOR('',#3437,10.);
#939=VECTOR('',#3440,10.);
#940=VECTOR('',#3441,10.);
#941=VECTOR('',#3442,10.);
#942=VECTOR('',#3445,10.);
#943=VECTOR('',#3446,10.);
#944=VECTOR('',#3447,10.);
#945=VECTOR('',#3448,10.);
#946=VECTOR('',#3451,10.);
#947=VECTOR('',#3452,10.);
#948=VECTOR('',#3453,10.);
#949=VECTOR('',#3456,10.);
#950=VECTOR('',#3457,10.);
#951=VECTOR('',#3460,10.);
#952=VECTOR('',#3463,10.);
#953=VECTOR('',#3464,10.);
#954=VECTOR('',#3465,10.);
#955=VECTOR('',#3466,10.);
#956=VECTOR('',#3469,10.);
#957=VECTOR('',#3470,10.);
#958=VECTOR('',#3471,10.);
#959=VECTOR('',#3474,10.);
#960=VECTOR('',#3475,10.);
#961=VECTOR('',#3476,10.);
#962=VECTOR('',#3491,10.);
#963=VECTOR('',#3492,10.);
#964=VECTOR('',#3493,10.);
#965=VECTOR('',#3494,10.);
#966=VECTOR('',#3497,10.);
#967=VECTOR('',#3498,10.);
#968=VECTOR('',#3499,10.);
#969=VECTOR('',#3502,10.);
#970=VECTOR('',#3503,10.);
#971=VECTOR('',#3506,10.);
#972=VECTOR('',#3513,10.);
#973=VECTOR('',#3514,10.);
#974=VECTOR('',#3515,10.);
#975=VECTOR('',#3516,10.);
#976=VECTOR('',#3517,10.);
#977=VECTOR('',#3518,10.);
#978=VECTOR('',#3519,10.);
#979=VECTOR('',#3520,10.);
#980=VECTOR('',#3521,10.);
#981=VECTOR('',#3522,10.);
#982=VECTOR('',#3523,10.);
#983=VECTOR('',#3524,10.);
#984=VECTOR('',#3525,10.);
#985=VECTOR('',#3526,10.);
#986=VECTOR('',#3527,10.);
#987=VECTOR('',#3528,10.);
#988=VECTOR('',#3529,10.);
#989=VECTOR('',#3530,10.);
#990=VECTOR('',#3531,10.);
#991=VECTOR('',#3532,10.);
#992=VECTOR('',#3533,10.);
#993=VECTOR('',#3534,10.);
#994=VECTOR('',#3543,10.);
#995=VECTOR('',#3544,10.);
#996=VECTOR('',#3545,10.);
#997=VECTOR('',#3546,10.);
#998=VECTOR('',#3549,10.);
#999=VECTOR('',#3550,10.);
#1000=VECTOR('',#3555,10.);
#1001=VECTOR('',#3556,10.);
#1002=VECTOR('',#3559,10.);
#1003=VECTOR('',#3560,10.);
#1004=VECTOR('',#3561,10.);
#1005=VECTOR('',#3562,10.);
#1006=VECTOR('',#3563,10.);
#1007=VECTOR('',#3564,10.);
#1008=VECTOR('',#3565,10.);
#1009=VECTOR('',#3566,10.);
#1010=VECTOR('',#3567,10.);
#1011=VECTOR('',#3570,10.);
#1012=VECTOR('',#3573,10.);
#1013=VECTOR('',#3574,10.);
#1014=VECTOR('',#3577,10.);
#1015=VECTOR('',#3578,10.);
#1016=VECTOR('',#3579,10.);
#1017=VECTOR('',#3580,10.);
#1018=VECTOR('',#3581,10.);
#1019=VECTOR('',#3582,10.);
#1020=VECTOR('',#3583,10.);
#1021=VECTOR('',#3584,10.);
#1022=VECTOR('',#3587,10.);
#1023=VECTOR('',#3588,10.);
#1024=VECTOR('',#3589,10.);
#1025=VECTOR('',#3590,10.);
#1026=VECTOR('',#3591,10.);
#1027=VECTOR('',#3592,10.);
#1028=VECTOR('',#3593,10.);
#1029=VECTOR('',#3594,10.);
#1030=VECTOR('',#3595,10.);
#1031=VECTOR('',#3596,10.);
#1032=VECTOR('',#3597,10.);
#1033=VECTOR('',#3598,10.);
#1034=VECTOR('',#3599,10.);
#1035=VECTOR('',#3600,10.);
#1036=VECTOR('',#3601,10.);
#1037=VECTOR('',#3602,10.);
#1038=VECTOR('',#3603,10.);
#1039=VECTOR('',#3604,10.);
#1040=VECTOR('',#3605,10.);
#1041=VECTOR('',#3606,10.);
#1042=VECTOR('',#3607,10.);
#1043=VECTOR('',#3608,10.);
#1044=VECTOR('',#3609,10.);
#1045=VECTOR('',#3610,10.);
#1046=VECTOR('',#3611,10.);
#1047=VECTOR('',#3622,10.);
#1048=VECTOR('',#3653,10.);
#1049=VECTOR('',#3654,10.);
#1050=VECTOR('',#3655,10.);
#1051=VECTOR('',#3656,10.);
#1052=VECTOR('',#3661,10.);
#1053=VECTOR('',#3666,10.);
#1054=VECTOR('',#3667,10.);
#1055=VECTOR('',#3668,10.);
#1056=VECTOR('',#3673,10.);
#1057=VECTOR('',#3678,10.);
#1058=VECTOR('',#3679,10.);
#1059=VECTOR('',#3680,10.);
#1060=VECTOR('',#3685,10.);
#1061=VECTOR('',#3690,10.);
#1062=VECTOR('',#3691,10.);
#1063=VECTOR('',#3692,10.);
#1064=VECTOR('',#3701,10.);
#1065=VECTOR('',#3704,10.);
#1066=VECTOR('',#3707,10.);
#1067=VECTOR('',#3708,10.);
#1068=VECTOR('',#3709,10.);
#1069=VECTOR('',#3710,10.);
#1070=VECTOR('',#3711,10.);
#1071=VECTOR('',#3712,10.);
#1072=VECTOR('',#3723,10.);
#1073=VECTOR('',#3728,10.);
#1074=VECTOR('',#3729,10.);
#1075=VECTOR('',#3732,10.);
#1076=VECTOR('',#3733,10.);
#1077=VECTOR('',#3734,10.);
#1078=VECTOR('',#3735,10.);
#1079=VECTOR('',#3736,10.);
#1080=VECTOR('',#3737,10.);
#1081=VECTOR('',#3738,10.);
#1082=VECTOR('',#3739,10.);
#1083=VECTOR('',#3740,10.);
#1084=VECTOR('',#3741,10.);
#1085=VECTOR('',#3756,10.);
#1086=VECTOR('',#3757,10.);
#1087=VECTOR('',#3758,10.);
#1088=VECTOR('',#3759,10.);
#1089=VECTOR('',#3760,10.);
#1090=VECTOR('',#3765,10.);
#1091=VECTOR('',#3768,10.);
#1092=VECTOR('',#3771,10.);
#1093=VECTOR('',#3774,10.);
#1094=VECTOR('',#3779,10.);
#1095=VECTOR('',#3782,1.525);
#1096=VECTOR('',#3787,10.);
#1097=VECTOR('',#3788,10.);
#1098=VECTOR('',#3789,10.);
#1099=VECTOR('',#3792,10.);
#1100=VECTOR('',#3793,10.);
#1101=VECTOR('',#3796,10.);
#1102=VECTOR('',#3797,10.);
#1103=VECTOR('',#3800,10.);
#1104=VECTOR('',#3803,10.);
#1105=VECTOR('',#3804,10.);
#1106=VECTOR('',#3805,10.);
#1107=VECTOR('',#3808,10.);
#1108=VECTOR('',#3811,10.);
#1109=VECTOR('',#3814,10.);
#1110=VECTOR('',#3819,10.);
#1111=VECTOR('',#3820,10.);
#1112=VECTOR('',#3821,10.);
#1113=VECTOR('',#3824,10.);
#1114=VECTOR('',#3825,10.);
#1115=VECTOR('',#3828,10.);
#1116=VECTOR('',#3829,10.);
#1117=VECTOR('',#3832,10.);
#1118=VECTOR('',#3833,10.);
#1119=VECTOR('',#3836,10.);
#1120=VECTOR('',#3837,10.);
#1121=VECTOR('',#3840,10.);
#1122=VECTOR('',#3841,10.);
#1123=VECTOR('',#3844,10.);
#1124=VECTOR('',#3849,10.);
#1125=VECTOR('',#3850,10.);
#1126=VECTOR('',#3851,10.);
#1127=VECTOR('',#3854,10.);
#1128=VECTOR('',#3855,10.);
#1129=VECTOR('',#3858,10.);
#1130=VECTOR('',#3859,10.);
#1131=VECTOR('',#3862,10.);
#1132=VECTOR('',#3863,10.);
#1133=VECTOR('',#3866,10.);
#1134=VECTOR('',#3867,10.);
#1135=VECTOR('',#3870,10.);
#1136=VECTOR('',#3871,10.);
#1137=VECTOR('',#3874,10.);
#1138=VECTOR('',#3879,10.);
#1139=VECTOR('',#3880,10.);
#1140=VECTOR('',#3881,10.);
#1141=VECTOR('',#3884,10.);
#1142=VECTOR('',#3885,10.);
#1143=VECTOR('',#3888,10.);
#1144=VECTOR('',#3889,10.);
#1145=VECTOR('',#3892,10.);
#1146=VECTOR('',#3893,10.);
#1147=VECTOR('',#3896,10.);
#1148=VECTOR('',#3897,10.);
#1149=VECTOR('',#3900,10.);
#1150=VECTOR('',#3901,10.);
#1151=VECTOR('',#3904,10.);
#1152=VECTOR('',#3909,10.);
#1153=VECTOR('',#3910,10.);
#1154=VECTOR('',#3911,10.);
#1155=VECTOR('',#3914,10.);
#1156=VECTOR('',#3915,10.);
#1157=VECTOR('',#3918,10.);
#1158=VECTOR('',#3919,10.);
#1159=VECTOR('',#3922,10.);
#1160=VECTOR('',#3923,10.);
#1161=VECTOR('',#3926,10.);
#1162=VECTOR('',#3927,10.);
#1163=VECTOR('',#3930,10.);
#1164=VECTOR('',#3931,10.);
#1165=VECTOR('',#3934,10.);
#1166=VECTOR('',#3941,1.8);
#1167=VECTOR('',#3944,1.8);
#1168=VECTOR('',#3949,2.47170336824847);
#1169=VECTOR('',#3952,2.47170336824847);
#1170=VECTOR('',#3957,1.8);
#1171=VECTOR('',#3960,1.8);
#1172=VECTOR('',#3965,5.99999999999999);
#1173=VECTOR('',#3968,5.99999999999999);
#1174=VECTOR('',#3971,10.);
#1175=VECTOR('',#3972,10.);
#1176=VECTOR('',#3973,10.);
#1177=VECTOR('',#3976,10.);
#1178=VECTOR('',#3977,10.);
#1179=VECTOR('',#3980,10.);
#1180=VECTOR('',#3981,10.);
#1181=VECTOR('',#3984,10.);
#1182=VECTOR('',#3987,10.);
#1183=VECTOR('',#3988,10.);
#1184=VECTOR('',#3991,10.);
#1185=VECTOR('',#3994,10.);
#1186=VECTOR('',#4001,10.);
#1187=VECTOR('',#4002,10.);
#1188=VECTOR('',#4003,10.);
#1189=VECTOR('',#4004,10.);
#1190=VECTOR('',#4009,10.);
#1191=VECTOR('',#4010,10.);
#1192=VECTOR('',#4011,10.);
#1193=VECTOR('',#4012,10.);
#1194=VECTOR('',#4017,10.);
#1195=VECTOR('',#4018,10.);
#1196=VECTOR('',#4021,10.);
#1197=VECTOR('',#4024,10.);
#1198=VECTOR('',#4029,1.525);
#1199=VERTEX_POINT('',#4032);
#1200=VERTEX_POINT('',#4033);
#1201=VERTEX_POINT('',#4035);
#1202=VERTEX_POINT('',#4037);
#1203=VERTEX_POINT('',#4039);
#1204=VERTEX_POINT('',#4043);
#1205=VERTEX_POINT('',#4045);
#1206=VERTEX_POINT('',#4049);
#1207=VERTEX_POINT('',#4051);
#1208=VERTEX_POINT('',#4053);
#1209=VERTEX_POINT('',#4057);
#1210=VERTEX_POINT('',#4059);
#1211=VERTEX_POINT('',#4063);
#1212=VERTEX_POINT('',#4067);
#1213=VERTEX_POINT('',#4071);
#1214=VERTEX_POINT('',#4072);
#1215=VERTEX_POINT('',#4074);
#1216=VERTEX_POINT('',#4076);
#1217=VERTEX_POINT('',#4078);
#1218=VERTEX_POINT('',#4082);
#1219=VERTEX_POINT('',#4084);
#1220=VERTEX_POINT('',#4088);
#1221=VERTEX_POINT('',#4090);
#1222=VERTEX_POINT('',#4092);
#1223=VERTEX_POINT('',#4096);
#1224=VERTEX_POINT('',#4098);
#1225=VERTEX_POINT('',#4102);
#1226=VERTEX_POINT('',#4106);
#1227=VERTEX_POINT('',#4110);
#1228=VERTEX_POINT('',#4111);
#1229=VERTEX_POINT('',#4113);
#1230=VERTEX_POINT('',#4115);
#1231=VERTEX_POINT('',#4117);
#1232=VERTEX_POINT('',#4121);
#1233=VERTEX_POINT('',#4123);
#1234=VERTEX_POINT('',#4127);
#1235=VERTEX_POINT('',#4129);
#1236=VERTEX_POINT('',#4131);
#1237=VERTEX_POINT('',#4135);
#1238=VERTEX_POINT('',#4137);
#1239=VERTEX_POINT('',#4141);
#1240=VERTEX_POINT('',#4145);
#1241=VERTEX_POINT('',#4149);
#1242=VERTEX_POINT('',#4150);
#1243=VERTEX_POINT('',#4152);
#1244=VERTEX_POINT('',#4154);
#1245=VERTEX_POINT('',#4156);
#1246=VERTEX_POINT('',#4160);
#1247=VERTEX_POINT('',#4162);
#1248=VERTEX_POINT('',#4166);
#1249=VERTEX_POINT('',#4168);
#1250=VERTEX_POINT('',#4170);
#1251=VERTEX_POINT('',#4174);
#1252=VERTEX_POINT('',#4176);
#1253=VERTEX_POINT('',#4180);
#1254=VERTEX_POINT('',#4184);
#1255=VERTEX_POINT('',#4188);
#1256=VERTEX_POINT('',#4190);
#1257=VERTEX_POINT('',#4194);
#1258=VERTEX_POINT('',#4198);
#1259=VERTEX_POINT('',#4202);
#1260=VERTEX_POINT('',#4204);
#1261=VERTEX_POINT('',#4208);
#1262=VERTEX_POINT('',#4212);
#1263=VERTEX_POINT('',#4216);
#1264=VERTEX_POINT('',#4218);
#1265=VERTEX_POINT('',#4222);
#1266=VERTEX_POINT('',#4226);
#1267=VERTEX_POINT('',#4230);
#1268=VERTEX_POINT('',#4232);
#1269=VERTEX_POINT('',#4236);
#1270=VERTEX_POINT('',#4240);
#1271=VERTEX_POINT('',#4244);
#1272=VERTEX_POINT('',#4245);
#1273=VERTEX_POINT('',#4247);
#1274=VERTEX_POINT('',#4249);
#1275=VERTEX_POINT('',#4253);
#1276=VERTEX_POINT('',#4255);
#1277=VERTEX_POINT('',#4259);
#1278=VERTEX_POINT('',#4264);
#1279=VERTEX_POINT('',#4265);
#1280=VERTEX_POINT('',#4267);
#1281=VERTEX_POINT('',#4269);
#1282=VERTEX_POINT('',#4273);
#1283=VERTEX_POINT('',#4275);
#1284=VERTEX_POINT('',#4279);
#1285=VERTEX_POINT('',#4281);
#1286=VERTEX_POINT('',#4283);
#1287=VERTEX_POINT('',#4287);
#1288=VERTEX_POINT('',#4288);
#1289=VERTEX_POINT('',#4290);
#1290=VERTEX_POINT('',#4292);
#1291=VERTEX_POINT('',#4296);
#1292=VERTEX_POINT('',#4298);
#1293=VERTEX_POINT('',#4302);
#1294=VERTEX_POINT('',#4313);
#1295=VERTEX_POINT('',#4314);
#1296=VERTEX_POINT('',#4316);
#1297=VERTEX_POINT('',#4318);
#1298=VERTEX_POINT('',#4322);
#1299=VERTEX_POINT('',#4324);
#1300=VERTEX_POINT('',#4328);
#1301=VERTEX_POINT('',#4330);
#1302=VERTEX_POINT('',#4332);
#1303=VERTEX_POINT('',#4338);
#1304=VERTEX_POINT('',#4341);
#1305=VERTEX_POINT('',#4343);
#1306=VERTEX_POINT('',#4345);
#1307=VERTEX_POINT('',#4348);
#1308=VERTEX_POINT('',#4351);
#1309=VERTEX_POINT('',#4352);
#1310=VERTEX_POINT('',#4354);
#1311=VERTEX_POINT('',#4356);
#1312=VERTEX_POINT('',#4358);
#1313=VERTEX_POINT('',#4360);
#1314=VERTEX_POINT('',#4362);
#1315=VERTEX_POINT('',#4365);
#1316=VERTEX_POINT('',#4366);
#1317=VERTEX_POINT('',#4368);
#1318=VERTEX_POINT('',#4370);
#1319=VERTEX_POINT('',#4372);
#1320=VERTEX_POINT('',#4374);
#1321=VERTEX_POINT('',#4376);
#1322=VERTEX_POINT('',#4379);
#1323=VERTEX_POINT('',#4381);
#1324=VERTEX_POINT('',#4383);
#1325=VERTEX_POINT('',#4385);
#1326=VERTEX_POINT('',#4387);
#1327=VERTEX_POINT('',#4388);
#1328=VERTEX_POINT('',#4390);
#1329=VERTEX_POINT('',#4392);
#1330=VERTEX_POINT('',#4396);
#1331=VERTEX_POINT('',#4400);
#1332=VERTEX_POINT('',#4402);
#1333=VERTEX_POINT('',#4406);
#1334=VERTEX_POINT('',#4409);
#1335=VERTEX_POINT('',#4411);
#1336=VERTEX_POINT('',#4414);
#1337=VERTEX_POINT('',#4417);
#1338=VERTEX_POINT('',#4421);
#1339=VERTEX_POINT('',#4423);
#1340=VERTEX_POINT('',#4425);
#1341=VERTEX_POINT('',#4429);
#1342=VERTEX_POINT('',#4431);
#1343=VERTEX_POINT('',#4435);
#1344=VERTEX_POINT('',#4437);
#1345=VERTEX_POINT('',#4442);
#1346=VERTEX_POINT('',#4444);
#1347=VERTEX_POINT('',#4448);
#1348=VERTEX_POINT('',#4450);
#1349=VERTEX_POINT('',#4453);
#1350=VERTEX_POINT('',#4454);
#1351=VERTEX_POINT('',#4456);
#1352=VERTEX_POINT('',#4458);
#1353=VERTEX_POINT('',#4460);
#1354=VERTEX_POINT('',#4462);
#1355=VERTEX_POINT('',#4464);
#1356=VERTEX_POINT('',#4467);
#1357=VERTEX_POINT('',#4468);
#1358=VERTEX_POINT('',#4470);
#1359=VERTEX_POINT('',#4472);
#1360=VERTEX_POINT('',#4474);
#1361=VERTEX_POINT('',#4476);
#1362=VERTEX_POINT('',#4478);
#1363=VERTEX_POINT('',#4481);
#1364=VERTEX_POINT('',#4482);
#1365=VERTEX_POINT('',#4484);
#1366=VERTEX_POINT('',#4486);
#1367=VERTEX_POINT('',#4489);
#1368=VERTEX_POINT('',#4491);
#1369=VERTEX_POINT('',#4493);
#1370=VERTEX_POINT('',#4495);
#1371=VERTEX_POINT('',#4514);
#1372=VERTEX_POINT('',#4515);
#1373=VERTEX_POINT('',#4517);
#1374=VERTEX_POINT('',#4519);
#1375=VERTEX_POINT('',#4523);
#1376=VERTEX_POINT('',#4525);
#1377=VERTEX_POINT('',#4529);
#1378=VERTEX_POINT('',#4531);
#1379=VERTEX_POINT('',#4535);
#1380=VERTEX_POINT('',#4537);
#1381=VERTEX_POINT('',#4541);
#1382=VERTEX_POINT('',#4543);
#1383=VERTEX_POINT('',#4547);
#1384=VERTEX_POINT('',#4549);
#1385=VERTEX_POINT('',#4553);
#1386=VERTEX_POINT('',#4555);
#1387=VERTEX_POINT('',#4562);
#1388=VERTEX_POINT('',#4564);
#1389=VERTEX_POINT('',#4568);
#1390=VERTEX_POINT('',#4571);
#1391=VERTEX_POINT('',#4572);
#1392=VERTEX_POINT('',#4574);
#1393=VERTEX_POINT('',#4576);
#1394=VERTEX_POINT('',#4579);
#1395=VERTEX_POINT('',#4581);
#1396=VERTEX_POINT('',#4583);
#1397=VERTEX_POINT('',#4585);
#1398=VERTEX_POINT('',#4588);
#1399=VERTEX_POINT('',#4592);
#1400=VERTEX_POINT('',#4596);
#1401=VERTEX_POINT('',#4597);
#1402=VERTEX_POINT('',#4599);
#1403=VERTEX_POINT('',#4601);
#1404=VERTEX_POINT('',#4603);
#1405=VERTEX_POINT('',#4605);
#1406=VERTEX_POINT('',#4607);
#1407=VERTEX_POINT('',#4609);
#1408=VERTEX_POINT('',#4611);
#1409=VERTEX_POINT('',#4613);
#1410=VERTEX_POINT('',#4616);
#1411=VERTEX_POINT('',#4624);
#1412=VERTEX_POINT('',#4625);
#1413=VERTEX_POINT('',#4627);
#1414=VERTEX_POINT('',#4629);
#1415=VERTEX_POINT('',#4631);
#1416=VERTEX_POINT('',#4636);
#1417=VERTEX_POINT('',#4638);
#1418=VERTEX_POINT('',#4643);
#1419=VERTEX_POINT('',#4650);
#1420=VERTEX_POINT('',#4654);
#1421=VERTEX_POINT('',#4656);
#1422=VERTEX_POINT('',#4660);
#1423=VERTEX_POINT('',#4664);
#1424=VERTEX_POINT('',#4670);
#1425=VERTEX_POINT('',#4682);
#1426=VERTEX_POINT('',#4684);
#1427=VERTEX_POINT('',#4688);
#1428=VERTEX_POINT('',#4692);
#1429=VERTEX_POINT('',#4696);
#1430=VERTEX_POINT('',#4700);
#1431=VERTEX_POINT('',#4704);
#1432=VERTEX_POINT('',#4711);
#1433=VERTEX_POINT('',#4713);
#1434=VERTEX_POINT('',#4717);
#1435=VERTEX_POINT('',#4721);
#1436=VERTEX_POINT('',#4725);
#1437=VERTEX_POINT('',#4729);
#1438=VERTEX_POINT('',#4733);
#1439=VERTEX_POINT('',#4740);
#1440=VERTEX_POINT('',#4742);
#1441=VERTEX_POINT('',#4746);
#1442=VERTEX_POINT('',#4750);
#1443=VERTEX_POINT('',#4754);
#1444=VERTEX_POINT('',#4758);
#1445=VERTEX_POINT('',#4762);
#1446=VERTEX_POINT('',#4769);
#1447=VERTEX_POINT('',#4771);
#1448=VERTEX_POINT('',#4775);
#1449=VERTEX_POINT('',#4779);
#1450=VERTEX_POINT('',#4783);
#1451=VERTEX_POINT('',#4787);
#1452=VERTEX_POINT('',#4791);
#1453=VERTEX_POINT('',#4798);
#1454=VERTEX_POINT('',#4804);
#1455=VERTEX_POINT('',#4810);
#1456=VERTEX_POINT('',#4816);
#1457=VERTEX_POINT('',#4822);
#1458=VERTEX_POINT('',#4824);
#1459=VERTEX_POINT('',#4831);
#1460=VERTEX_POINT('',#4837);
#1461=VERTEX_POINT('',#4847);
#1462=VERTEX_POINT('',#4848);
#1463=VERTEX_POINT('',#4850);
#1464=VERTEX_POINT('',#4852);
#1465=VERTEX_POINT('',#4855);
#1466=VERTEX_POINT('',#4858);
#1467=VERTEX_POINT('',#4859);
#1468=VERTEX_POINT('',#4861);
#1469=VERTEX_POINT('',#4863);
#1470=VERTEX_POINT('',#4866);
#1471=EDGE_CURVE('',#1199,#1200,#473,.T.);
#1472=EDGE_CURVE('',#1200,#1201,#474,.F.);
#1473=EDGE_CURVE('',#1201,#1202,#465,.F.);
#1474=EDGE_CURVE('',#1202,#1203,#475,.T.);
#1475=EDGE_CURVE('',#1203,#1199,#476,.T.);
#1476=EDGE_CURVE('',#1203,#1204,#477,.T.);
#1477=EDGE_CURVE('',#1204,#1205,#478,.T.);
#1478=EDGE_CURVE('',#1205,#1199,#479,.T.);
#1479=EDGE_CURVE('',#1204,#1206,#480,.T.);
#1480=EDGE_CURVE('',#1207,#1206,#466,.T.);
#1481=EDGE_CURVE('',#1208,#1207,#481,.T.);
#1482=EDGE_CURVE('',#1208,#1205,#482,.T.);
#1483=EDGE_CURVE('',#1199,#1209,#483,.T.);
#1484=EDGE_CURVE('',#1209,#1210,#484,.T.);
#1485=EDGE_CURVE('',#1210,#1200,#485,.F.);
#1486=EDGE_CURVE('',#1205,#1211,#486,.T.);
#1487=EDGE_CURVE('',#1211,#1209,#487,.T.);
#1488=EDGE_CURVE('',#1208,#1212,#488,.F.);
#1489=EDGE_CURVE('',#1212,#1211,#489,.T.);
#1490=EDGE_CURVE('',#1213,#1214,#490,.T.);
#1491=EDGE_CURVE('',#1214,#1215,#491,.F.);
#1492=EDGE_CURVE('',#1215,#1216,#467,.F.);
#1493=EDGE_CURVE('',#1216,#1217,#492,.T.);
#1494=EDGE_CURVE('',#1217,#1213,#493,.T.);
#1495=EDGE_CURVE('',#1218,#1213,#494,.T.);
#1496=EDGE_CURVE('',#1217,#1219,#495,.T.);
#1497=EDGE_CURVE('',#1219,#1218,#496,.T.);
#1498=EDGE_CURVE('',#1219,#1220,#497,.T.);
#1499=EDGE_CURVE('',#1221,#1220,#468,.T.);
#1500=EDGE_CURVE('',#1222,#1221,#498,.T.);
#1501=EDGE_CURVE('',#1222,#1218,#499,.T.);
#1502=EDGE_CURVE('',#1213,#1223,#500,.T.);
#1503=EDGE_CURVE('',#1223,#1224,#501,.T.);
#1504=EDGE_CURVE('',#1224,#1214,#502,.F.);
#1505=EDGE_CURVE('',#1218,#1225,#503,.T.);
#1506=EDGE_CURVE('',#1225,#1223,#504,.T.);
#1507=EDGE_CURVE('',#1222,#1226,#505,.F.);
#1508=EDGE_CURVE('',#1226,#1225,#506,.T.);
#1509=EDGE_CURVE('',#1227,#1228,#507,.T.);
#1510=EDGE_CURVE('',#1228,#1229,#508,.F.);
#1511=EDGE_CURVE('',#1229,#1230,#469,.F.);
#1512=EDGE_CURVE('',#1230,#1231,#509,.T.);
#1513=EDGE_CURVE('',#1231,#1227,#510,.T.);
#1514=EDGE_CURVE('',#1231,#1232,#511,.T.);
#1515=EDGE_CURVE('',#1232,#1233,#512,.T.);
#1516=EDGE_CURVE('',#1233,#1227,#513,.T.);
#1517=EDGE_CURVE('',#1232,#1234,#514,.T.);
#1518=EDGE_CURVE('',#1235,#1234,#470,.T.);
#1519=EDGE_CURVE('',#1236,#1235,#515,.T.);
#1520=EDGE_CURVE('',#1236,#1233,#516,.T.);
#1521=EDGE_CURVE('',#1227,#1237,#517,.T.);
#1522=EDGE_CURVE('',#1237,#1238,#518,.T.);
#1523=EDGE_CURVE('',#1238,#1228,#519,.F.);
#1524=EDGE_CURVE('',#1233,#1239,#520,.T.);
#1525=EDGE_CURVE('',#1239,#1237,#521,.T.);
#1526=EDGE_CURVE('',#1236,#1240,#522,.F.);
#1527=EDGE_CURVE('',#1240,#1239,#523,.T.);
#1528=EDGE_CURVE('',#1241,#1242,#524,.T.);
#1529=EDGE_CURVE('',#1242,#1243,#525,.F.);
#1530=EDGE_CURVE('',#1243,#1244,#471,.F.);
#1531=EDGE_CURVE('',#1244,#1245,#526,.T.);
#1532=EDGE_CURVE('',#1245,#1241,#527,.T.);
#1533=EDGE_CURVE('',#1246,#1241,#528,.T.);
#1534=EDGE_CURVE('',#1245,#1247,#529,.T.);
#1535=EDGE_CURVE('',#1247,#1246,#530,.T.);
#1536=EDGE_CURVE('',#1247,#1248,#531,.T.);
#1537=EDGE_CURVE('',#1249,#1248,#472,.T.);
#1538=EDGE_CURVE('',#1250,#1249,#532,.T.);
#1539=EDGE_CURVE('',#1250,#1246,#533,.T.);
#1540=EDGE_CURVE('',#1241,#1251,#534,.T.);
#1541=EDGE_CURVE('',#1251,#1252,#535,.T.);
#1542=EDGE_CURVE('',#1252,#1242,#536,.F.);
#1543=EDGE_CURVE('',#1246,#1253,#537,.T.);
#1544=EDGE_CURVE('',#1253,#1251,#538,.T.);
#1545=EDGE_CURVE('',#1250,#1254,#539,.F.);
#1546=EDGE_CURVE('',#1254,#1253,#540,.T.);
#1547=EDGE_CURVE('',#1255,#1251,#541,.T.);
#1548=EDGE_CURVE('',#1256,#1255,#542,.T.);
#1549=EDGE_CURVE('',#1252,#1256,#543,.T.);
#1550=EDGE_CURVE('',#1253,#1257,#544,.T.);
#1551=EDGE_CURVE('',#1257,#1255,#545,.F.);
#1552=EDGE_CURVE('',#1258,#1254,#546,.T.);
#1553=EDGE_CURVE('',#1257,#1258,#547,.T.);
#1554=EDGE_CURVE('',#1259,#1237,#548,.T.);
#1555=EDGE_CURVE('',#1260,#1259,#549,.T.);
#1556=EDGE_CURVE('',#1238,#1260,#550,.T.);
#1557=EDGE_CURVE('',#1239,#1261,#551,.T.);
#1558=EDGE_CURVE('',#1261,#1259,#552,.F.);
#1559=EDGE_CURVE('',#1262,#1240,#553,.T.);
#1560=EDGE_CURVE('',#1261,#1262,#554,.T.);
#1561=EDGE_CURVE('',#1263,#1209,#555,.T.);
#1562=EDGE_CURVE('',#1264,#1263,#556,.T.);
#1563=EDGE_CURVE('',#1210,#1264,#557,.T.);
#1564=EDGE_CURVE('',#1211,#1265,#558,.T.);
#1565=EDGE_CURVE('',#1265,#1263,#559,.F.);
#1566=EDGE_CURVE('',#1266,#1212,#560,.T.);
#1567=EDGE_CURVE('',#1265,#1266,#561,.T.);
#1568=EDGE_CURVE('',#1267,#1223,#562,.T.);
#1569=EDGE_CURVE('',#1268,#1267,#563,.T.);
#1570=EDGE_CURVE('',#1224,#1268,#564,.T.);
#1571=EDGE_CURVE('',#1225,#1269,#565,.T.);
#1572=EDGE_CURVE('',#1269,#1267,#566,.F.);
#1573=EDGE_CURVE('',#1270,#1226,#567,.T.);
#1574=EDGE_CURVE('',#1269,#1270,#568,.T.);
#1575=EDGE_CURVE('',#1271,#1272,#569,.T.);
#1576=EDGE_CURVE('',#1272,#1273,#570,.T.);
#1577=EDGE_CURVE('',#1273,#1274,#571,.T.);
#1578=EDGE_CURVE('',#1274,#1271,#572,.T.);
#1579=EDGE_CURVE('',#1275,#1272,#573,.T.);
#1580=EDGE_CURVE('',#1276,#1275,#574,.T.);
#1581=EDGE_CURVE('',#1276,#1273,#575,.T.);
#1582=EDGE_CURVE('',#1271,#1277,#576,.T.);
#1583=EDGE_CURVE('',#1268,#1277,#577,.T.);
#1584=EDGE_CURVE('',#1275,#1270,#578,.T.);
#1585=EDGE_CURVE('',#1278,#1279,#579,.T.);
#1586=EDGE_CURVE('',#1279,#1280,#580,.T.);
#1587=EDGE_CURVE('',#1280,#1281,#581,.T.);
#1588=EDGE_CURVE('',#1281,#1278,#582,.T.);
#1589=EDGE_CURVE('',#1281,#1282,#583,.T.);
#1590=EDGE_CURVE('',#1283,#1282,#584,.T.);
#1591=EDGE_CURVE('',#1278,#1283,#585,.T.);
#1592=EDGE_CURVE('',#1284,#1280,#586,.T.);
#1593=EDGE_CURVE('',#1285,#1284,#587,.T.);
#1594=EDGE_CURVE('',#1286,#1285,#74,.T.);
#1595=EDGE_CURVE('',#1282,#1286,#588,.T.);
#1596=EDGE_CURVE('',#1287,#1288,#589,.T.);
#1597=EDGE_CURVE('',#1288,#1289,#590,.T.);
#1598=EDGE_CURVE('',#1289,#1290,#591,.T.);
#1599=EDGE_CURVE('',#1290,#1287,#592,.T.);
#1600=EDGE_CURVE('',#1291,#1288,#593,.T.);
#1601=EDGE_CURVE('',#1292,#1291,#594,.T.);
#1602=EDGE_CURVE('',#1292,#1289,#595,.T.);
#1603=EDGE_CURVE('',#1287,#1293,#596,.T.);
#1604=EDGE_CURVE('',#1256,#1293,#597,.T.);
#1605=EDGE_CURVE('',#1291,#1258,#598,.T.);
#1606=EDGE_CURVE('',#1220,#1216,#75,.T.);
#1607=EDGE_CURVE('',#1206,#1202,#76,.T.);
#1608=EDGE_CURVE('',#1248,#1244,#77,.T.);
#1609=EDGE_CURVE('',#1294,#1295,#599,.T.);
#1610=EDGE_CURVE('',#1295,#1296,#600,.T.);
#1611=EDGE_CURVE('',#1296,#1297,#601,.T.);
#1612=EDGE_CURVE('',#1297,#1294,#602,.T.);
#1613=EDGE_CURVE('',#1297,#1298,#603,.T.);
#1614=EDGE_CURVE('',#1299,#1298,#604,.T.);
#1615=EDGE_CURVE('',#1294,#1299,#605,.T.);
#1616=EDGE_CURVE('',#1300,#1296,#606,.T.);
#1617=EDGE_CURVE('',#1301,#1300,#607,.T.);
#1618=EDGE_CURVE('',#1302,#1301,#78,.T.);
#1619=EDGE_CURVE('',#1298,#1302,#608,.T.);
#1620=EDGE_CURVE('',#1234,#1230,#79,.T.);
#1621=EDGE_CURVE('',#1201,#1303,#609,.T.);
#1622=EDGE_CURVE('',#1264,#1283,#610,.T.);
#1623=EDGE_CURVE('',#1304,#1286,#611,.T.);
#1624=EDGE_CURVE('',#1304,#1305,#612,.T.);
#1625=EDGE_CURVE('',#1306,#1305,#613,.T.);
#1626=EDGE_CURVE('',#1306,#1276,#614,.T.);
#1627=EDGE_CURVE('',#1307,#1221,#615,.T.);
#1628=EDGE_CURVE('',#1303,#1307,#616,.F.);
#1629=EDGE_CURVE('',#1308,#1309,#617,.T.);
#1630=EDGE_CURVE('',#1309,#1310,#618,.T.);
#1631=EDGE_CURVE('',#1310,#1311,#619,.T.);
#1632=EDGE_CURVE('',#1311,#1312,#620,.T.);
#1633=EDGE_CURVE('',#1312,#1313,#621,.T.);
#1634=EDGE_CURVE('',#1313,#1314,#622,.T.);
#1635=EDGE_CURVE('',#1314,#1308,#623,.T.);
#1636=EDGE_CURVE('',#1315,#1316,#624,.T.);
#1637=EDGE_CURVE('',#1316,#1317,#625,.T.);
#1638=EDGE_CURVE('',#1317,#1318,#626,.T.);
#1639=EDGE_CURVE('',#1318,#1319,#627,.T.);
#1640=EDGE_CURVE('',#1319,#1320,#628,.T.);
#1641=EDGE_CURVE('',#1320,#1321,#629,.T.);
#1642=EDGE_CURVE('',#1321,#1315,#630,.T.);
#1643=EDGE_CURVE('',#1322,#1322,#80,.T.);
#1644=EDGE_CURVE('',#1323,#1323,#81,.T.);
#1645=EDGE_CURVE('',#1324,#1324,#82,.T.);
#1646=EDGE_CURVE('',#1325,#1325,#83,.T.);
#1647=EDGE_CURVE('',#1326,#1327,#631,.T.);
#1648=EDGE_CURVE('',#1327,#1328,#632,.T.);
#1649=EDGE_CURVE('',#1328,#1329,#633,.T.);
#1650=EDGE_CURVE('',#1329,#1326,#634,.T.);
#1651=EDGE_CURVE('',#1330,#1266,#635,.T.);
#1652=EDGE_CURVE('',#1330,#1279,#636,.T.);
#1653=EDGE_CURVE('',#1331,#1306,#84,.T.);
#1654=EDGE_CURVE('',#1332,#1331,#637,.T.);
#1655=EDGE_CURVE('',#1274,#1332,#638,.T.);
#1656=EDGE_CURVE('',#1215,#1333,#639,.T.);
#1657=EDGE_CURVE('',#1277,#1332,#640,.T.);
#1658=EDGE_CURVE('',#1334,#1331,#641,.T.);
#1659=EDGE_CURVE('',#1334,#1335,#642,.T.);
#1660=EDGE_CURVE('',#1301,#1335,#643,.T.);
#1661=EDGE_CURVE('',#1300,#1336,#644,.T.);
#1662=EDGE_CURVE('',#1336,#1262,#645,.T.);
#1663=EDGE_CURVE('',#1337,#1235,#646,.T.);
#1664=EDGE_CURVE('',#1333,#1337,#647,.F.);
#1665=EDGE_CURVE('',#1338,#1292,#648,.T.);
#1666=EDGE_CURVE('',#1339,#1338,#85,.T.);
#1667=EDGE_CURVE('',#1340,#1339,#649,.T.);
#1668=EDGE_CURVE('',#1290,#1340,#650,.T.);
#1669=EDGE_CURVE('',#1341,#1207,#651,.T.);
#1670=EDGE_CURVE('',#1341,#1342,#652,.F.);
#1671=EDGE_CURVE('',#1243,#1342,#653,.T.);
#1672=EDGE_CURVE('',#1293,#1340,#654,.T.);
#1673=EDGE_CURVE('',#1343,#1339,#655,.T.);
#1674=EDGE_CURVE('',#1343,#1344,#656,.T.);
#1675=EDGE_CURVE('',#1285,#1344,#657,.T.);
#1676=EDGE_CURVE('',#1284,#1330,#658,.T.);
#1677=EDGE_CURVE('',#1345,#1249,#659,.T.);
#1678=EDGE_CURVE('',#1346,#1345,#660,.T.);
#1679=EDGE_CURVE('',#1229,#1346,#661,.T.);
#1680=EDGE_CURVE('',#1260,#1299,#662,.T.);
#1681=EDGE_CURVE('',#1347,#1302,#663,.T.);
#1682=EDGE_CURVE('',#1347,#1348,#664,.T.);
#1683=EDGE_CURVE('',#1338,#1348,#665,.T.);
#1684=EDGE_CURVE('',#1349,#1350,#666,.T.);
#1685=EDGE_CURVE('',#1350,#1351,#667,.T.);
#1686=EDGE_CURVE('',#1351,#1352,#668,.T.);
#1687=EDGE_CURVE('',#1352,#1353,#669,.T.);
#1688=EDGE_CURVE('',#1353,#1354,#670,.T.);
#1689=EDGE_CURVE('',#1354,#1355,#671,.T.);
#1690=EDGE_CURVE('',#1355,#1349,#672,.T.);
#1691=EDGE_CURVE('',#1356,#1357,#673,.T.);
#1692=EDGE_CURVE('',#1357,#1358,#674,.T.);
#1693=EDGE_CURVE('',#1358,#1359,#675,.T.);
#1694=EDGE_CURVE('',#1359,#1360,#676,.T.);
#1695=EDGE_CURVE('',#1360,#1361,#677,.T.);
#1696=EDGE_CURVE('',#1361,#1362,#678,.T.);
#1697=EDGE_CURVE('',#1362,#1356,#679,.T.);
#1698=EDGE_CURVE('',#1363,#1364,#680,.T.);
#1699=EDGE_CURVE('',#1364,#1365,#681,.T.);
#1700=EDGE_CURVE('',#1365,#1366,#682,.T.);
#1701=EDGE_CURVE('',#1366,#1363,#683,.T.);
#1702=EDGE_CURVE('',#1367,#1367,#86,.T.);
#1703=EDGE_CURVE('',#1368,#1368,#87,.T.);
#1704=EDGE_CURVE('',#1369,#1369,#88,.T.);
#1705=EDGE_CURVE('',#1370,#1370,#89,.T.);
#1706=EDGE_CURVE('',#1336,#1295,#684,.T.);
#1707=EDGE_CURVE('',#1348,#1343,#90,.T.);
#1708=EDGE_CURVE('',#1345,#1342,#91,.T.);
#1709=EDGE_CURVE('',#1335,#1347,#92,.T.);
#1710=EDGE_CURVE('',#1344,#1304,#93,.T.);
#1711=EDGE_CURVE('',#1305,#1334,#94,.T.);
#1712=EDGE_CURVE('',#1371,#1372,#685,.T.);
#1713=EDGE_CURVE('',#1372,#1373,#686,.T.);
#1714=EDGE_CURVE('',#1373,#1374,#687,.T.);
#1715=EDGE_CURVE('',#1374,#1371,#688,.T.);
#1716=EDGE_CURVE('',#1371,#1375,#95,.T.);
#1717=EDGE_CURVE('',#1375,#1376,#689,.T.);
#1718=EDGE_CURVE('',#1376,#1372,#96,.T.);
#1719=EDGE_CURVE('',#1375,#1377,#690,.T.);
#1720=EDGE_CURVE('',#1377,#1378,#691,.T.);
#1721=EDGE_CURVE('',#1378,#1376,#692,.T.);
#1722=EDGE_CURVE('',#1377,#1379,#97,.T.);
#1723=EDGE_CURVE('',#1379,#1380,#693,.T.);
#1724=EDGE_CURVE('',#1380,#1378,#98,.T.);
#1725=EDGE_CURVE('',#1379,#1381,#694,.T.);
#1726=EDGE_CURVE('',#1381,#1382,#695,.T.);
#1727=EDGE_CURVE('',#1382,#1380,#696,.T.);
#1728=EDGE_CURVE('',#1381,#1383,#99,.T.);
#1729=EDGE_CURVE('',#1383,#1384,#697,.T.);
#1730=EDGE_CURVE('',#1384,#1382,#100,.T.);
#1731=EDGE_CURVE('',#1383,#1385,#698,.T.);
#1732=EDGE_CURVE('',#1385,#1386,#699,.T.);
#1733=EDGE_CURVE('',#1386,#1384,#700,.T.);
#1734=EDGE_CURVE('',#1385,#1374,#101,.T.);
#1735=EDGE_CURVE('',#1373,#1386,#102,.T.);
#1736=EDGE_CURVE('',#1377,#1387,#701,.T.);
#1737=EDGE_CURVE('',#1387,#1388,#103,.T.);
#1738=EDGE_CURVE('',#1388,#1379,#702,.T.);
#1739=EDGE_CURVE('',#1389,#1375,#703,.T.);
#1740=EDGE_CURVE('',#1389,#1387,#704,.T.);
#1741=EDGE_CURVE('',#1390,#1391,#705,.T.);
#1742=EDGE_CURVE('',#1391,#1392,#706,.T.);
#1743=EDGE_CURVE('',#1392,#1393,#707,.T.);
#1744=EDGE_CURVE('',#1393,#1390,#708,.T.);
#1745=EDGE_CURVE('',#1394,#1394,#104,.T.);
#1746=EDGE_CURVE('',#1395,#1395,#105,.T.);
#1747=EDGE_CURVE('',#1396,#1396,#106,.T.);
#1748=EDGE_CURVE('',#1397,#1397,#107,.T.);
#1749=EDGE_CURVE('',#1371,#1398,#709,.T.);
#1750=EDGE_CURVE('',#1398,#1389,#108,.T.);
#1751=EDGE_CURVE('',#1399,#1374,#710,.T.);
#1752=EDGE_CURVE('',#1399,#1398,#711,.T.);
#1753=EDGE_CURVE('',#1400,#1401,#712,.T.);
#1754=EDGE_CURVE('',#1401,#1402,#713,.T.);
#1755=EDGE_CURVE('',#1402,#1403,#714,.T.);
#1756=EDGE_CURVE('',#1403,#1404,#715,.T.);
#1757=EDGE_CURVE('',#1404,#1405,#716,.T.);
#1758=EDGE_CURVE('',#1405,#1406,#717,.T.);
#1759=EDGE_CURVE('',#1406,#1407,#718,.T.);
#1760=EDGE_CURVE('',#1407,#1408,#719,.T.);
#1761=EDGE_CURVE('',#1408,#1409,#720,.T.);
#1762=EDGE_CURVE('',#1409,#1400,#721,.T.);
#1763=EDGE_CURVE('',#1410,#1410,#109,.T.);
#1764=EDGE_CURVE('',#1341,#1303,#110,.T.);
#1765=EDGE_CURVE('',#1307,#1333,#111,.T.);
#1766=EDGE_CURVE('',#1337,#1346,#112,.T.);
#1767=EDGE_CURVE('',#1411,#1412,#722,.T.);
#1768=EDGE_CURVE('',#1412,#1413,#723,.T.);
#1769=EDGE_CURVE('',#1413,#1414,#724,.T.);
#1770=EDGE_CURVE('',#1414,#1415,#725,.T.);
#1771=EDGE_CURVE('',#1415,#1411,#726,.T.);
#1772=EDGE_CURVE('',#1381,#1416,#727,.T.);
#1773=EDGE_CURVE('',#1416,#1417,#113,.T.);
#1774=EDGE_CURVE('',#1417,#1383,#728,.T.);
#1775=EDGE_CURVE('',#1388,#1416,#729,.T.);
#1776=EDGE_CURVE('',#1418,#1399,#114,.T.);
#1777=EDGE_CURVE('',#1417,#1418,#730,.T.);
#1778=EDGE_CURVE('',#1385,#1418,#731,.T.);
#1779=EDGE_CURVE('',#1410,#1419,#732,.T.);
#1780=EDGE_CURVE('',#1419,#1419,#115,.T.);
#1781=EDGE_CURVE('',#1406,#1420,#733,.T.);
#1782=EDGE_CURVE('',#1421,#1420,#734,.T.);
#1783=EDGE_CURVE('',#1407,#1421,#735,.T.);
#1784=EDGE_CURVE('',#1422,#1421,#736,.T.);
#1785=EDGE_CURVE('',#1408,#1422,#737,.T.);
#1786=EDGE_CURVE('',#1423,#1405,#738,.T.);
#1787=EDGE_CURVE('',#1420,#1423,#739,.T.);
#1788=EDGE_CURVE('',#1422,#1423,#740,.T.);
#1789=EDGE_CURVE('',#1424,#1412,#741,.T.);
#1790=EDGE_CURVE('',#1400,#1424,#742,.T.);
#1791=EDGE_CURVE('',#1413,#1409,#743,.T.);
#1792=EDGE_CURVE('',#1424,#1411,#744,.T.);
#1793=EDGE_CURVE('',#1415,#1403,#745,.T.);
#1794=EDGE_CURVE('',#1404,#1414,#746,.T.);
#1795=EDGE_CURVE('',#1311,#1425,#747,.T.);
#1796=EDGE_CURVE('',#1425,#1426,#748,.T.);
#1797=EDGE_CURVE('',#1312,#1426,#749,.T.);
#1798=EDGE_CURVE('',#1310,#1427,#750,.T.);
#1799=EDGE_CURVE('',#1427,#1425,#751,.T.);
#1800=EDGE_CURVE('',#1309,#1428,#752,.T.);
#1801=EDGE_CURVE('',#1428,#1427,#753,.T.);
#1802=EDGE_CURVE('',#1308,#1429,#754,.T.);
#1803=EDGE_CURVE('',#1429,#1428,#755,.T.);
#1804=EDGE_CURVE('',#1314,#1430,#756,.T.);
#1805=EDGE_CURVE('',#1430,#1429,#757,.T.);
#1806=EDGE_CURVE('',#1313,#1431,#758,.T.);
#1807=EDGE_CURVE('',#1431,#1430,#759,.T.);
#1808=EDGE_CURVE('',#1426,#1431,#760,.T.);
#1809=EDGE_CURVE('',#1318,#1432,#761,.T.);
#1810=EDGE_CURVE('',#1432,#1433,#762,.T.);
#1811=EDGE_CURVE('',#1319,#1433,#763,.T.);
#1812=EDGE_CURVE('',#1317,#1434,#764,.T.);
#1813=EDGE_CURVE('',#1434,#1432,#765,.T.);
#1814=EDGE_CURVE('',#1316,#1435,#766,.T.);
#1815=EDGE_CURVE('',#1435,#1434,#767,.T.);
#1816=EDGE_CURVE('',#1315,#1436,#768,.T.);
#1817=EDGE_CURVE('',#1436,#1435,#769,.T.);
#1818=EDGE_CURVE('',#1321,#1437,#770,.T.);
#1819=EDGE_CURVE('',#1437,#1436,#771,.T.);
#1820=EDGE_CURVE('',#1320,#1438,#772,.T.);
#1821=EDGE_CURVE('',#1438,#1437,#773,.T.);
#1822=EDGE_CURVE('',#1433,#1438,#774,.T.);
#1823=EDGE_CURVE('',#1352,#1439,#775,.T.);
#1824=EDGE_CURVE('',#1440,#1439,#776,.T.);
#1825=EDGE_CURVE('',#1353,#1440,#777,.T.);
#1826=EDGE_CURVE('',#1351,#1441,#778,.T.);
#1827=EDGE_CURVE('',#1439,#1441,#779,.T.);
#1828=EDGE_CURVE('',#1350,#1442,#780,.T.);
#1829=EDGE_CURVE('',#1441,#1442,#781,.T.);
#1830=EDGE_CURVE('',#1349,#1443,#782,.T.);
#1831=EDGE_CURVE('',#1442,#1443,#783,.T.);
#1832=EDGE_CURVE('',#1444,#1440,#784,.T.);
#1833=EDGE_CURVE('',#1354,#1444,#785,.T.);
#1834=EDGE_CURVE('',#1445,#1444,#786,.T.);
#1835=EDGE_CURVE('',#1355,#1445,#787,.T.);
#1836=EDGE_CURVE('',#1443,#1445,#788,.T.);
#1837=EDGE_CURVE('',#1359,#1446,#789,.T.);
#1838=EDGE_CURVE('',#1447,#1446,#790,.T.);
#1839=EDGE_CURVE('',#1360,#1447,#791,.T.);
#1840=EDGE_CURVE('',#1358,#1448,#792,.T.);
#1841=EDGE_CURVE('',#1446,#1448,#793,.T.);
#1842=EDGE_CURVE('',#1357,#1449,#794,.T.);
#1843=EDGE_CURVE('',#1448,#1449,#795,.T.);
#1844=EDGE_CURVE('',#1356,#1450,#796,.T.);
#1845=EDGE_CURVE('',#1449,#1450,#797,.T.);
#1846=EDGE_CURVE('',#1451,#1447,#798,.T.);
#1847=EDGE_CURVE('',#1361,#1451,#799,.T.);
#1848=EDGE_CURVE('',#1452,#1451,#800,.T.);
#1849=EDGE_CURVE('',#1362,#1452,#801,.T.);
#1850=EDGE_CURVE('',#1450,#1452,#802,.T.);
#1851=EDGE_CURVE('',#1453,#1453,#116,.T.);
#1852=EDGE_CURVE('',#1453,#1322,#803,.T.);
#1853=EDGE_CURVE('',#1370,#1397,#804,.T.);
#1854=EDGE_CURVE('',#1454,#1454,#117,.T.);
#1855=EDGE_CURVE('',#1454,#1323,#805,.T.);
#1856=EDGE_CURVE('',#1369,#1396,#806,.T.);
#1857=EDGE_CURVE('',#1455,#1455,#118,.T.);
#1858=EDGE_CURVE('',#1455,#1324,#807,.T.);
#1859=EDGE_CURVE('',#1368,#1395,#808,.T.);
#1860=EDGE_CURVE('',#1456,#1456,#119,.T.);
#1861=EDGE_CURVE('',#1456,#1325,#809,.T.);
#1862=EDGE_CURVE('',#1367,#1394,#810,.T.);
#1863=EDGE_CURVE('',#1457,#1328,#811,.T.);
#1864=EDGE_CURVE('',#1458,#1457,#812,.T.);
#1865=EDGE_CURVE('',#1458,#1329,#813,.T.);
#1866=EDGE_CURVE('',#1365,#1393,#814,.T.);
#1867=EDGE_CURVE('',#1366,#1392,#815,.T.);
#1868=EDGE_CURVE('',#1459,#1327,#816,.T.);
#1869=EDGE_CURVE('',#1457,#1459,#817,.T.);
#1870=EDGE_CURVE('',#1363,#1391,#818,.T.);
#1871=EDGE_CURVE('',#1460,#1458,#819,.T.);
#1872=EDGE_CURVE('',#1460,#1326,#820,.T.);
#1873=EDGE_CURVE('',#1459,#1460,#821,.T.);
#1874=EDGE_CURVE('',#1364,#1390,#822,.T.);
#1875=EDGE_CURVE('',#1461,#1462,#823,.T.);
#1876=EDGE_CURVE('',#1462,#1463,#824,.T.);
#1877=EDGE_CURVE('',#1463,#1464,#825,.T.);
#1878=EDGE_CURVE('',#1464,#1461,#826,.T.);
#1879=EDGE_CURVE('',#1465,#1465,#120,.T.);
#1880=EDGE_CURVE('',#1466,#1467,#827,.T.);
#1881=EDGE_CURVE('',#1468,#1466,#828,.T.);
#1882=EDGE_CURVE('',#1469,#1468,#829,.T.);
#1883=EDGE_CURVE('',#1467,#1469,#830,.T.);
#1884=EDGE_CURVE('',#1470,#1470,#121,.T.);
#1885=EDGE_CURVE('',#1467,#1462,#831,.T.);
#1886=EDGE_CURVE('',#1466,#1461,#832,.T.);
#1887=EDGE_CURVE('',#1469,#1463,#833,.T.);
#1888=EDGE_CURVE('',#1468,#1464,#834,.T.);
#1889=EDGE_CURVE('',#1470,#1465,#835,.T.);
#1890=ORIENTED_EDGE('',*,*,#1471,.T.);
#1891=ORIENTED_EDGE('',*,*,#1472,.T.);
#1892=ORIENTED_EDGE('',*,*,#1473,.T.);
#1893=ORIENTED_EDGE('',*,*,#1474,.T.);
#1894=ORIENTED_EDGE('',*,*,#1475,.T.);
#1895=ORIENTED_EDGE('',*,*,#1476,.T.);
#1896=ORIENTED_EDGE('',*,*,#1477,.T.);
#1897=ORIENTED_EDGE('',*,*,#1478,.T.);
#1898=ORIENTED_EDGE('',*,*,#1475,.F.);
#1899=ORIENTED_EDGE('',*,*,#1479,.T.);
#1900=ORIENTED_EDGE('',*,*,#1480,.F.);
#1901=ORIENTED_EDGE('',*,*,#1481,.F.);
#1902=ORIENTED_EDGE('',*,*,#1482,.T.);
#1903=ORIENTED_EDGE('',*,*,#1477,.F.);
#1904=ORIENTED_EDGE('',*,*,#1471,.F.);
#1905=ORIENTED_EDGE('',*,*,#1483,.T.);
#1906=ORIENTED_EDGE('',*,*,#1484,.T.);
#1907=ORIENTED_EDGE('',*,*,#1485,.T.);
#1908=ORIENTED_EDGE('',*,*,#1478,.F.);
#1909=ORIENTED_EDGE('',*,*,#1486,.T.);
#1910=ORIENTED_EDGE('',*,*,#1487,.T.);
#1911=ORIENTED_EDGE('',*,*,#1483,.F.);
#1912=ORIENTED_EDGE('',*,*,#1482,.F.);
#1913=ORIENTED_EDGE('',*,*,#1488,.T.);
#1914=ORIENTED_EDGE('',*,*,#1489,.T.);
#1915=ORIENTED_EDGE('',*,*,#1486,.F.);
#1916=ORIENTED_EDGE('',*,*,#1490,.T.);
#1917=ORIENTED_EDGE('',*,*,#1491,.T.);
#1918=ORIENTED_EDGE('',*,*,#1492,.T.);
#1919=ORIENTED_EDGE('',*,*,#1493,.T.);
#1920=ORIENTED_EDGE('',*,*,#1494,.T.);
#1921=ORIENTED_EDGE('',*,*,#1495,.T.);
#1922=ORIENTED_EDGE('',*,*,#1494,.F.);
#1923=ORIENTED_EDGE('',*,*,#1496,.T.);
#1924=ORIENTED_EDGE('',*,*,#1497,.T.);
#1925=ORIENTED_EDGE('',*,*,#1498,.T.);
#1926=ORIENTED_EDGE('',*,*,#1499,.F.);
#1927=ORIENTED_EDGE('',*,*,#1500,.F.);
#1928=ORIENTED_EDGE('',*,*,#1501,.T.);
#1929=ORIENTED_EDGE('',*,*,#1497,.F.);
#1930=ORIENTED_EDGE('',*,*,#1490,.F.);
#1931=ORIENTED_EDGE('',*,*,#1502,.T.);
#1932=ORIENTED_EDGE('',*,*,#1503,.T.);
#1933=ORIENTED_EDGE('',*,*,#1504,.T.);
#1934=ORIENTED_EDGE('',*,*,#1495,.F.);
#1935=ORIENTED_EDGE('',*,*,#1505,.T.);
#1936=ORIENTED_EDGE('',*,*,#1506,.T.);
#1937=ORIENTED_EDGE('',*,*,#1502,.F.);
#1938=ORIENTED_EDGE('',*,*,#1501,.F.);
#1939=ORIENTED_EDGE('',*,*,#1507,.T.);
#1940=ORIENTED_EDGE('',*,*,#1508,.T.);
#1941=ORIENTED_EDGE('',*,*,#1505,.F.);
#1942=ORIENTED_EDGE('',*,*,#1509,.T.);
#1943=ORIENTED_EDGE('',*,*,#1510,.T.);
#1944=ORIENTED_EDGE('',*,*,#1511,.T.);
#1945=ORIENTED_EDGE('',*,*,#1512,.T.);
#1946=ORIENTED_EDGE('',*,*,#1513,.T.);
#1947=ORIENTED_EDGE('',*,*,#1514,.T.);
#1948=ORIENTED_EDGE('',*,*,#1515,.T.);
#1949=ORIENTED_EDGE('',*,*,#1516,.T.);
#1950=ORIENTED_EDGE('',*,*,#1513,.F.);
#1951=ORIENTED_EDGE('',*,*,#1517,.T.);
#1952=ORIENTED_EDGE('',*,*,#1518,.F.);
#1953=ORIENTED_EDGE('',*,*,#1519,.F.);
#1954=ORIENTED_EDGE('',*,*,#1520,.T.);
#1955=ORIENTED_EDGE('',*,*,#1515,.F.);
#1956=ORIENTED_EDGE('',*,*,#1509,.F.);
#1957=ORIENTED_EDGE('',*,*,#1521,.T.);
#1958=ORIENTED_EDGE('',*,*,#1522,.T.);
#1959=ORIENTED_EDGE('',*,*,#1523,.T.);
#1960=ORIENTED_EDGE('',*,*,#1516,.F.);
#1961=ORIENTED_EDGE('',*,*,#1524,.T.);
#1962=ORIENTED_EDGE('',*,*,#1525,.T.);
#1963=ORIENTED_EDGE('',*,*,#1521,.F.);
#1964=ORIENTED_EDGE('',*,*,#1520,.F.);
#1965=ORIENTED_EDGE('',*,*,#1526,.T.);
#1966=ORIENTED_EDGE('',*,*,#1527,.T.);
#1967=ORIENTED_EDGE('',*,*,#1524,.F.);
#1968=ORIENTED_EDGE('',*,*,#1528,.T.);
#1969=ORIENTED_EDGE('',*,*,#1529,.T.);
#1970=ORIENTED_EDGE('',*,*,#1530,.T.);
#1971=ORIENTED_EDGE('',*,*,#1531,.T.);
#1972=ORIENTED_EDGE('',*,*,#1532,.T.);
#1973=ORIENTED_EDGE('',*,*,#1533,.T.);
#1974=ORIENTED_EDGE('',*,*,#1532,.F.);
#1975=ORIENTED_EDGE('',*,*,#1534,.T.);
#1976=ORIENTED_EDGE('',*,*,#1535,.T.);
#1977=ORIENTED_EDGE('',*,*,#1536,.T.);
#1978=ORIENTED_EDGE('',*,*,#1537,.F.);
#1979=ORIENTED_EDGE('',*,*,#1538,.F.);
#1980=ORIENTED_EDGE('',*,*,#1539,.T.);
#1981=ORIENTED_EDGE('',*,*,#1535,.F.);
#1982=ORIENTED_EDGE('',*,*,#1528,.F.);
#1983=ORIENTED_EDGE('',*,*,#1540,.T.);
#1984=ORIENTED_EDGE('',*,*,#1541,.T.);
#1985=ORIENTED_EDGE('',*,*,#1542,.T.);
#1986=ORIENTED_EDGE('',*,*,#1533,.F.);
#1987=ORIENTED_EDGE('',*,*,#1543,.T.);
#1988=ORIENTED_EDGE('',*,*,#1544,.T.);
#1989=ORIENTED_EDGE('',*,*,#1540,.F.);
#1990=ORIENTED_EDGE('',*,*,#1539,.F.);
#1991=ORIENTED_EDGE('',*,*,#1545,.T.);
#1992=ORIENTED_EDGE('',*,*,#1546,.T.);
#1993=ORIENTED_EDGE('',*,*,#1543,.F.);
#1994=ORIENTED_EDGE('',*,*,#1541,.F.);
#1995=ORIENTED_EDGE('',*,*,#1547,.F.);
#1996=ORIENTED_EDGE('',*,*,#1548,.F.);
#1997=ORIENTED_EDGE('',*,*,#1549,.F.);
#1998=ORIENTED_EDGE('',*,*,#1544,.F.);
#1999=ORIENTED_EDGE('',*,*,#1550,.T.);
#2000=ORIENTED_EDGE('',*,*,#1551,.T.);
#2001=ORIENTED_EDGE('',*,*,#1547,.T.);
#2002=ORIENTED_EDGE('',*,*,#1546,.F.);
#2003=ORIENTED_EDGE('',*,*,#1552,.F.);
#2004=ORIENTED_EDGE('',*,*,#1553,.F.);
#2005=ORIENTED_EDGE('',*,*,#1550,.F.);
#2006=ORIENTED_EDGE('',*,*,#1522,.F.);
#2007=ORIENTED_EDGE('',*,*,#1554,.F.);
#2008=ORIENTED_EDGE('',*,*,#1555,.F.);
#2009=ORIENTED_EDGE('',*,*,#1556,.F.);
#2010=ORIENTED_EDGE('',*,*,#1525,.F.);
#2011=ORIENTED_EDGE('',*,*,#1557,.T.);
#2012=ORIENTED_EDGE('',*,*,#1558,.T.);
#2013=ORIENTED_EDGE('',*,*,#1554,.T.);
#2014=ORIENTED_EDGE('',*,*,#1527,.F.);
#2015=ORIENTED_EDGE('',*,*,#1559,.F.);
#2016=ORIENTED_EDGE('',*,*,#1560,.F.);
#2017=ORIENTED_EDGE('',*,*,#1557,.F.);
#2018=ORIENTED_EDGE('',*,*,#1484,.F.);
#2019=ORIENTED_EDGE('',*,*,#1561,.F.);
#2020=ORIENTED_EDGE('',*,*,#1562,.F.);
#2021=ORIENTED_EDGE('',*,*,#1563,.F.);
#2022=ORIENTED_EDGE('',*,*,#1487,.F.);
#2023=ORIENTED_EDGE('',*,*,#1564,.T.);
#2024=ORIENTED_EDGE('',*,*,#1565,.T.);
#2025=ORIENTED_EDGE('',*,*,#1561,.T.);
#2026=ORIENTED_EDGE('',*,*,#1489,.F.);
#2027=ORIENTED_EDGE('',*,*,#1566,.F.);
#2028=ORIENTED_EDGE('',*,*,#1567,.F.);
#2029=ORIENTED_EDGE('',*,*,#1564,.F.);
#2030=ORIENTED_EDGE('',*,*,#1503,.F.);
#2031=ORIENTED_EDGE('',*,*,#1568,.F.);
#2032=ORIENTED_EDGE('',*,*,#1569,.F.);
#2033=ORIENTED_EDGE('',*,*,#1570,.F.);
#2034=ORIENTED_EDGE('',*,*,#1506,.F.);
#2035=ORIENTED_EDGE('',*,*,#1571,.T.);
#2036=ORIENTED_EDGE('',*,*,#1572,.T.);
#2037=ORIENTED_EDGE('',*,*,#1568,.T.);
#2038=ORIENTED_EDGE('',*,*,#1508,.F.);
#2039=ORIENTED_EDGE('',*,*,#1573,.F.);
#2040=ORIENTED_EDGE('',*,*,#1574,.F.);
#2041=ORIENTED_EDGE('',*,*,#1571,.F.);
#2042=ORIENTED_EDGE('',*,*,#1575,.T.);
#2043=ORIENTED_EDGE('',*,*,#1576,.T.);
#2044=ORIENTED_EDGE('',*,*,#1577,.T.);
#2045=ORIENTED_EDGE('',*,*,#1578,.T.);
#2046=ORIENTED_EDGE('',*,*,#1576,.F.);
#2047=ORIENTED_EDGE('',*,*,#1579,.F.);
#2048=ORIENTED_EDGE('',*,*,#1580,.F.);
#2049=ORIENTED_EDGE('',*,*,#1581,.T.);
#2050=ORIENTED_EDGE('',*,*,#1575,.F.);
#2051=ORIENTED_EDGE('',*,*,#1582,.T.);
#2052=ORIENTED_EDGE('',*,*,#1583,.F.);
#2053=ORIENTED_EDGE('',*,*,#1569,.T.);
#2054=ORIENTED_EDGE('',*,*,#1572,.F.);
#2055=ORIENTED_EDGE('',*,*,#1574,.T.);
#2056=ORIENTED_EDGE('',*,*,#1584,.F.);
#2057=ORIENTED_EDGE('',*,*,#1579,.T.);
#2058=ORIENTED_EDGE('',*,*,#1585,.T.);
#2059=ORIENTED_EDGE('',*,*,#1586,.T.);
#2060=ORIENTED_EDGE('',*,*,#1587,.T.);
#2061=ORIENTED_EDGE('',*,*,#1588,.T.);
#2062=ORIENTED_EDGE('',*,*,#1588,.F.);
#2063=ORIENTED_EDGE('',*,*,#1589,.T.);
#2064=ORIENTED_EDGE('',*,*,#1590,.F.);
#2065=ORIENTED_EDGE('',*,*,#1591,.F.);
#2066=ORIENTED_EDGE('',*,*,#1587,.F.);
#2067=ORIENTED_EDGE('',*,*,#1592,.F.);
#2068=ORIENTED_EDGE('',*,*,#1593,.F.);
#2069=ORIENTED_EDGE('',*,*,#1594,.F.);
#2070=ORIENTED_EDGE('',*,*,#1595,.F.);
#2071=ORIENTED_EDGE('',*,*,#1589,.F.);
#2072=ORIENTED_EDGE('',*,*,#1596,.T.);
#2073=ORIENTED_EDGE('',*,*,#1597,.T.);
#2074=ORIENTED_EDGE('',*,*,#1598,.T.);
#2075=ORIENTED_EDGE('',*,*,#1599,.T.);
#2076=ORIENTED_EDGE('',*,*,#1597,.F.);
#2077=ORIENTED_EDGE('',*,*,#1600,.F.);
#2078=ORIENTED_EDGE('',*,*,#1601,.F.);
#2079=ORIENTED_EDGE('',*,*,#1602,.T.);
#2080=ORIENTED_EDGE('',*,*,#1596,.F.);
#2081=ORIENTED_EDGE('',*,*,#1603,.T.);
#2082=ORIENTED_EDGE('',*,*,#1604,.F.);
#2083=ORIENTED_EDGE('',*,*,#1548,.T.);
#2084=ORIENTED_EDGE('',*,*,#1551,.F.);
#2085=ORIENTED_EDGE('',*,*,#1553,.T.);
#2086=ORIENTED_EDGE('',*,*,#1605,.F.);
#2087=ORIENTED_EDGE('',*,*,#1600,.T.);
#2088=ORIENTED_EDGE('',*,*,#1493,.F.);
#2089=ORIENTED_EDGE('',*,*,#1606,.F.);
#2090=ORIENTED_EDGE('',*,*,#1498,.F.);
#2091=ORIENTED_EDGE('',*,*,#1496,.F.);
#2092=ORIENTED_EDGE('',*,*,#1474,.F.);
#2093=ORIENTED_EDGE('',*,*,#1607,.F.);
#2094=ORIENTED_EDGE('',*,*,#1479,.F.);
#2095=ORIENTED_EDGE('',*,*,#1476,.F.);
#2096=ORIENTED_EDGE('',*,*,#1531,.F.);
#2097=ORIENTED_EDGE('',*,*,#1608,.F.);
#2098=ORIENTED_EDGE('',*,*,#1536,.F.);
#2099=ORIENTED_EDGE('',*,*,#1534,.F.);
#2100=ORIENTED_EDGE('',*,*,#1609,.T.);
#2101=ORIENTED_EDGE('',*,*,#1610,.T.);
#2102=ORIENTED_EDGE('',*,*,#1611,.T.);
#2103=ORIENTED_EDGE('',*,*,#1612,.T.);
#2104=ORIENTED_EDGE('',*,*,#1612,.F.);
#2105=ORIENTED_EDGE('',*,*,#1613,.T.);
#2106=ORIENTED_EDGE('',*,*,#1614,.F.);
#2107=ORIENTED_EDGE('',*,*,#1615,.F.);
#2108=ORIENTED_EDGE('',*,*,#1611,.F.);
#2109=ORIENTED_EDGE('',*,*,#1616,.F.);
#2110=ORIENTED_EDGE('',*,*,#1617,.F.);
#2111=ORIENTED_EDGE('',*,*,#1618,.F.);
#2112=ORIENTED_EDGE('',*,*,#1619,.F.);
#2113=ORIENTED_EDGE('',*,*,#1613,.F.);
#2114=ORIENTED_EDGE('',*,*,#1512,.F.);
#2115=ORIENTED_EDGE('',*,*,#1620,.F.);
#2116=ORIENTED_EDGE('',*,*,#1517,.F.);
#2117=ORIENTED_EDGE('',*,*,#1514,.F.);
#2118=ORIENTED_EDGE('',*,*,#1621,.F.);
#2119=ORIENTED_EDGE('',*,*,#1472,.F.);
#2120=ORIENTED_EDGE('',*,*,#1485,.F.);
#2121=ORIENTED_EDGE('',*,*,#1563,.T.);
#2122=ORIENTED_EDGE('',*,*,#1622,.T.);
#2123=ORIENTED_EDGE('',*,*,#1590,.T.);
#2124=ORIENTED_EDGE('',*,*,#1595,.T.);
#2125=ORIENTED_EDGE('',*,*,#1623,.F.);
#2126=ORIENTED_EDGE('',*,*,#1624,.T.);
#2127=ORIENTED_EDGE('',*,*,#1625,.F.);
#2128=ORIENTED_EDGE('',*,*,#1626,.T.);
#2129=ORIENTED_EDGE('',*,*,#1580,.T.);
#2130=ORIENTED_EDGE('',*,*,#1584,.T.);
#2131=ORIENTED_EDGE('',*,*,#1573,.T.);
#2132=ORIENTED_EDGE('',*,*,#1507,.F.);
#2133=ORIENTED_EDGE('',*,*,#1500,.T.);
#2134=ORIENTED_EDGE('',*,*,#1627,.F.);
#2135=ORIENTED_EDGE('',*,*,#1628,.F.);
#2136=ORIENTED_EDGE('',*,*,#1629,.T.);
#2137=ORIENTED_EDGE('',*,*,#1630,.T.);
#2138=ORIENTED_EDGE('',*,*,#1631,.T.);
#2139=ORIENTED_EDGE('',*,*,#1632,.T.);
#2140=ORIENTED_EDGE('',*,*,#1633,.T.);
#2141=ORIENTED_EDGE('',*,*,#1634,.T.);
#2142=ORIENTED_EDGE('',*,*,#1635,.T.);
#2143=ORIENTED_EDGE('',*,*,#1636,.T.);
#2144=ORIENTED_EDGE('',*,*,#1637,.T.);
#2145=ORIENTED_EDGE('',*,*,#1638,.T.);
#2146=ORIENTED_EDGE('',*,*,#1639,.T.);
#2147=ORIENTED_EDGE('',*,*,#1640,.T.);
#2148=ORIENTED_EDGE('',*,*,#1641,.T.);
#2149=ORIENTED_EDGE('',*,*,#1642,.T.);
#2150=ORIENTED_EDGE('',*,*,#1643,.T.);
#2151=ORIENTED_EDGE('',*,*,#1644,.T.);
#2152=ORIENTED_EDGE('',*,*,#1645,.T.);
#2153=ORIENTED_EDGE('',*,*,#1646,.T.);
#2154=ORIENTED_EDGE('',*,*,#1647,.T.);
#2155=ORIENTED_EDGE('',*,*,#1648,.T.);
#2156=ORIENTED_EDGE('',*,*,#1649,.T.);
#2157=ORIENTED_EDGE('',*,*,#1650,.T.);
#2158=ORIENTED_EDGE('',*,*,#1585,.F.);
#2159=ORIENTED_EDGE('',*,*,#1591,.T.);
#2160=ORIENTED_EDGE('',*,*,#1622,.F.);
#2161=ORIENTED_EDGE('',*,*,#1562,.T.);
#2162=ORIENTED_EDGE('',*,*,#1565,.F.);
#2163=ORIENTED_EDGE('',*,*,#1567,.T.);
#2164=ORIENTED_EDGE('',*,*,#1651,.F.);
#2165=ORIENTED_EDGE('',*,*,#1652,.T.);
#2166=ORIENTED_EDGE('',*,*,#1577,.F.);
#2167=ORIENTED_EDGE('',*,*,#1581,.F.);
#2168=ORIENTED_EDGE('',*,*,#1626,.F.);
#2169=ORIENTED_EDGE('',*,*,#1653,.F.);
#2170=ORIENTED_EDGE('',*,*,#1654,.F.);
#2171=ORIENTED_EDGE('',*,*,#1655,.F.);
#2172=ORIENTED_EDGE('',*,*,#1656,.F.);
#2173=ORIENTED_EDGE('',*,*,#1491,.F.);
#2174=ORIENTED_EDGE('',*,*,#1504,.F.);
#2175=ORIENTED_EDGE('',*,*,#1570,.T.);
#2176=ORIENTED_EDGE('',*,*,#1583,.T.);
#2177=ORIENTED_EDGE('',*,*,#1657,.T.);
#2178=ORIENTED_EDGE('',*,*,#1654,.T.);
#2179=ORIENTED_EDGE('',*,*,#1658,.F.);
#2180=ORIENTED_EDGE('',*,*,#1659,.T.);
#2181=ORIENTED_EDGE('',*,*,#1660,.F.);
#2182=ORIENTED_EDGE('',*,*,#1617,.T.);
#2183=ORIENTED_EDGE('',*,*,#1661,.T.);
#2184=ORIENTED_EDGE('',*,*,#1662,.T.);
#2185=ORIENTED_EDGE('',*,*,#1559,.T.);
#2186=ORIENTED_EDGE('',*,*,#1526,.F.);
#2187=ORIENTED_EDGE('',*,*,#1519,.T.);
#2188=ORIENTED_EDGE('',*,*,#1663,.F.);
#2189=ORIENTED_EDGE('',*,*,#1664,.F.);
#2190=ORIENTED_EDGE('',*,*,#1598,.F.);
#2191=ORIENTED_EDGE('',*,*,#1602,.F.);
#2192=ORIENTED_EDGE('',*,*,#1665,.F.);
#2193=ORIENTED_EDGE('',*,*,#1666,.F.);
#2194=ORIENTED_EDGE('',*,*,#1667,.F.);
#2195=ORIENTED_EDGE('',*,*,#1668,.F.);
#2196=ORIENTED_EDGE('',*,*,#1669,.F.);
#2197=ORIENTED_EDGE('',*,*,#1670,.T.);
#2198=ORIENTED_EDGE('',*,*,#1671,.F.);
#2199=ORIENTED_EDGE('',*,*,#1529,.F.);
#2200=ORIENTED_EDGE('',*,*,#1542,.F.);
#2201=ORIENTED_EDGE('',*,*,#1549,.T.);
#2202=ORIENTED_EDGE('',*,*,#1604,.T.);
#2203=ORIENTED_EDGE('',*,*,#1672,.T.);
#2204=ORIENTED_EDGE('',*,*,#1667,.T.);
#2205=ORIENTED_EDGE('',*,*,#1673,.F.);
#2206=ORIENTED_EDGE('',*,*,#1674,.T.);
#2207=ORIENTED_EDGE('',*,*,#1675,.F.);
#2208=ORIENTED_EDGE('',*,*,#1593,.T.);
#2209=ORIENTED_EDGE('',*,*,#1676,.T.);
#2210=ORIENTED_EDGE('',*,*,#1651,.T.);
#2211=ORIENTED_EDGE('',*,*,#1566,.T.);
#2212=ORIENTED_EDGE('',*,*,#1488,.F.);
#2213=ORIENTED_EDGE('',*,*,#1481,.T.);
#2214=ORIENTED_EDGE('',*,*,#1677,.F.);
#2215=ORIENTED_EDGE('',*,*,#1678,.F.);
#2216=ORIENTED_EDGE('',*,*,#1679,.F.);
#2217=ORIENTED_EDGE('',*,*,#1510,.F.);
#2218=ORIENTED_EDGE('',*,*,#1523,.F.);
#2219=ORIENTED_EDGE('',*,*,#1556,.T.);
#2220=ORIENTED_EDGE('',*,*,#1680,.T.);
#2221=ORIENTED_EDGE('',*,*,#1614,.T.);
#2222=ORIENTED_EDGE('',*,*,#1619,.T.);
#2223=ORIENTED_EDGE('',*,*,#1681,.F.);
#2224=ORIENTED_EDGE('',*,*,#1682,.T.);
#2225=ORIENTED_EDGE('',*,*,#1683,.F.);
#2226=ORIENTED_EDGE('',*,*,#1665,.T.);
#2227=ORIENTED_EDGE('',*,*,#1601,.T.);
#2228=ORIENTED_EDGE('',*,*,#1605,.T.);
#2229=ORIENTED_EDGE('',*,*,#1552,.T.);
#2230=ORIENTED_EDGE('',*,*,#1545,.F.);
#2231=ORIENTED_EDGE('',*,*,#1538,.T.);
#2232=ORIENTED_EDGE('',*,*,#1684,.T.);
#2233=ORIENTED_EDGE('',*,*,#1685,.T.);
#2234=ORIENTED_EDGE('',*,*,#1686,.T.);
#2235=ORIENTED_EDGE('',*,*,#1687,.T.);
#2236=ORIENTED_EDGE('',*,*,#1688,.T.);
#2237=ORIENTED_EDGE('',*,*,#1689,.T.);
#2238=ORIENTED_EDGE('',*,*,#1690,.T.);
#2239=ORIENTED_EDGE('',*,*,#1691,.T.);
#2240=ORIENTED_EDGE('',*,*,#1692,.T.);
#2241=ORIENTED_EDGE('',*,*,#1693,.T.);
#2242=ORIENTED_EDGE('',*,*,#1694,.T.);
#2243=ORIENTED_EDGE('',*,*,#1695,.T.);
#2244=ORIENTED_EDGE('',*,*,#1696,.T.);
#2245=ORIENTED_EDGE('',*,*,#1697,.T.);
#2246=ORIENTED_EDGE('',*,*,#1698,.T.);
#2247=ORIENTED_EDGE('',*,*,#1699,.T.);
#2248=ORIENTED_EDGE('',*,*,#1700,.T.);
#2249=ORIENTED_EDGE('',*,*,#1701,.T.);
#2250=ORIENTED_EDGE('',*,*,#1702,.T.);
#2251=ORIENTED_EDGE('',*,*,#1703,.T.);
#2252=ORIENTED_EDGE('',*,*,#1704,.T.);
#2253=ORIENTED_EDGE('',*,*,#1705,.T.);
#2254=ORIENTED_EDGE('',*,*,#1609,.F.);
#2255=ORIENTED_EDGE('',*,*,#1615,.T.);
#2256=ORIENTED_EDGE('',*,*,#1680,.F.);
#2257=ORIENTED_EDGE('',*,*,#1555,.T.);
#2258=ORIENTED_EDGE('',*,*,#1558,.F.);
#2259=ORIENTED_EDGE('',*,*,#1560,.T.);
#2260=ORIENTED_EDGE('',*,*,#1662,.F.);
#2261=ORIENTED_EDGE('',*,*,#1706,.T.);
#2262=ORIENTED_EDGE('',*,*,#1599,.F.);
#2263=ORIENTED_EDGE('',*,*,#1668,.T.);
#2264=ORIENTED_EDGE('',*,*,#1672,.F.);
#2265=ORIENTED_EDGE('',*,*,#1603,.F.);
#2266=ORIENTED_EDGE('',*,*,#1666,.T.);
#2267=ORIENTED_EDGE('',*,*,#1683,.T.);
#2268=ORIENTED_EDGE('',*,*,#1707,.T.);
#2269=ORIENTED_EDGE('',*,*,#1673,.T.);
#2270=ORIENTED_EDGE('',*,*,#1608,.T.);
#2271=ORIENTED_EDGE('',*,*,#1530,.F.);
#2272=ORIENTED_EDGE('',*,*,#1671,.T.);
#2273=ORIENTED_EDGE('',*,*,#1708,.F.);
#2274=ORIENTED_EDGE('',*,*,#1677,.T.);
#2275=ORIENTED_EDGE('',*,*,#1537,.T.);
#2276=ORIENTED_EDGE('',*,*,#1610,.F.);
#2277=ORIENTED_EDGE('',*,*,#1706,.F.);
#2278=ORIENTED_EDGE('',*,*,#1661,.F.);
#2279=ORIENTED_EDGE('',*,*,#1616,.T.);
#2280=ORIENTED_EDGE('',*,*,#1618,.T.);
#2281=ORIENTED_EDGE('',*,*,#1660,.T.);
#2282=ORIENTED_EDGE('',*,*,#1709,.T.);
#2283=ORIENTED_EDGE('',*,*,#1681,.T.);
#2284=ORIENTED_EDGE('',*,*,#1586,.F.);
#2285=ORIENTED_EDGE('',*,*,#1652,.F.);
#2286=ORIENTED_EDGE('',*,*,#1676,.F.);
#2287=ORIENTED_EDGE('',*,*,#1592,.T.);
#2288=ORIENTED_EDGE('',*,*,#1594,.T.);
#2289=ORIENTED_EDGE('',*,*,#1675,.T.);
#2290=ORIENTED_EDGE('',*,*,#1710,.T.);
#2291=ORIENTED_EDGE('',*,*,#1623,.T.);
#2292=ORIENTED_EDGE('',*,*,#1578,.F.);
#2293=ORIENTED_EDGE('',*,*,#1655,.T.);
#2294=ORIENTED_EDGE('',*,*,#1657,.F.);
#2295=ORIENTED_EDGE('',*,*,#1582,.F.);
#2296=ORIENTED_EDGE('',*,*,#1653,.T.);
#2297=ORIENTED_EDGE('',*,*,#1625,.T.);
#2298=ORIENTED_EDGE('',*,*,#1711,.T.);
#2299=ORIENTED_EDGE('',*,*,#1658,.T.);
#2300=ORIENTED_EDGE('',*,*,#1712,.T.);
#2301=ORIENTED_EDGE('',*,*,#1713,.T.);
#2302=ORIENTED_EDGE('',*,*,#1714,.T.);
#2303=ORIENTED_EDGE('',*,*,#1715,.T.);
#2304=ORIENTED_EDGE('',*,*,#1712,.F.);
#2305=ORIENTED_EDGE('',*,*,#1716,.T.);
#2306=ORIENTED_EDGE('',*,*,#1717,.T.);
#2307=ORIENTED_EDGE('',*,*,#1718,.T.);
#2308=ORIENTED_EDGE('',*,*,#1717,.F.);
#2309=ORIENTED_EDGE('',*,*,#1719,.T.);
#2310=ORIENTED_EDGE('',*,*,#1720,.T.);
#2311=ORIENTED_EDGE('',*,*,#1721,.T.);
#2312=ORIENTED_EDGE('',*,*,#1720,.F.);
#2313=ORIENTED_EDGE('',*,*,#1722,.T.);
#2314=ORIENTED_EDGE('',*,*,#1723,.T.);
#2315=ORIENTED_EDGE('',*,*,#1724,.T.);
#2316=ORIENTED_EDGE('',*,*,#1723,.F.);
#2317=ORIENTED_EDGE('',*,*,#1725,.T.);
#2318=ORIENTED_EDGE('',*,*,#1726,.T.);
#2319=ORIENTED_EDGE('',*,*,#1727,.T.);
#2320=ORIENTED_EDGE('',*,*,#1726,.F.);
#2321=ORIENTED_EDGE('',*,*,#1728,.T.);
#2322=ORIENTED_EDGE('',*,*,#1729,.T.);
#2323=ORIENTED_EDGE('',*,*,#1730,.T.);
#2324=ORIENTED_EDGE('',*,*,#1729,.F.);
#2325=ORIENTED_EDGE('',*,*,#1731,.T.);
#2326=ORIENTED_EDGE('',*,*,#1732,.T.);
#2327=ORIENTED_EDGE('',*,*,#1733,.T.);
#2328=ORIENTED_EDGE('',*,*,#1732,.F.);
#2329=ORIENTED_EDGE('',*,*,#1734,.T.);
#2330=ORIENTED_EDGE('',*,*,#1714,.F.);
#2331=ORIENTED_EDGE('',*,*,#1735,.T.);
#2332=ORIENTED_EDGE('',*,*,#1722,.F.);
#2333=ORIENTED_EDGE('',*,*,#1736,.T.);
#2334=ORIENTED_EDGE('',*,*,#1737,.T.);
#2335=ORIENTED_EDGE('',*,*,#1738,.T.);
#2336=ORIENTED_EDGE('',*,*,#1719,.F.);
#2337=ORIENTED_EDGE('',*,*,#1739,.F.);
#2338=ORIENTED_EDGE('',*,*,#1740,.T.);
#2339=ORIENTED_EDGE('',*,*,#1736,.F.);
#2340=ORIENTED_EDGE('',*,*,#1741,.T.);
#2341=ORIENTED_EDGE('',*,*,#1742,.T.);
#2342=ORIENTED_EDGE('',*,*,#1743,.T.);
#2343=ORIENTED_EDGE('',*,*,#1744,.T.);
#2344=ORIENTED_EDGE('',*,*,#1745,.T.);
#2345=ORIENTED_EDGE('',*,*,#1746,.T.);
#2346=ORIENTED_EDGE('',*,*,#1747,.T.);
#2347=ORIENTED_EDGE('',*,*,#1748,.T.);
#2348=ORIENTED_EDGE('',*,*,#1716,.F.);
#2349=ORIENTED_EDGE('',*,*,#1749,.T.);
#2350=ORIENTED_EDGE('',*,*,#1750,.T.);
#2351=ORIENTED_EDGE('',*,*,#1739,.T.);
#2352=ORIENTED_EDGE('',*,*,#1715,.F.);
#2353=ORIENTED_EDGE('',*,*,#1751,.F.);
#2354=ORIENTED_EDGE('',*,*,#1752,.T.);
#2355=ORIENTED_EDGE('',*,*,#1749,.F.);
#2356=ORIENTED_EDGE('',*,*,#1713,.F.);
#2357=ORIENTED_EDGE('',*,*,#1718,.F.);
#2358=ORIENTED_EDGE('',*,*,#1721,.F.);
#2359=ORIENTED_EDGE('',*,*,#1724,.F.);
#2360=ORIENTED_EDGE('',*,*,#1727,.F.);
#2361=ORIENTED_EDGE('',*,*,#1730,.F.);
#2362=ORIENTED_EDGE('',*,*,#1733,.F.);
#2363=ORIENTED_EDGE('',*,*,#1735,.F.);
#2364=ORIENTED_EDGE('',*,*,#1753,.T.);
#2365=ORIENTED_EDGE('',*,*,#1754,.T.);
#2366=ORIENTED_EDGE('',*,*,#1755,.T.);
#2367=ORIENTED_EDGE('',*,*,#1756,.T.);
#2368=ORIENTED_EDGE('',*,*,#1757,.T.);
#2369=ORIENTED_EDGE('',*,*,#1758,.T.);
#2370=ORIENTED_EDGE('',*,*,#1759,.T.);
#2371=ORIENTED_EDGE('',*,*,#1760,.T.);
#2372=ORIENTED_EDGE('',*,*,#1761,.T.);
#2373=ORIENTED_EDGE('',*,*,#1762,.T.);
#2374=ORIENTED_EDGE('',*,*,#1763,.T.);
#2375=ORIENTED_EDGE('',*,*,#1607,.T.);
#2376=ORIENTED_EDGE('',*,*,#1473,.F.);
#2377=ORIENTED_EDGE('',*,*,#1621,.T.);
#2378=ORIENTED_EDGE('',*,*,#1764,.F.);
#2379=ORIENTED_EDGE('',*,*,#1669,.T.);
#2380=ORIENTED_EDGE('',*,*,#1480,.T.);
#2381=ORIENTED_EDGE('',*,*,#1606,.T.);
#2382=ORIENTED_EDGE('',*,*,#1492,.F.);
#2383=ORIENTED_EDGE('',*,*,#1656,.T.);
#2384=ORIENTED_EDGE('',*,*,#1765,.F.);
#2385=ORIENTED_EDGE('',*,*,#1627,.T.);
#2386=ORIENTED_EDGE('',*,*,#1499,.T.);
#2387=ORIENTED_EDGE('',*,*,#1764,.T.);
#2388=ORIENTED_EDGE('',*,*,#1628,.T.);
#2389=ORIENTED_EDGE('',*,*,#1765,.T.);
#2390=ORIENTED_EDGE('',*,*,#1664,.T.);
#2391=ORIENTED_EDGE('',*,*,#1766,.T.);
#2392=ORIENTED_EDGE('',*,*,#1678,.T.);
#2393=ORIENTED_EDGE('',*,*,#1708,.T.);
#2394=ORIENTED_EDGE('',*,*,#1670,.F.);
#2395=ORIENTED_EDGE('',*,*,#1767,.T.);
#2396=ORIENTED_EDGE('',*,*,#1768,.T.);
#2397=ORIENTED_EDGE('',*,*,#1769,.T.);
#2398=ORIENTED_EDGE('',*,*,#1770,.T.);
#2399=ORIENTED_EDGE('',*,*,#1771,.T.);
#2400=ORIENTED_EDGE('',*,*,#1620,.T.);
#2401=ORIENTED_EDGE('',*,*,#1511,.F.);
#2402=ORIENTED_EDGE('',*,*,#1679,.T.);
#2403=ORIENTED_EDGE('',*,*,#1766,.F.);
#2404=ORIENTED_EDGE('',*,*,#1663,.T.);
#2405=ORIENTED_EDGE('',*,*,#1518,.T.);
#2406=ORIENTED_EDGE('',*,*,#1728,.F.);
#2407=ORIENTED_EDGE('',*,*,#1772,.T.);
#2408=ORIENTED_EDGE('',*,*,#1773,.T.);
#2409=ORIENTED_EDGE('',*,*,#1774,.T.);
#2410=ORIENTED_EDGE('',*,*,#1773,.F.);
#2411=ORIENTED_EDGE('',*,*,#1775,.F.);
#2412=ORIENTED_EDGE('',*,*,#1737,.F.);
#2413=ORIENTED_EDGE('',*,*,#1740,.F.);
#2414=ORIENTED_EDGE('',*,*,#1750,.F.);
#2415=ORIENTED_EDGE('',*,*,#1752,.F.);
#2416=ORIENTED_EDGE('',*,*,#1776,.F.);
#2417=ORIENTED_EDGE('',*,*,#1777,.F.);
#2418=ORIENTED_EDGE('',*,*,#1709,.F.);
#2419=ORIENTED_EDGE('',*,*,#1659,.F.);
#2420=ORIENTED_EDGE('',*,*,#1711,.F.);
#2421=ORIENTED_EDGE('',*,*,#1624,.F.);
#2422=ORIENTED_EDGE('',*,*,#1710,.F.);
#2423=ORIENTED_EDGE('',*,*,#1674,.F.);
#2424=ORIENTED_EDGE('',*,*,#1707,.F.);
#2425=ORIENTED_EDGE('',*,*,#1682,.F.);
#2426=ORIENTED_EDGE('',*,*,#1725,.F.);
#2427=ORIENTED_EDGE('',*,*,#1738,.F.);
#2428=ORIENTED_EDGE('',*,*,#1775,.T.);
#2429=ORIENTED_EDGE('',*,*,#1772,.F.);
#2430=ORIENTED_EDGE('',*,*,#1734,.F.);
#2431=ORIENTED_EDGE('',*,*,#1778,.T.);
#2432=ORIENTED_EDGE('',*,*,#1776,.T.);
#2433=ORIENTED_EDGE('',*,*,#1751,.T.);
#2434=ORIENTED_EDGE('',*,*,#1763,.F.);
#2435=ORIENTED_EDGE('',*,*,#1779,.T.);
#2436=ORIENTED_EDGE('',*,*,#1780,.F.);
#2437=ORIENTED_EDGE('',*,*,#1779,.F.);
#2438=ORIENTED_EDGE('',*,*,#1759,.F.);
#2439=ORIENTED_EDGE('',*,*,#1781,.T.);
#2440=ORIENTED_EDGE('',*,*,#1782,.F.);
#2441=ORIENTED_EDGE('',*,*,#1783,.F.);
#2442=ORIENTED_EDGE('',*,*,#1760,.F.);
#2443=ORIENTED_EDGE('',*,*,#1783,.T.);
#2444=ORIENTED_EDGE('',*,*,#1784,.F.);
#2445=ORIENTED_EDGE('',*,*,#1785,.F.);
#2446=ORIENTED_EDGE('',*,*,#1758,.F.);
#2447=ORIENTED_EDGE('',*,*,#1786,.F.);
#2448=ORIENTED_EDGE('',*,*,#1787,.F.);
#2449=ORIENTED_EDGE('',*,*,#1781,.F.);
#2450=ORIENTED_EDGE('',*,*,#1787,.T.);
#2451=ORIENTED_EDGE('',*,*,#1788,.F.);
#2452=ORIENTED_EDGE('',*,*,#1784,.T.);
#2453=ORIENTED_EDGE('',*,*,#1782,.T.);
#2454=ORIENTED_EDGE('',*,*,#1780,.T.);
#2455=ORIENTED_EDGE('',*,*,#1768,.F.);
#2456=ORIENTED_EDGE('',*,*,#1789,.F.);
#2457=ORIENTED_EDGE('',*,*,#1790,.F.);
#2458=ORIENTED_EDGE('',*,*,#1762,.F.);
#2459=ORIENTED_EDGE('',*,*,#1791,.F.);
#2460=ORIENTED_EDGE('',*,*,#1767,.F.);
#2461=ORIENTED_EDGE('',*,*,#1792,.F.);
#2462=ORIENTED_EDGE('',*,*,#1789,.T.);
#2463=ORIENTED_EDGE('',*,*,#1771,.F.);
#2464=ORIENTED_EDGE('',*,*,#1793,.T.);
#2465=ORIENTED_EDGE('',*,*,#1755,.F.);
#2466=ORIENTED_EDGE('',*,*,#1754,.F.);
#2467=ORIENTED_EDGE('',*,*,#1753,.F.);
#2468=ORIENTED_EDGE('',*,*,#1790,.T.);
#2469=ORIENTED_EDGE('',*,*,#1792,.T.);
#2470=ORIENTED_EDGE('',*,*,#1786,.T.);
#2471=ORIENTED_EDGE('',*,*,#1757,.F.);
#2472=ORIENTED_EDGE('',*,*,#1794,.T.);
#2473=ORIENTED_EDGE('',*,*,#1769,.F.);
#2474=ORIENTED_EDGE('',*,*,#1791,.T.);
#2475=ORIENTED_EDGE('',*,*,#1761,.F.);
#2476=ORIENTED_EDGE('',*,*,#1785,.T.);
#2477=ORIENTED_EDGE('',*,*,#1788,.T.);
#2478=ORIENTED_EDGE('',*,*,#1770,.F.);
#2479=ORIENTED_EDGE('',*,*,#1794,.F.);
#2480=ORIENTED_EDGE('',*,*,#1756,.F.);
#2481=ORIENTED_EDGE('',*,*,#1793,.F.);
#2482=ORIENTED_EDGE('',*,*,#1632,.F.);
#2483=ORIENTED_EDGE('',*,*,#1795,.T.);
#2484=ORIENTED_EDGE('',*,*,#1796,.T.);
#2485=ORIENTED_EDGE('',*,*,#1797,.F.);
#2486=ORIENTED_EDGE('',*,*,#1631,.F.);
#2487=ORIENTED_EDGE('',*,*,#1798,.T.);
#2488=ORIENTED_EDGE('',*,*,#1799,.T.);
#2489=ORIENTED_EDGE('',*,*,#1795,.F.);
#2490=ORIENTED_EDGE('',*,*,#1630,.F.);
#2491=ORIENTED_EDGE('',*,*,#1800,.T.);
#2492=ORIENTED_EDGE('',*,*,#1801,.T.);
#2493=ORIENTED_EDGE('',*,*,#1798,.F.);
#2494=ORIENTED_EDGE('',*,*,#1629,.F.);
#2495=ORIENTED_EDGE('',*,*,#1802,.T.);
#2496=ORIENTED_EDGE('',*,*,#1803,.T.);
#2497=ORIENTED_EDGE('',*,*,#1800,.F.);
#2498=ORIENTED_EDGE('',*,*,#1635,.F.);
#2499=ORIENTED_EDGE('',*,*,#1804,.T.);
#2500=ORIENTED_EDGE('',*,*,#1805,.T.);
#2501=ORIENTED_EDGE('',*,*,#1802,.F.);
#2502=ORIENTED_EDGE('',*,*,#1634,.F.);
#2503=ORIENTED_EDGE('',*,*,#1806,.T.);
#2504=ORIENTED_EDGE('',*,*,#1807,.T.);
#2505=ORIENTED_EDGE('',*,*,#1804,.F.);
#2506=ORIENTED_EDGE('',*,*,#1633,.F.);
#2507=ORIENTED_EDGE('',*,*,#1797,.T.);
#2508=ORIENTED_EDGE('',*,*,#1808,.T.);
#2509=ORIENTED_EDGE('',*,*,#1806,.F.);
#2510=ORIENTED_EDGE('',*,*,#1801,.F.);
#2511=ORIENTED_EDGE('',*,*,#1803,.F.);
#2512=ORIENTED_EDGE('',*,*,#1805,.F.);
#2513=ORIENTED_EDGE('',*,*,#1807,.F.);
#2514=ORIENTED_EDGE('',*,*,#1808,.F.);
#2515=ORIENTED_EDGE('',*,*,#1796,.F.);
#2516=ORIENTED_EDGE('',*,*,#1799,.F.);
#2517=ORIENTED_EDGE('',*,*,#1639,.F.);
#2518=ORIENTED_EDGE('',*,*,#1809,.T.);
#2519=ORIENTED_EDGE('',*,*,#1810,.T.);
#2520=ORIENTED_EDGE('',*,*,#1811,.F.);
#2521=ORIENTED_EDGE('',*,*,#1638,.F.);
#2522=ORIENTED_EDGE('',*,*,#1812,.T.);
#2523=ORIENTED_EDGE('',*,*,#1813,.T.);
#2524=ORIENTED_EDGE('',*,*,#1809,.F.);
#2525=ORIENTED_EDGE('',*,*,#1637,.F.);
#2526=ORIENTED_EDGE('',*,*,#1814,.T.);
#2527=ORIENTED_EDGE('',*,*,#1815,.T.);
#2528=ORIENTED_EDGE('',*,*,#1812,.F.);
#2529=ORIENTED_EDGE('',*,*,#1636,.F.);
#2530=ORIENTED_EDGE('',*,*,#1816,.T.);
#2531=ORIENTED_EDGE('',*,*,#1817,.T.);
#2532=ORIENTED_EDGE('',*,*,#1814,.F.);
#2533=ORIENTED_EDGE('',*,*,#1642,.F.);
#2534=ORIENTED_EDGE('',*,*,#1818,.T.);
#2535=ORIENTED_EDGE('',*,*,#1819,.T.);
#2536=ORIENTED_EDGE('',*,*,#1816,.F.);
#2537=ORIENTED_EDGE('',*,*,#1641,.F.);
#2538=ORIENTED_EDGE('',*,*,#1820,.T.);
#2539=ORIENTED_EDGE('',*,*,#1821,.T.);
#2540=ORIENTED_EDGE('',*,*,#1818,.F.);
#2541=ORIENTED_EDGE('',*,*,#1640,.F.);
#2542=ORIENTED_EDGE('',*,*,#1811,.T.);
#2543=ORIENTED_EDGE('',*,*,#1822,.T.);
#2544=ORIENTED_EDGE('',*,*,#1820,.F.);
#2545=ORIENTED_EDGE('',*,*,#1815,.F.);
#2546=ORIENTED_EDGE('',*,*,#1817,.F.);
#2547=ORIENTED_EDGE('',*,*,#1819,.F.);
#2548=ORIENTED_EDGE('',*,*,#1821,.F.);
#2549=ORIENTED_EDGE('',*,*,#1822,.F.);
#2550=ORIENTED_EDGE('',*,*,#1810,.F.);
#2551=ORIENTED_EDGE('',*,*,#1813,.F.);
#2552=ORIENTED_EDGE('',*,*,#1687,.F.);
#2553=ORIENTED_EDGE('',*,*,#1823,.T.);
#2554=ORIENTED_EDGE('',*,*,#1824,.F.);
#2555=ORIENTED_EDGE('',*,*,#1825,.F.);
#2556=ORIENTED_EDGE('',*,*,#1686,.F.);
#2557=ORIENTED_EDGE('',*,*,#1826,.T.);
#2558=ORIENTED_EDGE('',*,*,#1827,.F.);
#2559=ORIENTED_EDGE('',*,*,#1823,.F.);
#2560=ORIENTED_EDGE('',*,*,#1685,.F.);
#2561=ORIENTED_EDGE('',*,*,#1828,.T.);
#2562=ORIENTED_EDGE('',*,*,#1829,.F.);
#2563=ORIENTED_EDGE('',*,*,#1826,.F.);
#2564=ORIENTED_EDGE('',*,*,#1684,.F.);
#2565=ORIENTED_EDGE('',*,*,#1830,.T.);
#2566=ORIENTED_EDGE('',*,*,#1831,.F.);
#2567=ORIENTED_EDGE('',*,*,#1828,.F.);
#2568=ORIENTED_EDGE('',*,*,#1688,.F.);
#2569=ORIENTED_EDGE('',*,*,#1825,.T.);
#2570=ORIENTED_EDGE('',*,*,#1832,.F.);
#2571=ORIENTED_EDGE('',*,*,#1833,.F.);
#2572=ORIENTED_EDGE('',*,*,#1689,.F.);
#2573=ORIENTED_EDGE('',*,*,#1833,.T.);
#2574=ORIENTED_EDGE('',*,*,#1834,.F.);
#2575=ORIENTED_EDGE('',*,*,#1835,.F.);
#2576=ORIENTED_EDGE('',*,*,#1690,.F.);
#2577=ORIENTED_EDGE('',*,*,#1835,.T.);
#2578=ORIENTED_EDGE('',*,*,#1836,.F.);
#2579=ORIENTED_EDGE('',*,*,#1830,.F.);
#2580=ORIENTED_EDGE('',*,*,#1836,.T.);
#2581=ORIENTED_EDGE('',*,*,#1834,.T.);
#2582=ORIENTED_EDGE('',*,*,#1832,.T.);
#2583=ORIENTED_EDGE('',*,*,#1824,.T.);
#2584=ORIENTED_EDGE('',*,*,#1827,.T.);
#2585=ORIENTED_EDGE('',*,*,#1829,.T.);
#2586=ORIENTED_EDGE('',*,*,#1831,.T.);
#2587=ORIENTED_EDGE('',*,*,#1694,.F.);
#2588=ORIENTED_EDGE('',*,*,#1837,.T.);
#2589=ORIENTED_EDGE('',*,*,#1838,.F.);
#2590=ORIENTED_EDGE('',*,*,#1839,.F.);
#2591=ORIENTED_EDGE('',*,*,#1693,.F.);
#2592=ORIENTED_EDGE('',*,*,#1840,.T.);
#2593=ORIENTED_EDGE('',*,*,#1841,.F.);
#2594=ORIENTED_EDGE('',*,*,#1837,.F.);
#2595=ORIENTED_EDGE('',*,*,#1692,.F.);
#2596=ORIENTED_EDGE('',*,*,#1842,.T.);
#2597=ORIENTED_EDGE('',*,*,#1843,.F.);
#2598=ORIENTED_EDGE('',*,*,#1840,.F.);
#2599=ORIENTED_EDGE('',*,*,#1691,.F.);
#2600=ORIENTED_EDGE('',*,*,#1844,.T.);
#2601=ORIENTED_EDGE('',*,*,#1845,.F.);
#2602=ORIENTED_EDGE('',*,*,#1842,.F.);
#2603=ORIENTED_EDGE('',*,*,#1695,.F.);
#2604=ORIENTED_EDGE('',*,*,#1839,.T.);
#2605=ORIENTED_EDGE('',*,*,#1846,.F.);
#2606=ORIENTED_EDGE('',*,*,#1847,.F.);
#2607=ORIENTED_EDGE('',*,*,#1696,.F.);
#2608=ORIENTED_EDGE('',*,*,#1847,.T.);
#2609=ORIENTED_EDGE('',*,*,#1848,.F.);
#2610=ORIENTED_EDGE('',*,*,#1849,.F.);
#2611=ORIENTED_EDGE('',*,*,#1697,.F.);
#2612=ORIENTED_EDGE('',*,*,#1849,.T.);
#2613=ORIENTED_EDGE('',*,*,#1850,.F.);
#2614=ORIENTED_EDGE('',*,*,#1844,.F.);
#2615=ORIENTED_EDGE('',*,*,#1850,.T.);
#2616=ORIENTED_EDGE('',*,*,#1848,.T.);
#2617=ORIENTED_EDGE('',*,*,#1846,.T.);
#2618=ORIENTED_EDGE('',*,*,#1838,.T.);
#2619=ORIENTED_EDGE('',*,*,#1841,.T.);
#2620=ORIENTED_EDGE('',*,*,#1843,.T.);
#2621=ORIENTED_EDGE('',*,*,#1845,.T.);
#2622=ORIENTED_EDGE('',*,*,#1851,.F.);
#2623=ORIENTED_EDGE('',*,*,#1852,.T.);
#2624=ORIENTED_EDGE('',*,*,#1643,.F.);
#2625=ORIENTED_EDGE('',*,*,#1852,.F.);
#2626=ORIENTED_EDGE('',*,*,#1705,.F.);
#2627=ORIENTED_EDGE('',*,*,#1853,.T.);
#2628=ORIENTED_EDGE('',*,*,#1748,.F.);
#2629=ORIENTED_EDGE('',*,*,#1853,.F.);
#2630=ORIENTED_EDGE('',*,*,#1854,.F.);
#2631=ORIENTED_EDGE('',*,*,#1855,.T.);
#2632=ORIENTED_EDGE('',*,*,#1644,.F.);
#2633=ORIENTED_EDGE('',*,*,#1855,.F.);
#2634=ORIENTED_EDGE('',*,*,#1704,.F.);
#2635=ORIENTED_EDGE('',*,*,#1856,.T.);
#2636=ORIENTED_EDGE('',*,*,#1747,.F.);
#2637=ORIENTED_EDGE('',*,*,#1856,.F.);
#2638=ORIENTED_EDGE('',*,*,#1857,.F.);
#2639=ORIENTED_EDGE('',*,*,#1858,.T.);
#2640=ORIENTED_EDGE('',*,*,#1645,.F.);
#2641=ORIENTED_EDGE('',*,*,#1858,.F.);
#2642=ORIENTED_EDGE('',*,*,#1703,.F.);
#2643=ORIENTED_EDGE('',*,*,#1859,.T.);
#2644=ORIENTED_EDGE('',*,*,#1746,.F.);
#2645=ORIENTED_EDGE('',*,*,#1859,.F.);
#2646=ORIENTED_EDGE('',*,*,#1860,.F.);
#2647=ORIENTED_EDGE('',*,*,#1861,.T.);
#2648=ORIENTED_EDGE('',*,*,#1646,.F.);
#2649=ORIENTED_EDGE('',*,*,#1861,.F.);
#2650=ORIENTED_EDGE('',*,*,#1702,.F.);
#2651=ORIENTED_EDGE('',*,*,#1862,.T.);
#2652=ORIENTED_EDGE('',*,*,#1745,.F.);
#2653=ORIENTED_EDGE('',*,*,#1862,.F.);
#2654=ORIENTED_EDGE('',*,*,#1649,.F.);
#2655=ORIENTED_EDGE('',*,*,#1863,.F.);
#2656=ORIENTED_EDGE('',*,*,#1864,.F.);
#2657=ORIENTED_EDGE('',*,*,#1865,.T.);
#2658=ORIENTED_EDGE('',*,*,#1700,.F.);
#2659=ORIENTED_EDGE('',*,*,#1866,.T.);
#2660=ORIENTED_EDGE('',*,*,#1743,.F.);
#2661=ORIENTED_EDGE('',*,*,#1867,.F.);
#2662=ORIENTED_EDGE('',*,*,#1648,.F.);
#2663=ORIENTED_EDGE('',*,*,#1868,.F.);
#2664=ORIENTED_EDGE('',*,*,#1869,.F.);
#2665=ORIENTED_EDGE('',*,*,#1863,.T.);
#2666=ORIENTED_EDGE('',*,*,#1701,.F.);
#2667=ORIENTED_EDGE('',*,*,#1867,.T.);
#2668=ORIENTED_EDGE('',*,*,#1742,.F.);
#2669=ORIENTED_EDGE('',*,*,#1870,.F.);
#2670=ORIENTED_EDGE('',*,*,#1650,.F.);
#2671=ORIENTED_EDGE('',*,*,#1865,.F.);
#2672=ORIENTED_EDGE('',*,*,#1871,.F.);
#2673=ORIENTED_EDGE('',*,*,#1872,.T.);
#2674=ORIENTED_EDGE('',*,*,#1647,.F.);
#2675=ORIENTED_EDGE('',*,*,#1872,.F.);
#2676=ORIENTED_EDGE('',*,*,#1873,.F.);
#2677=ORIENTED_EDGE('',*,*,#1868,.T.);
#2678=ORIENTED_EDGE('',*,*,#1698,.F.);
#2679=ORIENTED_EDGE('',*,*,#1870,.T.);
#2680=ORIENTED_EDGE('',*,*,#1741,.F.);
#2681=ORIENTED_EDGE('',*,*,#1874,.F.);
#2682=ORIENTED_EDGE('',*,*,#1699,.F.);
#2683=ORIENTED_EDGE('',*,*,#1874,.T.);
#2684=ORIENTED_EDGE('',*,*,#1744,.F.);
#2685=ORIENTED_EDGE('',*,*,#1866,.F.);
#2686=ORIENTED_EDGE('',*,*,#1731,.F.);
#2687=ORIENTED_EDGE('',*,*,#1774,.F.);
#2688=ORIENTED_EDGE('',*,*,#1777,.T.);
#2689=ORIENTED_EDGE('',*,*,#1778,.F.);
#2690=ORIENTED_EDGE('',*,*,#1873,.T.);
#2691=ORIENTED_EDGE('',*,*,#1871,.T.);
#2692=ORIENTED_EDGE('',*,*,#1864,.T.);
#2693=ORIENTED_EDGE('',*,*,#1869,.T.);
#2694=ORIENTED_EDGE('',*,*,#1860,.T.);
#2695=ORIENTED_EDGE('',*,*,#1857,.T.);
#2696=ORIENTED_EDGE('',*,*,#1854,.T.);
#2697=ORIENTED_EDGE('',*,*,#1851,.T.);
#2698=ORIENTED_EDGE('',*,*,#1875,.T.);
#2699=ORIENTED_EDGE('',*,*,#1876,.T.);
#2700=ORIENTED_EDGE('',*,*,#1877,.T.);
#2701=ORIENTED_EDGE('',*,*,#1878,.T.);
#2702=ORIENTED_EDGE('',*,*,#1879,.T.);
#2703=ORIENTED_EDGE('',*,*,#1880,.F.);
#2704=ORIENTED_EDGE('',*,*,#1881,.F.);
#2705=ORIENTED_EDGE('',*,*,#1882,.F.);
#2706=ORIENTED_EDGE('',*,*,#1883,.F.);
#2707=ORIENTED_EDGE('',*,*,#1884,.T.);
#2708=ORIENTED_EDGE('',*,*,#1880,.T.);
#2709=ORIENTED_EDGE('',*,*,#1885,.T.);
#2710=ORIENTED_EDGE('',*,*,#1875,.F.);
#2711=ORIENTED_EDGE('',*,*,#1886,.F.);
#2712=ORIENTED_EDGE('',*,*,#1883,.T.);
#2713=ORIENTED_EDGE('',*,*,#1887,.T.);
#2714=ORIENTED_EDGE('',*,*,#1876,.F.);
#2715=ORIENTED_EDGE('',*,*,#1885,.F.);
#2716=ORIENTED_EDGE('',*,*,#1882,.T.);
#2717=ORIENTED_EDGE('',*,*,#1888,.T.);
#2718=ORIENTED_EDGE('',*,*,#1877,.F.);
#2719=ORIENTED_EDGE('',*,*,#1887,.F.);
#2720=ORIENTED_EDGE('',*,*,#1881,.T.);
#2721=ORIENTED_EDGE('',*,*,#1886,.T.);
#2722=ORIENTED_EDGE('',*,*,#1878,.F.);
#2723=ORIENTED_EDGE('',*,*,#1888,.F.);
#2724=ORIENTED_EDGE('',*,*,#1884,.F.);
#2725=ORIENTED_EDGE('',*,*,#1889,.T.);
#2726=ORIENTED_EDGE('',*,*,#1879,.F.);
#2727=ORIENTED_EDGE('',*,*,#1889,.F.);
#2728=PLANE('',#3029);
#2729=PLANE('',#3031);
#2730=PLANE('',#3032);
#2731=PLANE('',#3034);
#2732=PLANE('',#3035);
#2733=PLANE('',#3036);
#2734=PLANE('',#3037);
#2735=PLANE('',#3039);
#2736=PLANE('',#3040);
#2737=PLANE('',#3042);
#2738=PLANE('',#3043);
#2739=PLANE('',#3044);
#2740=PLANE('',#3045);
#2741=PLANE('',#3047);
#2742=PLANE('',#3048);
#2743=PLANE('',#3050);
#2744=PLANE('',#3051);
#2745=PLANE('',#3052);
#2746=PLANE('',#3053);
#2747=PLANE('',#3055);
#2748=PLANE('',#3056);
#2749=PLANE('',#3058);
#2750=PLANE('',#3059);
#2751=PLANE('',#3060);
#2752=PLANE('',#3061);
#2753=PLANE('',#3062);
#2754=PLANE('',#3063);
#2755=PLANE('',#3064);
#2756=PLANE('',#3065);
#2757=PLANE('',#3066);
#2758=PLANE('',#3067);
#2759=PLANE('',#3068);
#2760=PLANE('',#3069);
#2761=PLANE('',#3070);
#2762=PLANE('',#3071);
#2763=PLANE('',#3072);
#2764=PLANE('',#3073);
#2765=PLANE('',#3074);
#2766=PLANE('',#3075);
#2767=PLANE('',#3076);
#2768=PLANE('',#3077);
#2769=PLANE('',#3078);
#2770=PLANE('',#3080);
#2771=PLANE('',#3081);
#2772=PLANE('',#3082);
#2773=PLANE('',#3083);
#2774=PLANE('',#3085);
#2775=PLANE('',#3087);
#2776=PLANE('',#3089);
#2777=PLANE('',#3090);
#2778=PLANE('',#3091);
#2779=PLANE('',#3093);
#2780=PLANE('',#3095);
#2781=PLANE('',#3100);
#2782=PLANE('',#3101);
#2783=PLANE('',#3103);
#2784=PLANE('',#3104);
#2785=PLANE('',#3106);
#2786=PLANE('',#3107);
#2787=PLANE('',#3112);
#2788=PLANE('',#3113);
#2789=PLANE('',#3118);
#2790=PLANE('',#3121);
#2791=PLANE('',#3124);
#2792=PLANE('',#3127);
#2793=PLANE('',#3131);
#2794=PLANE('',#3135);
#2795=PLANE('',#3139);
#2796=PLANE('',#3145);
#2797=PLANE('',#3152);
#2798=PLANE('',#3153);
#2799=PLANE('',#3159);
#2800=PLANE('',#3164);
#2801=PLANE('',#3166);
#2802=PLANE('',#3170);
#2803=PLANE('',#3171);
#2804=PLANE('',#3172);
#2805=PLANE('',#3173);
#2806=PLANE('',#3174);
#2807=PLANE('',#3175);
#2808=PLANE('',#3176);
#2809=PLANE('',#3177);
#2810=PLANE('',#3178);
#2811=PLANE('',#3179);
#2812=PLANE('',#3180);
#2813=PLANE('',#3181);
#2814=PLANE('',#3182);
#2815=PLANE('',#3183);
#2816=PLANE('',#3184);
#2817=PLANE('',#3185);
#2818=PLANE('',#3186);
#2819=PLANE('',#3187);
#2820=PLANE('',#3188);
#2821=PLANE('',#3189);
#2822=PLANE('',#3190);
#2823=PLANE('',#3191);
#2824=PLANE('',#3192);
#2825=PLANE('',#3193);
#2826=PLANE('',#3194);
#2827=PLANE('',#3195);
#2828=PLANE('',#3196);
#2829=PLANE('',#3197);
#2830=PLANE('',#3198);
#2831=PLANE('',#3199);
#2832=PLANE('',#3200);
#2833=PLANE('',#3201);
#2834=PLANE('',#3202);
#2835=PLANE('',#3203);
#2836=PLANE('',#3204);
#2837=PLANE('',#3205);
#2838=PLANE('',#3206);
#2839=PLANE('',#3207);
#2840=PLANE('',#3208);
#2841=PLANE('',#3209);
#2842=PLANE('',#3210);
#2843=PLANE('',#3223);
#2844=PLANE('',#3224);
#2845=PLANE('',#3225);
#2846=PLANE('',#3226);
#2847=PLANE('',#3227);
#2848=PLANE('',#3228);
#2849=PLANE('',#3229);
#2850=PLANE('',#3230);
#2851=PLANE('',#3231);
#2852=PLANE('',#3232);
#2853=PLANE('',#3234);
#2854=PLANE('',#3236);
#2855=PLANE('',#3237);
#2856=PLANE('',#3238);
#2857=PLANE('',#3239);
#2858=ADVANCED_FACE('',(#122),#2728,.T.);
#2859=ADVANCED_FACE('',(#123),#2729,.T.);
#2860=ADVANCED_FACE('',(#124),#2730,.T.);
#2861=ADVANCED_FACE('',(#125),#2731,.T.);
#2862=ADVANCED_FACE('',(#126),#2732,.T.);
#2863=ADVANCED_FACE('',(#127),#2733,.T.);
#2864=ADVANCED_FACE('',(#128),#2734,.T.);
#2865=ADVANCED_FACE('',(#129),#2735,.T.);
#2866=ADVANCED_FACE('',(#130),#2736,.T.);
#2867=ADVANCED_FACE('',(#131),#2737,.T.);
#2868=ADVANCED_FACE('',(#132),#2738,.T.);
#2869=ADVANCED_FACE('',(#133),#2739,.T.);
#2870=ADVANCED_FACE('',(#134),#2740,.T.);
#2871=ADVANCED_FACE('',(#135),#2741,.T.);
#2872=ADVANCED_FACE('',(#136),#2742,.T.);
#2873=ADVANCED_FACE('',(#137),#2743,.T.);
#2874=ADVANCED_FACE('',(#138),#2744,.T.);
#2875=ADVANCED_FACE('',(#139),#2745,.T.);
#2876=ADVANCED_FACE('',(#140),#2746,.T.);
#2877=ADVANCED_FACE('',(#141),#2747,.T.);
#2878=ADVANCED_FACE('',(#142),#2748,.T.);
#2879=ADVANCED_FACE('',(#143),#2749,.T.);
#2880=ADVANCED_FACE('',(#144),#2750,.T.);
#2881=ADVANCED_FACE('',(#145),#2751,.T.);
#2882=ADVANCED_FACE('',(#146),#2752,.T.);
#2883=ADVANCED_FACE('',(#147),#2753,.T.);
#2884=ADVANCED_FACE('',(#148),#2754,.T.);
#2885=ADVANCED_FACE('',(#149),#2755,.T.);
#2886=ADVANCED_FACE('',(#150),#2756,.T.);
#2887=ADVANCED_FACE('',(#151),#2757,.T.);
#2888=ADVANCED_FACE('',(#152),#2758,.T.);
#2889=ADVANCED_FACE('',(#153),#2759,.T.);
#2890=ADVANCED_FACE('',(#154),#2760,.T.);
#2891=ADVANCED_FACE('',(#155),#2761,.T.);
#2892=ADVANCED_FACE('',(#156),#2762,.T.);
#2893=ADVANCED_FACE('',(#157),#2763,.T.);
#2894=ADVANCED_FACE('',(#158),#2764,.T.);
#2895=ADVANCED_FACE('',(#159),#2765,.T.);
#2896=ADVANCED_FACE('',(#160),#2766,.T.);
#2897=ADVANCED_FACE('',(#161),#2767,.T.);
#2898=ADVANCED_FACE('',(#162),#2768,.T.);
#2899=ADVANCED_FACE('',(#163),#2769,.F.);
#2900=ADVANCED_FACE('',(#164),#2770,.T.);
#2901=ADVANCED_FACE('',(#165),#2771,.T.);
#2902=ADVANCED_FACE('',(#166),#2772,.T.);
#2903=ADVANCED_FACE('',(#167),#2773,.T.);
#2904=ADVANCED_FACE('',(#168),#2774,.T.);
#2905=ADVANCED_FACE('',(#169),#2775,.T.);
#2906=ADVANCED_FACE('',(#170),#2776,.T.);
#2907=ADVANCED_FACE('',(#171),#2777,.T.);
#2908=ADVANCED_FACE('',(#172),#2778,.F.);
#2909=ADVANCED_FACE('',(#173),#2779,.T.);
#2910=ADVANCED_FACE('',(#174,#43,#44,#45,#46,#47,#48,#49),#2780,.F.);
#2911=ADVANCED_FACE('',(#175),#2781,.T.);
#2912=ADVANCED_FACE('',(#176),#2782,.F.);
#2913=ADVANCED_FACE('',(#177),#2783,.F.);
#2914=ADVANCED_FACE('',(#178),#2784,.F.);
#2915=ADVANCED_FACE('',(#179),#2785,.F.);
#2916=ADVANCED_FACE('',(#180,#50,#51,#52,#53,#54,#55,#56),#2786,.F.);
#2917=ADVANCED_FACE('',(#181),#2787,.T.);
#2918=ADVANCED_FACE('',(#182),#2788,.T.);
#2919=ADVANCED_FACE('',(#183),#21,.F.);
#2920=ADVANCED_FACE('',(#184),#22,.F.);
#2921=ADVANCED_FACE('',(#185),#2789,.T.);
#2922=ADVANCED_FACE('',(#186),#23,.F.);
#2923=ADVANCED_FACE('',(#187),#2790,.T.);
#2924=ADVANCED_FACE('',(#188),#24,.F.);
#2925=ADVANCED_FACE('',(#189),#2791,.T.);
#2926=ADVANCED_FACE('',(#190),#25,.F.);
#2927=ADVANCED_FACE('',(#191),#2792,.T.);
#2928=ADVANCED_FACE('',(#192),#17,.T.);
#2929=ADVANCED_FACE('',(#193),#2793,.T.);
#2930=ADVANCED_FACE('',(#194),#18,.T.);
#2931=ADVANCED_FACE('',(#195),#2794,.T.);
#2932=ADVANCED_FACE('',(#196),#19,.T.);
#2933=ADVANCED_FACE('',(#197),#2795,.T.);
#2934=ADVANCED_FACE('',(#198),#20,.T.);
#2935=ADVANCED_FACE('',(#199),#26,.T.);
#2936=ADVANCED_FACE('',(#200,#57,#58,#59,#60,#61),#2796,.T.);
#2937=ADVANCED_FACE('',(#201),#27,.T.);
#2938=ADVANCED_FACE('',(#202),#2797,.T.);
#2939=ADVANCED_FACE('',(#203,#62,#63),#2798,.T.);
#2940=ADVANCED_FACE('',(#204),#28,.F.);
#2941=ADVANCED_FACE('',(#205),#29,.F.);
#2942=ADVANCED_FACE('',(#206,#64),#2799,.F.);
#2943=ADVANCED_FACE('',(#207),#30,.F.);
#2944=ADVANCED_FACE('',(#208),#31,.T.);
#2945=ADVANCED_FACE('',(#209,#65),#2800,.F.);
#2946=ADVANCED_FACE('',(#210),#2801,.T.);
#2947=ADVANCED_FACE('',(#211),#32,.T.);
#2948=ADVANCED_FACE('',(#212),#33,.F.);
#2949=ADVANCED_FACE('',(#213),#2802,.T.);
#2950=ADVANCED_FACE('',(#214),#2803,.T.);
#2951=ADVANCED_FACE('',(#215),#2804,.T.);
#2952=ADVANCED_FACE('',(#216,#66),#2805,.T.);
#2953=ADVANCED_FACE('',(#217),#2806,.F.);
#2954=ADVANCED_FACE('',(#218),#2807,.F.);
#2955=ADVANCED_FACE('',(#219),#2808,.F.);
#2956=ADVANCED_FACE('',(#220),#2809,.F.);
#2957=ADVANCED_FACE('',(#221),#2810,.F.);
#2958=ADVANCED_FACE('',(#222),#2811,.F.);
#2959=ADVANCED_FACE('',(#223),#2812,.F.);
#2960=ADVANCED_FACE('',(#224),#2813,.F.);
#2961=ADVANCED_FACE('',(#225),#2814,.F.);
#2962=ADVANCED_FACE('',(#226),#2815,.F.);
#2963=ADVANCED_FACE('',(#227),#2816,.F.);
#2964=ADVANCED_FACE('',(#228),#2817,.F.);
#2965=ADVANCED_FACE('',(#229),#2818,.F.);
#2966=ADVANCED_FACE('',(#230),#2819,.F.);
#2967=ADVANCED_FACE('',(#231),#2820,.F.);
#2968=ADVANCED_FACE('',(#232),#2821,.F.);
#2969=ADVANCED_FACE('',(#233),#2822,.F.);
#2970=ADVANCED_FACE('',(#234),#2823,.F.);
#2971=ADVANCED_FACE('',(#235),#2824,.F.);
#2972=ADVANCED_FACE('',(#236),#2825,.F.);
#2973=ADVANCED_FACE('',(#237),#2826,.F.);
#2974=ADVANCED_FACE('',(#238),#2827,.T.);
#2975=ADVANCED_FACE('',(#239),#2828,.T.);
#2976=ADVANCED_FACE('',(#240),#2829,.T.);
#2977=ADVANCED_FACE('',(#241),#2830,.T.);
#2978=ADVANCED_FACE('',(#242),#2831,.T.);
#2979=ADVANCED_FACE('',(#243),#2832,.T.);
#2980=ADVANCED_FACE('',(#244),#2833,.T.);
#2981=ADVANCED_FACE('',(#245),#2834,.T.);
#2982=ADVANCED_FACE('',(#246),#2835,.T.);
#2983=ADVANCED_FACE('',(#247),#2836,.T.);
#2984=ADVANCED_FACE('',(#248),#2837,.T.);
#2985=ADVANCED_FACE('',(#249),#2838,.T.);
#2986=ADVANCED_FACE('',(#250),#2839,.T.);
#2987=ADVANCED_FACE('',(#251),#2840,.T.);
#2988=ADVANCED_FACE('',(#252),#2841,.T.);
#2989=ADVANCED_FACE('',(#253),#2842,.T.);
#2990=ADVANCED_FACE('',(#254),#34,.F.);
#2991=ADVANCED_FACE('',(#255),#35,.F.);
#2992=ADVANCED_FACE('',(#256),#36,.F.);
#2993=ADVANCED_FACE('',(#257),#37,.F.);
#2994=ADVANCED_FACE('',(#258),#38,.F.);
#2995=ADVANCED_FACE('',(#259),#39,.F.);
#2996=ADVANCED_FACE('',(#260),#40,.F.);
#2997=ADVANCED_FACE('',(#261),#41,.F.);
#2998=ADVANCED_FACE('',(#262),#2843,.F.);
#2999=ADVANCED_FACE('',(#263),#2844,.F.);
#3000=ADVANCED_FACE('',(#264),#2845,.F.);
#3001=ADVANCED_FACE('',(#265),#2846,.F.);
#3002=ADVANCED_FACE('',(#266),#2847,.F.);
#3003=ADVANCED_FACE('',(#267),#2848,.F.);
#3004=ADVANCED_FACE('',(#268),#2849,.F.);
#3005=ADVANCED_FACE('',(#269),#2850,.F.);
#3006=ADVANCED_FACE('',(#270,#67,#68,#69,#70,#71),#2851,.T.);
#3007=ADVANCED_FACE('',(#271,#72),#2852,.T.);
#3008=ADVANCED_FACE('',(#272,#73),#2853,.T.);
#3009=ADVANCED_FACE('',(#273),#2854,.T.);
#3010=ADVANCED_FACE('',(#274),#2855,.T.);
#3011=ADVANCED_FACE('',(#275),#2856,.T.);
#3012=ADVANCED_FACE('',(#276),#2857,.T.);
#3013=ADVANCED_FACE('',(#277),#42,.F.);
#3014=CLOSED_SHELL('',(#2858,#2859,#2860,#2861,#2862,#2863,#2864,#2865,
#2866,#2867,#2868,#2869,#2870,#2871,#2872,#2873,#2874,#2875,#2876,#2877,
#2878,#2879,#2880,#2881,#2882,#2883,#2884,#2885,#2886,#2887,#2888,#2889,
#2890,#2891,#2892,#2893,#2894,#2895,#2896,#2897,#2898,#2899,#2900,#2901,
#2902,#2903,#2904,#2905,#2906,#2907,#2908,#2909,#2910,#2911,#2912,#2913,
#2914,#2915,#2916,#2917,#2918,#2919,#2920,#2921,#2922,#2923,#2924,#2925,
#2926,#2927,#2928,#2929,#2930,#2931,#2932,#2933,#2934,#2935,#2936,#2937,
#2938,#2939,#2940,#2941,#2942,#2943,#2944,#2945,#2946,#2947,#2948,#2949,
#2950,#2951,#2952,#2953,#2954,#2955,#2956,#2957,#2958,#2959,#2960,#2961,
#2962,#2963,#2964,#2965,#2966,#2967,#2968,#2969,#2970,#2971,#2972,#2973,
#2974,#2975,#2976,#2977,#2978,#2979,#2980,#2981,#2982,#2983,#2984,#2985,
#2986,#2987,#2988,#2989,#2990,#2991,#2992,#2993,#2994,#2995,#2996,#2997,
#2998,#2999,#3000,#3001,#3002,#3003,#3004,#3005,#3006));
#3015=CLOSED_SHELL('',(#3007,#3008,#3009,#3010,#3011,#3012,#3013));
#3016=DERIVED_UNIT_ELEMENT(#3018,1.);
#3017=DERIVED_UNIT_ELEMENT(#4883,-3.);
#3018=(
MASS_UNIT()
NAMED_UNIT(*)
SI_UNIT(.KILO.,.GRAM.)
);
#3019=DERIVED_UNIT((#3016,#3017));
#3020=MEASURE_REPRESENTATION_ITEM('density measure',
POSITIVE_RATIO_MEASURE(7850.),#3019);
#3021=PROPERTY_DEFINITION_REPRESENTATION(#3026,#3023);
#3022=PROPERTY_DEFINITION_REPRESENTATION(#3027,#3024);
#3023=REPRESENTATION('material name',(#3025),#4880);
#3024=REPRESENTATION('density',(#3020),#4880);
#3025=DESCRIPTIVE_REPRESENTATION_ITEM('Steel','Steel');
#3026=PROPERTY_DEFINITION('material property','material name',#4890);
#3027=PROPERTY_DEFINITION('material property','density of part',#4890);
#3028=AXIS2_PLACEMENT_3D('',#4030,#3241,#3242);
#3029=AXIS2_PLACEMENT_3D('',#4031,#3243,#3244);
#3030=AXIS2_PLACEMENT_3D('',#4038,#3247,#3248);
#3031=AXIS2_PLACEMENT_3D('',#4042,#3251,#3252);
#3032=AXIS2_PLACEMENT_3D('',#4048,#3256,#3257);
#3033=AXIS2_PLACEMENT_3D('',#4052,#3259,#3260);
#3034=AXIS2_PLACEMENT_3D('',#4056,#3263,#3264);
#3035=AXIS2_PLACEMENT_3D('',#4062,#3268,#3269);
#3036=AXIS2_PLACEMENT_3D('',#4066,#3272,#3273);
#3037=AXIS2_PLACEMENT_3D('',#4070,#3276,#3277);
#3038=AXIS2_PLACEMENT_3D('',#4077,#3280,#3281);
#3039=AXIS2_PLACEMENT_3D('',#4081,#3284,#3285);
#3040=AXIS2_PLACEMENT_3D('',#4087,#3289,#3290);
#3041=AXIS2_PLACEMENT_3D('',#4091,#3292,#3293);
#3042=AXIS2_PLACEMENT_3D('',#4095,#3296,#3297);
#3043=AXIS2_PLACEMENT_3D('',#4101,#3301,#3302);
#3044=AXIS2_PLACEMENT_3D('',#4105,#3305,#3306);
#3045=AXIS2_PLACEMENT_3D('',#4109,#3309,#3310);
#3046=AXIS2_PLACEMENT_3D('',#4116,#3313,#3314);
#3047=AXIS2_PLACEMENT_3D('',#4120,#3317,#3318);
#3048=AXIS2_PLACEMENT_3D('',#4126,#3322,#3323);
#3049=AXIS2_PLACEMENT_3D('',#4130,#3325,#3326);
#3050=AXIS2_PLACEMENT_3D('',#4134,#3329,#3330);
#3051=AXIS2_PLACEMENT_3D('',#4140,#3334,#3335);
#3052=AXIS2_PLACEMENT_3D('',#4144,#3338,#3339);
#3053=AXIS2_PLACEMENT_3D('',#4148,#3342,#3343);
#3054=AXIS2_PLACEMENT_3D('',#4155,#3346,#3347);
#3055=AXIS2_PLACEMENT_3D('',#4159,#3350,#3351);
#3056=AXIS2_PLACEMENT_3D('',#4165,#3355,#3356);
#3057=AXIS2_PLACEMENT_3D('',#4169,#3358,#3359);
#3058=AXIS2_PLACEMENT_3D('',#4173,#3362,#3363);
#3059=AXIS2_PLACEMENT_3D('',#4179,#3367,#3368);
#3060=AXIS2_PLACEMENT_3D('',#4183,#3371,#3372);
#3061=AXIS2_PLACEMENT_3D('',#4187,#3375,#3376);
#3062=AXIS2_PLACEMENT_3D('',#4193,#3380,#3381);
#3063=AXIS2_PLACEMENT_3D('',#4197,#3384,#3385);
#3064=AXIS2_PLACEMENT_3D('',#4201,#3388,#3389);
#3065=AXIS2_PLACEMENT_3D('',#4207,#3393,#3394);
#3066=AXIS2_PLACEMENT_3D('',#4211,#3397,#3398);
#3067=AXIS2_PLACEMENT_3D('',#4215,#3401,#3402);
#3068=AXIS2_PLACEMENT_3D('',#4221,#3406,#3407);
#3069=AXIS2_PLACEMENT_3D('',#4225,#3410,#3411);
#3070=AXIS2_PLACEMENT_3D('',#4229,#3414,#3415);
#3071=AXIS2_PLACEMENT_3D('',#4235,#3419,#3420);
#3072=AXIS2_PLACEMENT_3D('',#4239,#3423,#3424);
#3073=AXIS2_PLACEMENT_3D('',#4243,#3427,#3428);
#3074=AXIS2_PLACEMENT_3D('',#4252,#3433,#3434);
#3075=AXIS2_PLACEMENT_3D('',#4258,#3438,#3439);
#3076=AXIS2_PLACEMENT_3D('',#4263,#3443,#3444);
#3077=AXIS2_PLACEMENT_3D('',#4272,#3449,#3450);
#3078=AXIS2_PLACEMENT_3D('',#4278,#3454,#3455);
#3079=AXIS2_PLACEMENT_3D('',#4284,#3458,#3459);
#3080=AXIS2_PLACEMENT_3D('',#4286,#3461,#3462);
#3081=AXIS2_PLACEMENT_3D('',#4295,#3467,#3468);
#3082=AXIS2_PLACEMENT_3D('',#4301,#3472,#3473);
#3083=AXIS2_PLACEMENT_3D('',#4306,#3477,#3478);
#3084=AXIS2_PLACEMENT_3D('',#4307,#3479,#3480);
#3085=AXIS2_PLACEMENT_3D('',#4308,#3481,#3482);
#3086=AXIS2_PLACEMENT_3D('',#4309,#3483,#3484);
#3087=AXIS2_PLACEMENT_3D('',#4310,#3485,#3486);
#3088=AXIS2_PLACEMENT_3D('',#4311,#3487,#3488);
#3089=AXIS2_PLACEMENT_3D('',#4312,#3489,#3490);
#3090=AXIS2_PLACEMENT_3D('',#4321,#3495,#3496);
#3091=AXIS2_PLACEMENT_3D('',#4327,#3500,#3501);
#3092=AXIS2_PLACEMENT_3D('',#4333,#3504,#3505);
#3093=AXIS2_PLACEMENT_3D('',#4335,#3507,#3508);
#3094=AXIS2_PLACEMENT_3D('',#4336,#3509,#3510);
#3095=AXIS2_PLACEMENT_3D('',#4337,#3511,#3512);
#3096=AXIS2_PLACEMENT_3D('',#4380,#3535,#3536);
#3097=AXIS2_PLACEMENT_3D('',#4382,#3537,#3538);
#3098=AXIS2_PLACEMENT_3D('',#4384,#3539,#3540);
#3099=AXIS2_PLACEMENT_3D('',#4386,#3541,#3542);
#3100=AXIS2_PLACEMENT_3D('',#4395,#3547,#3548);
#3101=AXIS2_PLACEMENT_3D('',#4399,#3551,#3552);
#3102=AXIS2_PLACEMENT_3D('',#4401,#3553,#3554);
#3103=AXIS2_PLACEMENT_3D('',#4405,#3557,#3558);
#3104=AXIS2_PLACEMENT_3D('',#4420,#3568,#3569);
#3105=AXIS2_PLACEMENT_3D('',#4424,#3571,#3572);
#3106=AXIS2_PLACEMENT_3D('',#4428,#3575,#3576);
#3107=AXIS2_PLACEMENT_3D('',#4441,#3585,#3586);
#3108=AXIS2_PLACEMENT_3D('',#4490,#3612,#3613);
#3109=AXIS2_PLACEMENT_3D('',#4492,#3614,#3615);
#3110=AXIS2_PLACEMENT_3D('',#4494,#3616,#3617);
#3111=AXIS2_PLACEMENT_3D('',#4496,#3618,#3619);
#3112=AXIS2_PLACEMENT_3D('',#4497,#3620,#3621);
#3113=AXIS2_PLACEMENT_3D('',#4499,#3623,#3624);
#3114=AXIS2_PLACEMENT_3D('',#4500,#3625,#3626);
#3115=AXIS2_PLACEMENT_3D('',#4501,#3627,#3628);
#3116=AXIS2_PLACEMENT_3D('',#4502,#3629,#3630);
#3117=AXIS2_PLACEMENT_3D('',#4503,#3631,#3632);
#3118=AXIS2_PLACEMENT_3D('',#4504,#3633,#3634);
#3119=AXIS2_PLACEMENT_3D('',#4505,#3635,#3636);
#3120=AXIS2_PLACEMENT_3D('',#4506,#3637,#3638);
#3121=AXIS2_PLACEMENT_3D('',#4507,#3639,#3640);
#3122=AXIS2_PLACEMENT_3D('',#4508,#3641,#3642);
#3123=AXIS2_PLACEMENT_3D('',#4509,#3643,#3644);
#3124=AXIS2_PLACEMENT_3D('',#4510,#3645,#3646);
#3125=AXIS2_PLACEMENT_3D('',#4511,#3647,#3648);
#3126=AXIS2_PLACEMENT_3D('',#4512,#3649,#3650);
#3127=AXIS2_PLACEMENT_3D('',#4513,#3651,#3652);
#3128=AXIS2_PLACEMENT_3D('',#4522,#3657,#3658);
#3129=AXIS2_PLACEMENT_3D('',#4524,#3659,#3660);
#3130=AXIS2_PLACEMENT_3D('',#4527,#3662,#3663);
#3131=AXIS2_PLACEMENT_3D('',#4528,#3664,#3665);
#3132=AXIS2_PLACEMENT_3D('',#4534,#3669,#3670);
#3133=AXIS2_PLACEMENT_3D('',#4536,#3671,#3672);
#3134=AXIS2_PLACEMENT_3D('',#4539,#3674,#3675);
#3135=AXIS2_PLACEMENT_3D('',#4540,#3676,#3677);
#3136=AXIS2_PLACEMENT_3D('',#4546,#3681,#3682);
#3137=AXIS2_PLACEMENT_3D('',#4548,#3683,#3684);
#3138=AXIS2_PLACEMENT_3D('',#4551,#3686,#3687);
#3139=AXIS2_PLACEMENT_3D('',#4552,#3688,#3689);
#3140=AXIS2_PLACEMENT_3D('',#4558,#3693,#3694);
#3141=AXIS2_PLACEMENT_3D('',#4559,#3695,#3696);
#3142=AXIS2_PLACEMENT_3D('',#4560,#3697,#3698);
#3143=AXIS2_PLACEMENT_3D('',#4561,#3699,#3700);
#3144=AXIS2_PLACEMENT_3D('',#4565,#3702,#3703);
#3145=AXIS2_PLACEMENT_3D('',#4567,#3705,#3706);
#3146=AXIS2_PLACEMENT_3D('',#4580,#3713,#3714);
#3147=AXIS2_PLACEMENT_3D('',#4582,#3715,#3716);
#3148=AXIS2_PLACEMENT_3D('',#4584,#3717,#3718);
#3149=AXIS2_PLACEMENT_3D('',#4586,#3719,#3720);
#3150=AXIS2_PLACEMENT_3D('',#4587,#3721,#3722);
#3151=AXIS2_PLACEMENT_3D('',#4590,#3724,#3725);
#3152=AXIS2_PLACEMENT_3D('',#4591,#3726,#3727);
#3153=AXIS2_PLACEMENT_3D('',#4595,#3730,#3731);
#3154=AXIS2_PLACEMENT_3D('',#4617,#3742,#3743);
#3155=AXIS2_PLACEMENT_3D('',#4618,#3744,#3745);
#3156=AXIS2_PLACEMENT_3D('',#4619,#3746,#3747);
#3157=AXIS2_PLACEMENT_3D('',#4620,#3748,#3749);
#3158=AXIS2_PLACEMENT_3D('',#4621,#3750,#3751);
#3159=AXIS2_PLACEMENT_3D('',#4622,#3752,#3753);
#3160=AXIS2_PLACEMENT_3D('',#4623,#3754,#3755);
#3161=AXIS2_PLACEMENT_3D('',#4634,#3761,#3762);
#3162=AXIS2_PLACEMENT_3D('',#4635,#3763,#3764);
#3163=AXIS2_PLACEMENT_3D('',#4639,#3766,#3767);
#3164=AXIS2_PLACEMENT_3D('',#4641,#3769,#3770);
#3165=AXIS2_PLACEMENT_3D('',#4644,#3772,#3773);
#3166=AXIS2_PLACEMENT_3D('',#4646,#3775,#3776);
#3167=AXIS2_PLACEMENT_3D('',#4647,#3777,#3778);
#3168=AXIS2_PLACEMENT_3D('',#4649,#3780,#3781);
#3169=AXIS2_PLACEMENT_3D('',#4652,#3783,#3784);
#3170=AXIS2_PLACEMENT_3D('',#4653,#3785,#3786);
#3171=AXIS2_PLACEMENT_3D('',#4659,#3790,#3791);
#3172=AXIS2_PLACEMENT_3D('',#4663,#3794,#3795);
#3173=AXIS2_PLACEMENT_3D('',#4667,#3798,#3799);
#3174=AXIS2_PLACEMENT_3D('',#4669,#3801,#3802);
#3175=AXIS2_PLACEMENT_3D('',#4674,#3806,#3807);
#3176=AXIS2_PLACEMENT_3D('',#4676,#3809,#3810);
#3177=AXIS2_PLACEMENT_3D('',#4678,#3812,#3813);
#3178=AXIS2_PLACEMENT_3D('',#4680,#3815,#3816);
#3179=AXIS2_PLACEMENT_3D('',#4681,#3817,#3818);
#3180=AXIS2_PLACEMENT_3D('',#4687,#3822,#3823);
#3181=AXIS2_PLACEMENT_3D('',#4691,#3826,#3827);
#3182=AXIS2_PLACEMENT_3D('',#4695,#3830,#3831);
#3183=AXIS2_PLACEMENT_3D('',#4699,#3834,#3835);
#3184=AXIS2_PLACEMENT_3D('',#4703,#3838,#3839);
#3185=AXIS2_PLACEMENT_3D('',#4707,#3842,#3843);
#3186=AXIS2_PLACEMENT_3D('',#4709,#3845,#3846);
#3187=AXIS2_PLACEMENT_3D('',#4710,#3847,#3848);
#3188=AXIS2_PLACEMENT_3D('',#4716,#3852,#3853);
#3189=AXIS2_PLACEMENT_3D('',#4720,#3856,#3857);
#3190=AXIS2_PLACEMENT_3D('',#4724,#3860,#3861);
#3191=AXIS2_PLACEMENT_3D('',#4728,#3864,#3865);
#3192=AXIS2_PLACEMENT_3D('',#4732,#3868,#3869);
#3193=AXIS2_PLACEMENT_3D('',#4736,#3872,#3873);
#3194=AXIS2_PLACEMENT_3D('',#4738,#3875,#3876);
#3195=AXIS2_PLACEMENT_3D('',#4739,#3877,#3878);
#3196=AXIS2_PLACEMENT_3D('',#4745,#3882,#3883);
#3197=AXIS2_PLACEMENT_3D('',#4749,#3886,#3887);
#3198=AXIS2_PLACEMENT_3D('',#4753,#3890,#3891);
#3199=AXIS2_PLACEMENT_3D('',#4757,#3894,#3895);
#3200=AXIS2_PLACEMENT_3D('',#4761,#3898,#3899);
#3201=AXIS2_PLACEMENT_3D('',#4765,#3902,#3903);
#3202=AXIS2_PLACEMENT_3D('',#4767,#3905,#3906);
#3203=AXIS2_PLACEMENT_3D('',#4768,#3907,#3908);
#3204=AXIS2_PLACEMENT_3D('',#4774,#3912,#3913);
#3205=AXIS2_PLACEMENT_3D('',#4778,#3916,#3917);
#3206=AXIS2_PLACEMENT_3D('',#4782,#3920,#3921);
#3207=AXIS2_PLACEMENT_3D('',#4786,#3924,#3925);
#3208=AXIS2_PLACEMENT_3D('',#4790,#3928,#3929);
#3209=AXIS2_PLACEMENT_3D('',#4794,#3932,#3933);
#3210=AXIS2_PLACEMENT_3D('',#4796,#3935,#3936);
#3211=AXIS2_PLACEMENT_3D('',#4797,#3937,#3938);
#3212=AXIS2_PLACEMENT_3D('',#4799,#3939,#3940);
#3213=AXIS2_PLACEMENT_3D('',#4801,#3942,#3943);
#3214=AXIS2_PLACEMENT_3D('',#4803,#3945,#3946);
#3215=AXIS2_PLACEMENT_3D('',#4805,#3947,#3948);
#3216=AXIS2_PLACEMENT_3D('',#4807,#3950,#3951);
#3217=AXIS2_PLACEMENT_3D('',#4809,#3953,#3954);
#3218=AXIS2_PLACEMENT_3D('',#4811,#3955,#3956);
#3219=AXIS2_PLACEMENT_3D('',#4813,#3958,#3959);
#3220=AXIS2_PLACEMENT_3D('',#4815,#3961,#3962);
#3221=AXIS2_PLACEMENT_3D('',#4817,#3963,#3964);
#3222=AXIS2_PLACEMENT_3D('',#4819,#3966,#3967);
#3223=AXIS2_PLACEMENT_3D('',#4821,#3969,#3970);
#3224=AXIS2_PLACEMENT_3D('',#4827,#3974,#3975);
#3225=AXIS2_PLACEMENT_3D('',#4830,#3978,#3979);
#3226=AXIS2_PLACEMENT_3D('',#4834,#3982,#3983);
#3227=AXIS2_PLACEMENT_3D('',#4836,#3985,#3986);
#3228=AXIS2_PLACEMENT_3D('',#4840,#3989,#3990);
#3229=AXIS2_PLACEMENT_3D('',#4842,#3992,#3993);
#3230=AXIS2_PLACEMENT_3D('',#4844,#3995,#3996);
#3231=AXIS2_PLACEMENT_3D('',#4845,#3997,#3998);
#3232=AXIS2_PLACEMENT_3D('',#4846,#3999,#4000);
#3233=AXIS2_PLACEMENT_3D('',#4856,#4005,#4006);
#3234=AXIS2_PLACEMENT_3D('',#4857,#4007,#4008);
#3235=AXIS2_PLACEMENT_3D('',#4867,#4013,#4014);
#3236=AXIS2_PLACEMENT_3D('',#4868,#4015,#4016);
#3237=AXIS2_PLACEMENT_3D('',#4871,#4019,#4020);
#3238=AXIS2_PLACEMENT_3D('',#4873,#4022,#4023);
#3239=AXIS2_PLACEMENT_3D('',#4875,#4025,#4026);
#3240=AXIS2_PLACEMENT_3D('',#4876,#4027,#4028);
#3241=DIRECTION('axis',(0.,0.,1.));
#3242=DIRECTION('refdir',(1.,0.,0.));
#3243=DIRECTION('center_axis',(0.,0.382683432365086,-0.923879532511288));
#3244=DIRECTION('ref_axis',(-1.,0.,0.));
#3245=DIRECTION('',(1.,0.,0.));
#3246=DIRECTION('',(0.,0.923879532511288,0.382683432365086));
#3247=DIRECTION('center_axis',(0.,-0.382683432365086,0.923879532511288));
#3248=DIRECTION('ref_axis',(6.41070205608724E-17,-0.923879532511288,-0.382683432365086));
#3249=DIRECTION('',(-1.,0.,0.));
#3250=DIRECTION('',(-0.357406744336581,0.862856209461023,0.357406744336592));
#3251=DIRECTION('center_axis',(-0.2705980500731,0.2705980500731,-0.923879532511286));
#3252=DIRECTION('ref_axis',(-0.959682982260667,0.,0.281084637714822));
#3253=DIRECTION('',(-0.707106781186547,-0.707106781186548,0.));
#3254=DIRECTION('',(-0.862856209461018,0.35740674433659,0.357406744336594));
#3255=DIRECTION('',(0.707106781186547,0.707106781186548,0.));
#3256=DIRECTION('center_axis',(-0.382683432365092,0.,-0.923879532511286));
#3257=DIRECTION('ref_axis',(-0.923879532511286,0.,0.382683432365092));
#3258=DIRECTION('',(0.,-1.,0.));
#3259=DIRECTION('center_axis',(0.382683432365092,0.,0.923879532511286));
#3260=DIRECTION('ref_axis',(0.923879532511286,-6.41070205608722E-17,-0.382683432365092));
#3261=DIRECTION('',(0.923879532511286,0.,-0.382683432365092));
#3262=DIRECTION('',(0.,1.,0.));
#3263=DIRECTION('center_axis',(0.,0.707106781186548,-0.707106781186548));
#3264=DIRECTION('ref_axis',(-1.,0.,0.));
#3265=DIRECTION('',(-0.281084637714818,0.678598344545848,0.678598344545848));
#3266=DIRECTION('',(1.,0.,0.));
#3267=DIRECTION('',(0.,0.707106781186548,0.707106781186548));
#3268=DIRECTION('center_axis',(-0.500000000000001,0.500000000000001,-0.707106781186547));
#3269=DIRECTION('ref_axis',(-0.816496580927725,0.,0.577350269189627));
#3270=DIRECTION('',(-0.678598344545848,0.281084637714816,0.678598344545848));
#3271=DIRECTION('',(0.707106781186547,0.707106781186548,0.));
#3272=DIRECTION('center_axis',(-0.707106781186548,0.,-0.707106781186548));
#3273=DIRECTION('ref_axis',(-0.707106781186548,0.,0.707106781186548));
#3274=DIRECTION('',(0.707106781186548,0.,-0.707106781186548));
#3275=DIRECTION('',(0.,1.,0.));
#3276=DIRECTION('center_axis',(-0.382683432365088,0.,-0.923879532511288));
#3277=DIRECTION('ref_axis',(-0.923879532511288,0.,0.382683432365088));
#3278=DIRECTION('',(0.,1.,0.));
#3279=DIRECTION('',(-0.923879532511288,0.,0.382683432365088));
#3280=DIRECTION('center_axis',(0.382683432365088,0.,0.923879532511288));
#3281=DIRECTION('ref_axis',(0.923879532511288,6.41070205608723E-17,-0.382683432365088));
#3282=DIRECTION('',(0.,-1.,0.));
#3283=DIRECTION('',(-0.862856209461016,-0.357406744336595,0.357406744336593));
#3284=DIRECTION('center_axis',(-0.270598050073099,-0.270598050073099,-0.923879532511287));
#3285=DIRECTION('ref_axis',(-0.959682982260667,0.,0.28108463771482));
#3286=DIRECTION('',(-0.707106781186548,0.707106781186548,0.));
#3287=DIRECTION('',(0.707106781186547,-0.707106781186547,0.));
#3288=DIRECTION('',(-0.357406744336588,-0.86285620946102,0.357406744336591));
#3289=DIRECTION('center_axis',(0.,-0.382683432365086,-0.923879532511288));
#3290=DIRECTION('ref_axis',(-1.,0.,0.));
#3291=DIRECTION('',(1.,0.,0.));
#3292=DIRECTION('center_axis',(0.,0.382683432365086,0.923879532511288));
#3293=DIRECTION('ref_axis',(6.41070205608724E-17,0.923879532511288,-0.382683432365086));
#3294=DIRECTION('',(0.,0.923879532511288,-0.382683432365086));
#3295=DIRECTION('',(-1.,0.,0.));
#3296=DIRECTION('center_axis',(-0.707106781186548,0.,-0.707106781186548));
#3297=DIRECTION('ref_axis',(-0.707106781186548,0.,0.707106781186548));
#3298=DIRECTION('',(-0.678598344545848,-0.281084637714816,0.678598344545848));
#3299=DIRECTION('',(0.,1.,0.));
#3300=DIRECTION('',(-0.707106781186548,0.,0.707106781186548));
#3301=DIRECTION('center_axis',(-0.500000000000001,-0.500000000000001,-0.707106781186547));
#3302=DIRECTION('ref_axis',(-0.816496580927725,0.,0.577350269189627));
#3303=DIRECTION('',(-0.281084637714815,-0.678598344545848,0.678598344545848));
#3304=DIRECTION('',(-0.707106781186548,0.707106781186548,0.));
#3305=DIRECTION('center_axis',(0.,-0.707106781186548,-0.707106781186548));
#3306=DIRECTION('ref_axis',(-1.,0.,0.));
#3307=DIRECTION('',(0.,0.707106781186548,-0.707106781186548));
#3308=DIRECTION('',(-1.,0.,0.));
#3309=DIRECTION('center_axis',(0.,-0.382683432365086,-0.923879532511288));
#3310=DIRECTION('ref_axis',(-1.,0.,0.));
#3311=DIRECTION('',(-1.,0.,0.));
#3312=DIRECTION('',(0.,-0.923879532511288,0.382683432365086));
#3313=DIRECTION('center_axis',(0.,0.382683432365086,0.923879532511288));
#3314=DIRECTION('ref_axis',(-6.41070205608724E-17,0.923879532511288,-0.382683432365086));
#3315=DIRECTION('',(1.,0.,0.));
#3316=DIRECTION('',(0.357406744336581,-0.862856209461023,0.357406744336592));
#3317=DIRECTION('center_axis',(0.2705980500731,-0.2705980500731,-0.923879532511286));
#3318=DIRECTION('ref_axis',(-0.959682982260667,0.,-0.281084637714822));
#3319=DIRECTION('',(0.707106781186547,0.707106781186547,0.));
#3320=DIRECTION('',(0.862856209461018,-0.35740674433659,0.357406744336594));
#3321=DIRECTION('',(-0.707106781186548,-0.707106781186548,0.));
#3322=DIRECTION('center_axis',(0.382683432365092,0.,-0.923879532511286));
#3323=DIRECTION('ref_axis',(-0.923879532511286,0.,-0.382683432365092));
#3324=DIRECTION('',(0.,1.,0.));
#3325=DIRECTION('center_axis',(-0.382683432365092,0.,0.923879532511286));
#3326=DIRECTION('ref_axis',(-0.923879532511286,6.41070205608722E-17,-0.382683432365092));
#3327=DIRECTION('',(-0.923879532511286,0.,-0.382683432365092));
#3328=DIRECTION('',(0.,-1.,0.));
#3329=DIRECTION('center_axis',(0.,-0.707106781186548,-0.707106781186548));
#3330=DIRECTION('ref_axis',(-1.,0.,0.));
#3331=DIRECTION('',(0.281084637714818,-0.678598344545848,0.678598344545848));
#3332=DIRECTION('',(-1.,0.,0.));
#3333=DIRECTION('',(0.,-0.707106781186548,0.707106781186548));
#3334=DIRECTION('center_axis',(0.500000000000001,-0.500000000000001,-0.707106781186546));
#3335=DIRECTION('ref_axis',(-0.816496580927725,0.,-0.577350269189628));
#3336=DIRECTION('',(0.678598344545848,-0.281084637714816,0.678598344545848));
#3337=DIRECTION('',(-0.707106781186548,-0.707106781186548,0.));
#3338=DIRECTION('center_axis',(0.707106781186548,0.,-0.707106781186548));
#3339=DIRECTION('ref_axis',(-0.707106781186548,0.,-0.707106781186548));
#3340=DIRECTION('',(-0.707106781186548,0.,-0.707106781186548));
#3341=DIRECTION('',(0.,-1.,0.));
#3342=DIRECTION('center_axis',(0.382683432365088,0.,-0.923879532511288));
#3343=DIRECTION('ref_axis',(-0.923879532511288,0.,-0.382683432365088));
#3344=DIRECTION('',(0.,-1.,0.));
#3345=DIRECTION('',(0.923879532511288,0.,0.382683432365088));
#3346=DIRECTION('center_axis',(-0.382683432365088,0.,0.923879532511288));
#3347=DIRECTION('ref_axis',(-0.923879532511288,-6.41070205608723E-17,-0.382683432365088));
#3348=DIRECTION('',(0.,1.,0.));
#3349=DIRECTION('',(0.862856209461016,0.357406744336595,0.357406744336593));
#3350=DIRECTION('center_axis',(0.270598050073099,0.270598050073099,-0.923879532511287));
#3351=DIRECTION('ref_axis',(-0.959682982260667,0.,-0.28108463771482));
#3352=DIRECTION('',(0.707106781186548,-0.707106781186548,0.));
#3353=DIRECTION('',(-0.707106781186547,0.707106781186547,0.));
#3354=DIRECTION('',(0.357406744336588,0.86285620946102,0.357406744336591));
#3355=DIRECTION('center_axis',(0.,0.382683432365086,-0.923879532511288));
#3356=DIRECTION('ref_axis',(-1.,0.,0.));
#3357=DIRECTION('',(-1.,0.,0.));
#3358=DIRECTION('center_axis',(0.,-0.382683432365086,0.923879532511288));
#3359=DIRECTION('ref_axis',(-6.41070205608724E-17,-0.923879532511288,-0.382683432365086));
#3360=DIRECTION('',(0.,-0.923879532511288,-0.382683432365086));
#3361=DIRECTION('',(1.,0.,0.));
#3362=DIRECTION('center_axis',(0.707106781186548,0.,-0.707106781186548));
#3363=DIRECTION('ref_axis',(-0.707106781186548,0.,-0.707106781186548));
#3364=DIRECTION('',(0.678598344545848,0.281084637714816,0.678598344545848));
#3365=DIRECTION('',(0.,-1.,0.));
#3366=DIRECTION('',(0.707106781186548,0.,0.707106781186548));
#3367=DIRECTION('center_axis',(0.500000000000001,0.500000000000001,-0.707106781186547));
#3368=DIRECTION('ref_axis',(-0.816496580927725,0.,-0.577350269189627));
#3369=DIRECTION('',(0.281084637714815,0.678598344545848,0.678598344545848));
#3370=DIRECTION('',(0.707106781186548,-0.707106781186548,0.));
#3371=DIRECTION('center_axis',(0.,0.707106781186548,-0.707106781186548));
#3372=DIRECTION('ref_axis',(-1.,0.,0.));
#3373=DIRECTION('',(0.,-0.707106781186548,-0.707106781186548));
#3374=DIRECTION('',(1.,0.,0.));
#3375=DIRECTION('center_axis',(1.,0.,0.));
#3376=DIRECTION('ref_axis',(0.,-1.,0.));
#3377=DIRECTION('',(0.,0.,-1.));
#3378=DIRECTION('',(0.,1.,0.));
#3379=DIRECTION('',(0.,0.,1.));
#3380=DIRECTION('center_axis',(0.707106781186548,0.707106781186548,0.));
#3381=DIRECTION('ref_axis',(0.,0.,-1.));
#3382=DIRECTION('',(0.,0.,1.));
#3383=DIRECTION('',(-0.707106781186548,0.707106781186548,0.));
#3384=DIRECTION('center_axis',(0.,1.,0.));
#3385=DIRECTION('ref_axis',(1.,0.,0.));
#3386=DIRECTION('',(0.,0.,-1.));
#3387=DIRECTION('',(-1.,0.,0.));
#3388=DIRECTION('center_axis',(0.,-1.,0.));
#3389=DIRECTION('ref_axis',(-1.,0.,0.));
#3390=DIRECTION('',(0.,0.,-1.));
#3391=DIRECTION('',(1.,0.,0.));
#3392=DIRECTION('',(0.,0.,1.));
#3393=DIRECTION('center_axis',(0.707106781186548,-0.707106781186548,0.));
#3394=DIRECTION('ref_axis',(0.,0.,-1.));
#3395=DIRECTION('',(0.,0.,1.));
#3396=DIRECTION('',(0.707106781186548,0.707106781186548,0.));
#3397=DIRECTION('center_axis',(1.,0.,0.));
#3398=DIRECTION('ref_axis',(0.,-1.,0.));
#3399=DIRECTION('',(0.,0.,-1.));
#3400=DIRECTION('',(0.,1.,0.));
#3401=DIRECTION('center_axis',(0.,1.,0.));
#3402=DIRECTION('ref_axis',(1.,0.,0.));
#3403=DIRECTION('',(0.,0.,-1.));
#3404=DIRECTION('',(-1.,0.,0.));
#3405=DIRECTION('',(0.,0.,1.));
#3406=DIRECTION('center_axis',(-0.707106781186548,0.707106781186547,0.));
#3407=DIRECTION('ref_axis',(0.,0.,1.));
#3408=DIRECTION('',(0.,0.,1.));
#3409=DIRECTION('',(-0.707106781186547,-0.707106781186548,0.));
#3410=DIRECTION('center_axis',(-1.,0.,0.));
#3411=DIRECTION('ref_axis',(0.,1.,0.));
#3412=DIRECTION('',(0.,0.,-1.));
#3413=DIRECTION('',(0.,-1.,0.));
#3414=DIRECTION('center_axis',(-1.,0.,0.));
#3415=DIRECTION('ref_axis',(0.,1.,0.));
#3416=DIRECTION('',(0.,0.,-1.));
#3417=DIRECTION('',(0.,-1.,0.));
#3418=DIRECTION('',(0.,0.,1.));
#3419=DIRECTION('center_axis',(-0.707106781186548,-0.707106781186548,0.));
#3420=DIRECTION('ref_axis',(0.,0.,1.));
#3421=DIRECTION('',(0.,0.,1.));
#3422=DIRECTION('',(0.707106781186548,-0.707106781186548,0.));
#3423=DIRECTION('center_axis',(0.,-1.,0.));
#3424=DIRECTION('ref_axis',(-1.,0.,0.));
#3425=DIRECTION('',(0.,0.,-1.));
#3426=DIRECTION('',(1.,0.,0.));
#3427=DIRECTION('center_axis',(-0.707106781186548,-0.707106781186547,0.));
#3428=DIRECTION('ref_axis',(0.,0.,1.));
#3429=DIRECTION('',(0.707106781186547,-0.707106781186548,0.));
#3430=DIRECTION('',(0.,0.,1.));
#3431=DIRECTION('',(-0.707106781186547,0.707106781186548,0.));
#3432=DIRECTION('',(0.,0.,-1.));
#3433=DIRECTION('center_axis',(0.,-1.,0.));
#3434=DIRECTION('ref_axis',(-1.,0.,0.));
#3435=DIRECTION('',(-1.,0.,0.));
#3436=DIRECTION('',(0.,0.,-1.));
#3437=DIRECTION('',(-1.,0.,0.));
#3438=DIRECTION('center_axis',(0.,0.,-1.));
#3439=DIRECTION('ref_axis',(-1.,0.,0.));
#3440=DIRECTION('',(0.,1.,0.));
#3441=DIRECTION('',(-1.,0.,0.));
#3442=DIRECTION('',(0.,1.,0.));
#3443=DIRECTION('center_axis',(-0.707106781186548,0.707106781186547,0.));
#3444=DIRECTION('ref_axis',(0.,0.,1.));
#3445=DIRECTION('',(-0.707106781186547,-0.707106781186548,0.));
#3446=DIRECTION('',(0.,0.,1.));
#3447=DIRECTION('',(0.707106781186547,0.707106781186548,0.));
#3448=DIRECTION('',(0.,0.,-1.));
#3449=DIRECTION('center_axis',(0.,1.,0.));
#3450=DIRECTION('ref_axis',(1.,0.,0.));
#3451=DIRECTION('',(1.,0.,0.));
#3452=DIRECTION('',(0.,0.,1.));
#3453=DIRECTION('',(1.,0.,0.));
#3454=DIRECTION('center_axis',(0.,0.,-1.));
#3455=DIRECTION('ref_axis',(-1.,0.,0.));
#3456=DIRECTION('',(0.,1.,0.));
#3457=DIRECTION('',(-1.,0.,0.));
#3458=DIRECTION('center_axis',(0.,0.,-1.));
#3459=DIRECTION('ref_axis',(0.707106781186548,-0.707106781186548,0.));
#3460=DIRECTION('',(0.,-1.,0.));
#3461=DIRECTION('center_axis',(0.707106781186548,0.707106781186547,0.));
#3462=DIRECTION('ref_axis',(0.,0.,-1.));
#3463=DIRECTION('',(-0.707106781186547,0.707106781186548,0.));
#3464=DIRECTION('',(0.,0.,1.));
#3465=DIRECTION('',(0.707106781186547,-0.707106781186548,0.));
#3466=DIRECTION('',(0.,0.,-1.));
#3467=DIRECTION('center_axis',(0.,1.,0.));
#3468=DIRECTION('ref_axis',(1.,0.,0.));
#3469=DIRECTION('',(1.,0.,0.));
#3470=DIRECTION('',(0.,0.,-1.));
#3471=DIRECTION('',(1.,0.,0.));
#3472=DIRECTION('center_axis',(0.,0.,-1.));
#3473=DIRECTION('ref_axis',(-1.,0.,0.));
#3474=DIRECTION('',(0.,-1.,0.));
#3475=DIRECTION('',(1.,0.,0.));
#3476=DIRECTION('',(0.,-1.,0.));
#3477=DIRECTION('center_axis',(0.,0.,-1.));
#3478=DIRECTION('ref_axis',(-1.,0.,0.));
#3479=DIRECTION('center_axis',(0.,0.,1.));
#3480=DIRECTION('ref_axis',(0.707106781186548,0.707106781186548,0.));
#3481=DIRECTION('center_axis',(0.,0.,-1.));
#3482=DIRECTION('ref_axis',(-1.,0.,0.));
#3483=DIRECTION('center_axis',(0.,0.,1.));
#3484=DIRECTION('ref_axis',(0.707106781186548,-0.707106781186548,0.));
#3485=DIRECTION('center_axis',(0.,0.,-1.));
#3486=DIRECTION('ref_axis',(-1.,0.,0.));
#3487=DIRECTION('center_axis',(0.,0.,1.));
#3488=DIRECTION('ref_axis',(-0.707106781186548,-0.707106781186548,0.));
#3489=DIRECTION('center_axis',(0.707106781186547,-0.707106781186549,0.));
#3490=DIRECTION('ref_axis',(0.,0.,-1.));
#3491=DIRECTION('',(0.707106781186549,0.707106781186546,0.));
#3492=DIRECTION('',(0.,0.,1.));
#3493=DIRECTION('',(-0.707106781186549,-0.707106781186546,0.));
#3494=DIRECTION('',(0.,0.,-1.));
#3495=DIRECTION('center_axis',(0.,-1.,0.));
#3496=DIRECTION('ref_axis',(-1.,0.,0.));
#3497=DIRECTION('',(-1.,0.,0.));
#3498=DIRECTION('',(0.,0.,1.));
#3499=DIRECTION('',(-1.,0.,0.));
#3500=DIRECTION('center_axis',(0.,0.,-1.));
#3501=DIRECTION('ref_axis',(-1.,0.,0.));
#3502=DIRECTION('',(0.,-1.,0.));
#3503=DIRECTION('',(1.,0.,0.));
#3504=DIRECTION('center_axis',(0.,0.,-1.));
#3505=DIRECTION('ref_axis',(-0.707106781186548,0.707106781186548,0.));
#3506=DIRECTION('',(0.,1.,0.));
#3507=DIRECTION('center_axis',(0.,0.,-1.));
#3508=DIRECTION('ref_axis',(-1.,0.,0.));
#3509=DIRECTION('center_axis',(0.,0.,1.));
#3510=DIRECTION('ref_axis',(-0.707106781186548,0.707106781186548,0.));
#3511=DIRECTION('center_axis',(1.,0.,0.));
#3512=DIRECTION('ref_axis',(0.,0.,-1.));
#3513=DIRECTION('',(0.,0.,-1.));
#3514=DIRECTION('',(0.,1.,0.));
#3515=DIRECTION('',(0.,0.,-1.));
#3516=DIRECTION('',(0.,1.,0.));
#3517=DIRECTION('',(0.,0.,1.));
#3518=DIRECTION('',(0.,-1.,0.));
#3519=DIRECTION('',(0.,0.,1.));
#3520=DIRECTION('',(0.,-1.,0.));
#3521=DIRECTION('',(0.,-1.,0.));
#3522=DIRECTION('',(0.,0.383760405473378,-0.923432699870926));
#3523=DIRECTION('',(0.,0.99919952252872,0.040003927036961));
#3524=DIRECTION('',(0.,1.,0.));
#3525=DIRECTION('',(0.,0.,1.));
#3526=DIRECTION('',(0.,-0.991105674003612,0.133077206755498));
#3527=DIRECTION('',(0.,0.,-1.));
#3528=DIRECTION('',(0.,0.,1.));
#3529=DIRECTION('',(0.,0.545605037734868,0.838042446895342));
#3530=DIRECTION('',(0.,-1.,0.));
#3531=DIRECTION('',(0.,0.,-1.));
#3532=DIRECTION('',(0.,1.,0.));
#3533=DIRECTION('',(0.,0.,1.));
#3534=DIRECTION('',(0.,-1.,0.));
#3535=DIRECTION('center_axis',(1.,0.,0.));
#3536=DIRECTION('ref_axis',(0.,1.,0.));
#3537=DIRECTION('center_axis',(1.,0.,0.));
#3538=DIRECTION('ref_axis',(0.,1.,0.));
#3539=DIRECTION('center_axis',(1.,0.,0.));
#3540=DIRECTION('ref_axis',(0.,1.,0.));
#3541=DIRECTION('center_axis',(1.,0.,0.));
#3542=DIRECTION('ref_axis',(0.,1.,0.));
#3543=DIRECTION('',(0.,0.,1.));
#3544=DIRECTION('',(0.,-1.,0.));
#3545=DIRECTION('',(0.,0.,-1.));
#3546=DIRECTION('',(0.,1.,0.));
#3547=DIRECTION('center_axis',(0.,0.,-1.));
#3548=DIRECTION('ref_axis',(-1.,0.,0.));
#3549=DIRECTION('',(1.,0.,0.));
#3550=DIRECTION('',(0.,1.,0.));
#3551=DIRECTION('center_axis',(0.,0.,-1.));
#3552=DIRECTION('ref_axis',(-1.,0.,0.));
#3553=DIRECTION('center_axis',(0.,0.,-1.));
#3554=DIRECTION('ref_axis',(0.707106781186548,0.707106781186548,0.));
#3555=DIRECTION('',(1.,0.,0.));
#3556=DIRECTION('',(0.,1.,0.));
#3557=DIRECTION('center_axis',(0.,1.,0.));
#3558=DIRECTION('ref_axis',(0.,0.,1.));
#3559=DIRECTION('',(0.,0.,-1.));
#3560=DIRECTION('',(0.,0.,1.));
#3561=DIRECTION('',(0.,0.,-1.));
#3562=DIRECTION('',(-1.,0.,0.));
#3563=DIRECTION('',(0.,0.,1.));
#3564=DIRECTION('',(0.,0.,-1.));
#3565=DIRECTION('',(-1.,0.,0.));
#3566=DIRECTION('',(0.,0.,1.));
#3567=DIRECTION('',(1.,0.,0.));
#3568=DIRECTION('center_axis',(0.,0.,-1.));
#3569=DIRECTION('ref_axis',(-1.,0.,0.));
#3570=DIRECTION('',(0.,1.,0.));
#3571=DIRECTION('center_axis',(0.,0.,-1.));
#3572=DIRECTION('ref_axis',(-0.707106781186548,-0.707106781186548,0.));
#3573=DIRECTION('',(-1.,0.,0.));
#3574=DIRECTION('',(0.,-1.,0.));
#3575=DIRECTION('center_axis',(0.,-1.,0.));
#3576=DIRECTION('ref_axis',(0.,0.,-1.));
#3577=DIRECTION('',(0.,0.,1.));
#3578=DIRECTION('',(1.,0.,0.));
#3579=DIRECTION('',(0.,0.,-1.));
#3580=DIRECTION('',(0.,0.,1.));
#3581=DIRECTION('',(0.,0.,-1.));
#3582=DIRECTION('',(1.,0.,0.));
#3583=DIRECTION('',(0.,0.,1.));
#3584=DIRECTION('',(0.,0.,-1.));
#3585=DIRECTION('center_axis',(-1.,0.,0.));
#3586=DIRECTION('ref_axis',(0.,0.,1.));
#3587=DIRECTION('',(0.,0.,1.));
#3588=DIRECTION('',(0.,-1.,0.));
#3589=DIRECTION('',(0.,0.,-1.));
#3590=DIRECTION('',(0.,-1.,0.));
#3591=DIRECTION('',(0.,0.,-1.));
#3592=DIRECTION('',(0.,-1.,0.));
#3593=DIRECTION('',(0.,0.,1.));
#3594=DIRECTION('',(0.,1.,0.));
#3595=DIRECTION('',(0.,0.,1.));
#3596=DIRECTION('',(0.,0.991105674003612,-0.133077206755498));
#3597=DIRECTION('',(0.,0.,-1.));
#3598=DIRECTION('',(0.,-1.,0.));
#3599=DIRECTION('',(0.,-0.99919952252872,-0.040003927036961));
#3600=DIRECTION('',(0.,-0.383760405473378,0.923432699870926));
#3601=DIRECTION('',(0.,0.,-1.));
#3602=DIRECTION('',(0.,1.,0.));
#3603=DIRECTION('',(0.,0.,-1.));
#3604=DIRECTION('',(0.,-1.,0.));
#3605=DIRECTION('',(0.,0.,1.));
#3606=DIRECTION('',(0.,1.,0.));
#3607=DIRECTION('',(0.,-0.545605037734868,-0.838042446895342));
#3608=DIRECTION('',(0.,0.,-1.));
#3609=DIRECTION('',(0.,-1.,0.));
#3610=DIRECTION('',(0.,0.,1.));
#3611=DIRECTION('',(0.,1.,0.));
#3612=DIRECTION('center_axis',(-1.,0.,0.));
#3613=DIRECTION('ref_axis',(0.,1.,0.));
#3614=DIRECTION('center_axis',(-1.,0.,0.));
#3615=DIRECTION('ref_axis',(0.,1.,0.));
#3616=DIRECTION('center_axis',(-1.,0.,0.));
#3617=DIRECTION('ref_axis',(0.,1.,0.));
#3618=DIRECTION('center_axis',(-1.,0.,0.));
#3619=DIRECTION('ref_axis',(0.,1.,0.));
#3620=DIRECTION('center_axis',(0.,0.,-1.));
#3621=DIRECTION('ref_axis',(-1.,0.,0.));
#3622=DIRECTION('',(0.,-1.,0.));
#3623=DIRECTION('center_axis',(1.,0.,0.));
#3624=DIRECTION('ref_axis',(0.,-1.,0.));
#3625=DIRECTION('center_axis',(0.,0.,1.));
#3626=DIRECTION('ref_axis',(-0.707106781186548,-0.707106781186548,0.));
#3627=DIRECTION('center_axis',(0.,0.,1.));
#3628=DIRECTION('ref_axis',(-0.707106781186548,-0.707106781186548,0.));
#3629=DIRECTION('center_axis',(0.,0.,1.));
#3630=DIRECTION('ref_axis',(-0.707106781186548,-0.707106781186548,0.));
#3631=DIRECTION('center_axis',(0.,0.,1.));
#3632=DIRECTION('ref_axis',(-0.707106781186548,-0.707106781186548,0.));
#3633=DIRECTION('center_axis',(1.,0.,0.));
#3634=DIRECTION('ref_axis',(0.,-1.,0.));
#3635=DIRECTION('center_axis',(0.,0.,-1.));
#3636=DIRECTION('ref_axis',(-0.707106781186548,0.707106781186548,0.));
#3637=DIRECTION('center_axis',(0.,0.,1.));
#3638=DIRECTION('ref_axis',(-0.707106781186548,0.707106781186548,0.));
#3639=DIRECTION('center_axis',(-1.,0.,0.));
#3640=DIRECTION('ref_axis',(0.,1.,0.));
#3641=DIRECTION('center_axis',(0.,0.,1.));
#3642=DIRECTION('ref_axis',(0.707106781186548,-0.707106781186548,0.));
#3643=DIRECTION('center_axis',(0.,0.,1.));
#3644=DIRECTION('ref_axis',(0.707106781186548,-0.707106781186548,0.));
#3645=DIRECTION('center_axis',(-1.,0.,0.));
#3646=DIRECTION('ref_axis',(0.,1.,0.));
#3647=DIRECTION('center_axis',(0.,0.,-1.));
#3648=DIRECTION('ref_axis',(0.707106781186548,0.707106781186548,0.));
#3649=DIRECTION('center_axis',(0.,0.,1.));
#3650=DIRECTION('ref_axis',(0.707106781186548,0.707106781186548,0.));
#3651=DIRECTION('center_axis',(0.,-0.707106781186548,-0.707106781186548));
#3652=DIRECTION('ref_axis',(-1.,0.,0.));
#3653=DIRECTION('',(0.,0.707106781186547,-0.707106781186547));
#3654=DIRECTION('',(1.,0.,0.));
#3655=DIRECTION('',(0.,-0.707106781186547,0.707106781186547));
#3656=DIRECTION('',(-1.,0.,0.));
#3657=DIRECTION('center_axis',(0.,0.,1.));
#3658=DIRECTION('ref_axis',(-0.707106781186547,-0.707106781186547,0.));
#3659=DIRECTION('center_axis',(0.,0.,-1.));
#3660=DIRECTION('ref_axis',(-0.707106781186548,-0.707106781186548,0.));
#3661=DIRECTION('',(0.707106781186549,0.,-0.707106781186546));
#3662=DIRECTION('center_axis',(0.,0.,1.));
#3663=DIRECTION('ref_axis',(-0.707106781186548,-0.707106781186548,0.));
#3664=DIRECTION('center_axis',(-0.707106781186548,0.,-0.707106781186548));
#3665=DIRECTION('ref_axis',(-0.707106781186548,0.,0.707106781186548));
#3666=DIRECTION('',(0.,1.,0.));
#3667=DIRECTION('',(0.707106781186547,0.,-0.707106781186547));
#3668=DIRECTION('',(0.,-1.,0.));
#3669=DIRECTION('center_axis',(0.,0.,1.));
#3670=DIRECTION('ref_axis',(-0.707106781186547,0.707106781186547,0.));
#3671=DIRECTION('center_axis',(0.,0.,-1.));
#3672=DIRECTION('ref_axis',(-0.707106781186548,0.707106781186548,0.));
#3673=DIRECTION('',(0.,-0.707106781186547,-0.707106781186548));
#3674=DIRECTION('center_axis',(0.,0.,1.));
#3675=DIRECTION('ref_axis',(-0.707106781186548,0.707106781186548,0.));
#3676=DIRECTION('center_axis',(0.,0.707106781186548,-0.707106781186548));
#3677=DIRECTION('ref_axis',(-1.,0.,0.));
#3678=DIRECTION('',(1.,0.,0.));
#3679=DIRECTION('',(0.,-0.707106781186547,-0.707106781186547));
#3680=DIRECTION('',(-1.,0.,0.));
#3681=DIRECTION('center_axis',(0.,0.,1.));
#3682=DIRECTION('ref_axis',(0.707106781186547,0.707106781186547,0.));
#3683=DIRECTION('center_axis',(0.,0.,-1.));
#3684=DIRECTION('ref_axis',(0.707106781186548,0.707106781186548,0.));
#3685=DIRECTION('',(-0.707106781186549,0.,-0.707106781186546));
#3686=DIRECTION('center_axis',(0.,0.,1.));
#3687=DIRECTION('ref_axis',(0.707106781186548,0.707106781186548,0.));
#3688=DIRECTION('center_axis',(0.707106781186548,0.,-0.707106781186548));
#3689=DIRECTION('ref_axis',(-0.707106781186548,0.,-0.707106781186548));
#3690=DIRECTION('',(0.,-1.,0.));
#3691=DIRECTION('',(-0.707106781186546,0.,-0.707106781186549));
#3692=DIRECTION('',(0.,1.,0.));
#3693=DIRECTION('center_axis',(0.,0.,1.));
#3694=DIRECTION('ref_axis',(0.707106781186547,-0.707106781186547,0.));
#3695=DIRECTION('center_axis',(0.,0.,-1.));
#3696=DIRECTION('ref_axis',(0.707106781186548,-0.707106781186548,0.));
#3697=DIRECTION('center_axis',(0.,0.,1.));
#3698=DIRECTION('ref_axis',(0.707106781186548,-0.707106781186548,0.));
#3699=DIRECTION('center_axis',(0.,0.,-1.));
#3700=DIRECTION('ref_axis',(-0.707106781186548,0.707106781186548,0.));
#3701=DIRECTION('',(0.,0.,1.));
#3702=DIRECTION('center_axis',(0.,0.,-1.));
#3703=DIRECTION('ref_axis',(-0.707106781186548,0.707106781186548,0.));
#3704=DIRECTION('',(0.,0.,-1.));
#3705=DIRECTION('center_axis',(-1.,0.,0.));
#3706=DIRECTION('ref_axis',(0.,0.,1.));
#3707=DIRECTION('',(0.,0.,-1.));
#3708=DIRECTION('',(0.,1.,0.));
#3709=DIRECTION('',(0.,0.,1.));
#3710=DIRECTION('',(0.,-1.,0.));
#3711=DIRECTION('',(0.,0.,-1.));
#3712=DIRECTION('',(0.,1.,0.));
#3713=DIRECTION('center_axis',(1.,0.,0.));
#3714=DIRECTION('ref_axis',(0.,1.,0.));
#3715=DIRECTION('center_axis',(1.,0.,0.));
#3716=DIRECTION('ref_axis',(0.,1.,0.));
#3717=DIRECTION('center_axis',(1.,0.,0.));
#3718=DIRECTION('ref_axis',(0.,1.,0.));
#3719=DIRECTION('center_axis',(1.,0.,0.));
#3720=DIRECTION('ref_axis',(0.,1.,0.));
#3721=DIRECTION('center_axis',(0.,0.,1.));
#3722=DIRECTION('ref_axis',(-0.707106781186548,-0.707106781186548,0.));
#3723=DIRECTION('',(0.,0.,1.));
#3724=DIRECTION('center_axis',(0.,0.,-1.));
#3725=DIRECTION('ref_axis',(-0.707106781186548,-0.707106781186548,0.));
#3726=DIRECTION('center_axis',(0.,-1.,0.));
#3727=DIRECTION('ref_axis',(0.,0.,-1.));
#3728=DIRECTION('',(0.,0.,-1.));
#3729=DIRECTION('',(-1.,0.,0.));
#3730=DIRECTION('center_axis',(0.,0.,-1.));
#3731=DIRECTION('ref_axis',(-1.,0.,0.));
#3732=DIRECTION('',(-6.60238980438321E-5,0.999999997820422,0.));
#3733=DIRECTION('',(-6.60238980438321E-5,0.999999997820422,0.));
#3734=DIRECTION('',(-6.60238980438321E-5,0.999999997820422,0.));
#3735=DIRECTION('',(-1.,1.0584470070751E-16,0.));
#3736=DIRECTION('',(-1.05626464211205E-16,-1.,0.));
#3737=DIRECTION('',(1.,0.,0.));
#3738=DIRECTION('',(0.,-1.,0.));
#3739=DIRECTION('',(-1.,0.,0.));
#3740=DIRECTION('',(-1.05626464211205E-16,-1.,0.));
#3741=DIRECTION('',(1.,0.,0.));
#3742=DIRECTION('center_axis',(0.,0.,1.));
#3743=DIRECTION('ref_axis',(1.,0.,0.));
#3744=DIRECTION('center_axis',(0.,0.,1.));
#3745=DIRECTION('ref_axis',(0.707106781186548,-0.707106781186548,0.));
#3746=DIRECTION('center_axis',(0.,0.,1.));
#3747=DIRECTION('ref_axis',(0.707106781186548,-0.707106781186548,0.));
#3748=DIRECTION('center_axis',(0.,0.,-1.));
#3749=DIRECTION('ref_axis',(0.707106781186548,0.707106781186548,0.));
#3750=DIRECTION('center_axis',(0.,0.,1.));
#3751=DIRECTION('ref_axis',(0.707106781186548,0.707106781186548,0.));
#3752=DIRECTION('center_axis',(0.,0.,-1.));
#3753=DIRECTION('ref_axis',(-1.,0.,0.));
#3754=DIRECTION('center_axis',(0.,0.,1.));
#3755=DIRECTION('ref_axis',(-0.707106781186548,0.707106781186548,0.));
#3756=DIRECTION('',(-1.05626464211205E-16,-1.,0.));
#3757=DIRECTION('',(-1.,0.,0.));
#3758=DIRECTION('',(1.05626464211205E-16,1.,0.));
#3759=DIRECTION('',(1.,-1.0584470070751E-16,0.));
#3760=DIRECTION('',(6.60238980438321E-5,-0.999999997820422,0.));
#3761=DIRECTION('center_axis',(0.,0.,-1.));
#3762=DIRECTION('ref_axis',(-0.707106781186548,0.707106781186548,0.));
#3763=DIRECTION('center_axis',(0.,0.,-1.));
#3764=DIRECTION('ref_axis',(0.707106781186548,0.707106781186548,0.));
#3765=DIRECTION('',(0.,0.,1.));
#3766=DIRECTION('center_axis',(0.,0.,-1.));
#3767=DIRECTION('ref_axis',(0.707106781186548,0.707106781186548,0.));
#3768=DIRECTION('',(0.,0.,-1.));
#3769=DIRECTION('center_axis',(0.,0.,-1.));
#3770=DIRECTION('ref_axis',(-1.,0.,0.));
#3771=DIRECTION('',(1.,0.,0.));
#3772=DIRECTION('center_axis',(0.,0.,-1.));
#3773=DIRECTION('ref_axis',(0.707106781186548,-0.707106781186548,0.));
#3774=DIRECTION('',(0.,-1.,0.));
#3775=DIRECTION('center_axis',(0.,1.,0.));
#3776=DIRECTION('ref_axis',(0.,0.,1.));
#3777=DIRECTION('center_axis',(0.,0.,1.));
#3778=DIRECTION('ref_axis',(0.707106781186548,-0.707106781186548,0.));
#3779=DIRECTION('',(0.,0.,1.));
#3780=DIRECTION('center_axis',(0.,0.,1.));
#3781=DIRECTION('ref_axis',(1.,0.,0.));
#3782=DIRECTION('',(0.,0.,1.));
#3783=DIRECTION('center_axis',(0.,0.,-1.));
#3784=DIRECTION('ref_axis',(1.,0.,0.));
#3785=DIRECTION('center_axis',(1.,0.,0.));
#3786=DIRECTION('ref_axis',(0.,1.,0.));
#3787=DIRECTION('',(0.,0.,1.));
#3788=DIRECTION('',(0.,1.,0.));
#3789=DIRECTION('',(0.,0.,1.));
#3790=DIRECTION('center_axis',(0.,-1.,0.));
#3791=DIRECTION('ref_axis',(1.,0.,0.));
#3792=DIRECTION('',(1.,0.,0.));
#3793=DIRECTION('',(4.80120291869303E-18,0.,1.));
#3794=DIRECTION('center_axis',(0.,1.,0.));
#3795=DIRECTION('ref_axis',(-1.,0.,0.));
#3796=DIRECTION('',(-4.80120291869303E-18,0.,-1.));
#3797=DIRECTION('',(-1.,0.,0.));
#3798=DIRECTION('center_axis',(0.,0.,1.));
#3799=DIRECTION('ref_axis',(1.,0.,0.));
#3800=DIRECTION('',(1.05626464211205E-16,1.,0.));
#3801=DIRECTION('center_axis',(0.,-0.998968540210299,-0.0454076609186683));
#3802=DIRECTION('ref_axis',(0.,0.0454076609186683,-0.998968540210299));
#3803=DIRECTION('',(-9.84931830776339E-32,-0.0454076609186687,0.998968540210299));
#3804=DIRECTION('',(0.00145402399195743,-0.0454076129185292,0.998967484207205));
#3805=DIRECTION('',(9.84931830776338E-32,0.0454076609186687,-0.998968540210299));
#3806=DIRECTION('center_axis',(1.,-1.05626464211205E-16,-4.80120291869304E-18));
#3807=DIRECTION('ref_axis',(9.84931830776339E-32,0.0454076609186687,-0.998968540210299));
#3808=DIRECTION('',(1.05735526154777E-16,0.998968540210299,0.0454076609186686));
#3809=DIRECTION('center_axis',(0.999998942906557,6.60238283943065E-5,-0.00145252422467647));
#3810=DIRECTION('ref_axis',(-0.00145402399195743,0.0454076129185292,-0.998967484207205));
#3811=DIRECTION('',(-0.00145402399195743,0.0454076129185292,-0.998967484207205));
#3812=DIRECTION('center_axis',(-1.,1.05626464211205E-16,4.80120291869303E-18));
#3813=DIRECTION('ref_axis',(-9.84931830776338E-32,-0.0454076609186687,0.998968540210299));
#3814=DIRECTION('',(-9.90528757103881E-32,-0.0454076609186687,0.998968540210299));
#3815=DIRECTION('center_axis',(1.05735526154777E-16,0.998968540210299,0.0454076609186686));
#3816=DIRECTION('ref_axis',(0.,-0.0454076609186686,0.998968540210299));
#3817=DIRECTION('center_axis',(0.,0.,1.));
#3818=DIRECTION('ref_axis',(0.,1.,0.));
#3819=DIRECTION('',(-1.,0.,0.));
#3820=DIRECTION('',(0.,1.,0.));
#3821=DIRECTION('',(-1.,0.,0.));
#3822=DIRECTION('center_axis',(0.,-0.040003927036961,0.99919952252872));
#3823=DIRECTION('ref_axis',(0.,0.99919952252872,0.040003927036961));
#3824=DIRECTION('',(-1.,0.,0.));
#3825=DIRECTION('',(0.,0.99919952252872,0.040003927036961));
#3826=DIRECTION('center_axis',(0.,0.923432699870926,0.383760405473378));
#3827=DIRECTION('ref_axis',(0.,0.383760405473378,-0.923432699870926));
#3828=DIRECTION('',(-1.,0.,0.));
#3829=DIRECTION('',(0.,0.383760405473378,-0.923432699870926));
#3830=DIRECTION('center_axis',(0.,0.,-1.));
#3831=DIRECTION('ref_axis',(0.,-1.,0.));
#3832=DIRECTION('',(-1.,0.,0.));
#3833=DIRECTION('',(0.,-1.,0.));
#3834=DIRECTION('center_axis',(0.,1.,0.));
#3835=DIRECTION('ref_axis',(0.,0.,-1.));
#3836=DIRECTION('',(-1.,0.,0.));
#3837=DIRECTION('',(0.,0.,-1.));
#3838=DIRECTION('center_axis',(0.,-0.133077206755498,-0.991105674003612));
#3839=DIRECTION('ref_axis',(0.,-0.991105674003612,0.133077206755498));
#3840=DIRECTION('',(-1.,0.,0.));
#3841=DIRECTION('',(0.,-0.991105674003612,0.133077206755498));
#3842=DIRECTION('center_axis',(0.,-1.,0.));
#3843=DIRECTION('ref_axis',(0.,0.,1.));
#3844=DIRECTION('',(0.,0.,1.));
#3845=DIRECTION('center_axis',(1.,0.,0.));
#3846=DIRECTION('ref_axis',(0.,0.,-1.));
#3847=DIRECTION('center_axis',(0.,1.,0.));
#3848=DIRECTION('ref_axis',(0.,0.,-1.));
#3849=DIRECTION('',(-1.,0.,0.));
#3850=DIRECTION('',(0.,0.,-1.));
#3851=DIRECTION('',(-1.,0.,0.));
#3852=DIRECTION('center_axis',(0.,0.,-1.));
#3853=DIRECTION('ref_axis',(0.,-1.,0.));
#3854=DIRECTION('',(-1.,0.,0.));
#3855=DIRECTION('',(0.,-1.,0.));
#3856=DIRECTION('center_axis',(0.,-0.838042446895343,0.545605037734868));
#3857=DIRECTION('ref_axis',(0.,0.545605037734868,0.838042446895342));
#3858=DIRECTION('',(-1.,0.,0.));
#3859=DIRECTION('',(0.,0.545605037734868,0.838042446895342));
#3860=DIRECTION('center_axis',(0.,-1.,0.));
#3861=DIRECTION('ref_axis',(0.,0.,1.));
#3862=DIRECTION('',(-1.,0.,0.));
#3863=DIRECTION('',(0.,0.,1.));
#3864=DIRECTION('center_axis',(0.,0.,-1.));
#3865=DIRECTION('ref_axis',(0.,-1.,0.));
#3866=DIRECTION('',(-1.,0.,0.));
#3867=DIRECTION('',(0.,-1.,0.));
#3868=DIRECTION('center_axis',(0.,-1.,0.));
#3869=DIRECTION('ref_axis',(0.,0.,1.));
#3870=DIRECTION('',(-1.,0.,0.));
#3871=DIRECTION('',(0.,0.,1.));
#3872=DIRECTION('center_axis',(0.,0.,1.));
#3873=DIRECTION('ref_axis',(0.,1.,0.));
#3874=DIRECTION('',(0.,1.,0.));
#3875=DIRECTION('center_axis',(1.,0.,0.));
#3876=DIRECTION('ref_axis',(0.,0.,-1.));
#3877=DIRECTION('center_axis',(0.,1.,0.));
#3878=DIRECTION('ref_axis',(0.,0.,1.));
#3879=DIRECTION('',(1.,0.,0.));
#3880=DIRECTION('',(0.,0.,1.));
#3881=DIRECTION('',(1.,0.,0.));
#3882=DIRECTION('center_axis',(0.,0.133077206755498,0.991105674003612));
#3883=DIRECTION('ref_axis',(0.,-0.991105674003612,0.133077206755498));
#3884=DIRECTION('',(1.,0.,0.));
#3885=DIRECTION('',(0.,-0.991105674003612,0.133077206755498));
#3886=DIRECTION('center_axis',(0.,-1.,0.));
#3887=DIRECTION('ref_axis',(0.,0.,-1.));
#3888=DIRECTION('',(1.,0.,0.));
#3889=DIRECTION('',(0.,0.,-1.));
#3890=DIRECTION('center_axis',(0.,0.,1.));
#3891=DIRECTION('ref_axis',(0.,-1.,0.));
#3892=DIRECTION('',(1.,0.,0.));
#3893=DIRECTION('',(0.,-1.,0.));
#3894=DIRECTION('center_axis',(0.,0.,-1.));
#3895=DIRECTION('ref_axis',(0.,1.,0.));
#3896=DIRECTION('',(0.,1.,0.));
#3897=DIRECTION('',(1.,0.,0.));
#3898=DIRECTION('center_axis',(0.,0.040003927036961,-0.99919952252872));
#3899=DIRECTION('ref_axis',(0.,0.99919952252872,0.040003927036961));
#3900=DIRECTION('',(0.,0.99919952252872,0.040003927036961));
#3901=DIRECTION('',(1.,0.,0.));
#3902=DIRECTION('center_axis',(0.,-0.923432699870926,-0.383760405473378));
#3903=DIRECTION('ref_axis',(0.,0.383760405473378,-0.923432699870926));
#3904=DIRECTION('',(0.,0.383760405473378,-0.923432699870926));
#3905=DIRECTION('center_axis',(1.,0.,0.));
#3906=DIRECTION('ref_axis',(0.,0.,-1.));
#3907=DIRECTION('center_axis',(0.,0.,-1.));
#3908=DIRECTION('ref_axis',(0.,1.,0.));
#3909=DIRECTION('',(1.,0.,0.));
#3910=DIRECTION('',(0.,1.,0.));
#3911=DIRECTION('',(1.,0.,0.));
#3912=DIRECTION('center_axis',(0.,1.,0.));
#3913=DIRECTION('ref_axis',(0.,0.,1.));
#3914=DIRECTION('',(1.,0.,0.));
#3915=DIRECTION('',(0.,0.,1.));
#3916=DIRECTION('center_axis',(0.,0.,1.));
#3917=DIRECTION('ref_axis',(0.,-1.,0.));
#3918=DIRECTION('',(1.,0.,0.));
#3919=DIRECTION('',(0.,-1.,0.));
#3920=DIRECTION('center_axis',(0.,1.,0.));
#3921=DIRECTION('ref_axis',(0.,0.,1.));
#3922=DIRECTION('',(1.,0.,0.));
#3923=DIRECTION('',(0.,0.,1.));
#3924=DIRECTION('center_axis',(0.,-1.,0.));
#3925=DIRECTION('ref_axis',(0.,0.,-1.));
#3926=DIRECTION('',(0.,0.,-1.));
#3927=DIRECTION('',(1.,0.,0.));
#3928=DIRECTION('center_axis',(0.,0.,1.));
#3929=DIRECTION('ref_axis',(0.,-1.,0.));
#3930=DIRECTION('',(0.,-1.,0.));
#3931=DIRECTION('',(1.,0.,0.));
#3932=DIRECTION('center_axis',(0.,0.838042446895343,-0.545605037734868));
#3933=DIRECTION('ref_axis',(0.,0.545605037734868,0.838042446895342));
#3934=DIRECTION('',(0.,0.545605037734868,0.838042446895342));
#3935=DIRECTION('center_axis',(1.,0.,0.));
#3936=DIRECTION('ref_axis',(0.,0.,-1.));
#3937=DIRECTION('center_axis',(-1.,0.,0.));
#3938=DIRECTION('ref_axis',(0.,1.,0.));
#3939=DIRECTION('center_axis',(-1.,0.,0.));
#3940=DIRECTION('ref_axis',(0.,1.,0.));
#3941=DIRECTION('',(-1.,0.,0.));
#3942=DIRECTION('center_axis',(-1.,0.,0.));
#3943=DIRECTION('ref_axis',(0.,1.,0.));
#3944=DIRECTION('',(-1.,0.,0.));
#3945=DIRECTION('center_axis',(-1.,0.,0.));
#3946=DIRECTION('ref_axis',(0.,1.,0.));
#3947=DIRECTION('center_axis',(-1.,0.,0.));
#3948=DIRECTION('ref_axis',(0.,1.,0.));
#3949=DIRECTION('',(-1.,0.,0.));
#3950=DIRECTION('center_axis',(-1.,0.,0.));
#3951=DIRECTION('ref_axis',(0.,1.,0.));
#3952=DIRECTION('',(-1.,0.,0.));
#3953=DIRECTION('center_axis',(-1.,0.,0.));
#3954=DIRECTION('ref_axis',(0.,1.,0.));
#3955=DIRECTION('center_axis',(-1.,0.,0.));
#3956=DIRECTION('ref_axis',(0.,1.,0.));
#3957=DIRECTION('',(-1.,0.,0.));
#3958=DIRECTION('center_axis',(-1.,0.,0.));
#3959=DIRECTION('ref_axis',(0.,1.,0.));
#3960=DIRECTION('',(-1.,0.,0.));
#3961=DIRECTION('center_axis',(-1.,0.,0.));
#3962=DIRECTION('ref_axis',(0.,1.,0.));
#3963=DIRECTION('center_axis',(-1.,0.,0.));
#3964=DIRECTION('ref_axis',(0.,1.,0.));
#3965=DIRECTION('',(-1.,0.,0.));
#3966=DIRECTION('center_axis',(-1.,0.,0.));
#3967=DIRECTION('ref_axis',(0.,1.,0.));
#3968=DIRECTION('',(-1.,0.,0.));
#3969=DIRECTION('center_axis',(0.,-1.,0.));
#3970=DIRECTION('ref_axis',(0.,0.,1.));
#3971=DIRECTION('',(-1.,0.,0.));
#3972=DIRECTION('',(0.,0.,1.));
#3973=DIRECTION('',(-1.,0.,0.));
#3974=DIRECTION('center_axis',(0.,-1.,0.));
#3975=DIRECTION('ref_axis',(0.,0.,1.));
#3976=DIRECTION('',(-1.,0.,0.));
#3977=DIRECTION('',(-1.,0.,0.));
#3978=DIRECTION('center_axis',(0.,0.,1.));
#3979=DIRECTION('ref_axis',(0.,1.,0.));
#3980=DIRECTION('',(-1.,0.,0.));
#3981=DIRECTION('',(0.,1.,0.));
#3982=DIRECTION('center_axis',(0.,0.,1.));
#3983=DIRECTION('ref_axis',(0.,1.,0.));
#3984=DIRECTION('',(-1.,0.,0.));
#3985=DIRECTION('center_axis',(0.,0.,-1.));
#3986=DIRECTION('ref_axis',(0.,-1.,0.));
#3987=DIRECTION('',(0.,-1.,0.));
#3988=DIRECTION('',(-1.,0.,0.));
#3989=DIRECTION('center_axis',(0.,1.,0.));
#3990=DIRECTION('ref_axis',(0.,0.,-1.));
#3991=DIRECTION('',(0.,0.,-1.));
#3992=DIRECTION('center_axis',(0.,1.,0.));
#3993=DIRECTION('ref_axis',(0.,0.,-1.));
#3994=DIRECTION('',(-1.,0.,0.));
#3995=DIRECTION('center_axis',(0.,0.,-1.));
#3996=DIRECTION('ref_axis',(0.,-1.,0.));
#3997=DIRECTION('center_axis',(1.,0.,0.));
#3998=DIRECTION('ref_axis',(0.,0.,-1.));
#3999=DIRECTION('center_axis',(0.,0.,1.));
#4000=DIRECTION('ref_axis',(1.,0.,0.));
#4001=DIRECTION('',(6.60238981146091E-5,-0.999999997820422,0.));
#4002=DIRECTION('',(0.999999997820422,6.60238981155232E-5,0.));
#4003=DIRECTION('',(-6.60238980437262E-5,0.999999997820422,0.));
#4004=DIRECTION('',(-0.999999997820422,-6.60238981155234E-5,0.));
#4005=DIRECTION('center_axis',(0.,0.,-1.));
#4006=DIRECTION('ref_axis',(1.,0.,0.));
#4007=DIRECTION('center_axis',(0.,0.,-1.));
#4008=DIRECTION('ref_axis',(1.,0.,0.));
#4009=DIRECTION('',(6.60238981146091E-5,-0.999999997820422,0.));
#4010=DIRECTION('',(-0.999999997820422,-6.60238981155234E-5,0.));
#4011=DIRECTION('',(-6.60238980438321E-5,0.999999997820422,0.));
#4012=DIRECTION('',(0.999999997820422,6.60238981155232E-5,0.));
#4013=DIRECTION('center_axis',(0.,0.,1.));
#4014=DIRECTION('ref_axis',(1.,0.,0.));
#4015=DIRECTION('center_axis',(-0.999999997820422,-6.60238981146091E-5,
0.));
#4016=DIRECTION('ref_axis',(6.60238981146091E-5,-0.999999997820422,0.));
#4017=DIRECTION('',(0.,0.,1.));
#4018=DIRECTION('',(0.,0.,1.));
#4019=DIRECTION('center_axis',(6.60238981155232E-5,-0.999999997820422,0.));
#4020=DIRECTION('ref_axis',(0.999999997820422,6.60238981155232E-5,0.));
#4021=DIRECTION('',(0.,0.,1.));
#4022=DIRECTION('center_axis',(0.999999997820422,6.60238980437262E-5,0.));
#4023=DIRECTION('ref_axis',(-6.60238980437262E-5,0.999999997820422,0.));
#4024=DIRECTION('',(0.,0.,1.));
#4025=DIRECTION('center_axis',(-6.60238981155234E-5,0.999999997820422,0.));
#4026=DIRECTION('ref_axis',(-0.999999997820422,-6.60238981155234E-5,0.));
#4027=DIRECTION('center_axis',(0.,0.,1.));
#4028=DIRECTION('ref_axis',(1.,0.,0.));
#4029=DIRECTION('',(0.,0.,1.));
#4030=CARTESIAN_POINT('',(0.,0.,0.));
#4031=CARTESIAN_POINT('Origin',(57.2777404127883,-26.3274469220005,30.9181695229775));
#4032=CARTESIAN_POINT('',(58.688274318721,-25.4738935314072,31.2717229135707));
#4033=CARTESIAN_POINT('',(61.5283259635068,-25.4738935314072,31.2717229135707));
#4034=CARTESIAN_POINT('',(57.2777404127883,-25.4738935314072,31.2717229135707));
#4035=CARTESIAN_POINT('',(61.5283259635068,-27.,30.6395889166543));
#4036=CARTESIAN_POINT('',(61.5283259635068,-6.66872475479295,39.0610788635593));
#4037=CARTESIAN_POINT('',(61.5242287259425,-27.1810003125937,30.5646161323842));
#4038=CARTESIAN_POINT('Origin',(57.5283259635068,-27.,30.6395889166543));
#4039=CARTESIAN_POINT('',(59.3953810999075,-27.1810003125937,30.5646161323842));
#4040=CARTESIAN_POINT('',(57.2777404127883,-27.1810003125937,30.5646161323842));
#4041=CARTESIAN_POINT('',(59.3953810999075,-27.1810003125937,30.5646161323842));
#4042=CARTESIAN_POINT('Origin',(57.9205073657547,-27.4487672655601,30.9181695229775));
#4043=CARTESIAN_POINT('',(57.6527404127883,-28.923640999713,30.5646161323842));
#4044=CARTESIAN_POINT('',(58.5240607563479,-28.0523206561534,30.5646161323842));
#4045=CARTESIAN_POINT('',(55.9456336316017,-28.2165342185265,31.2717229135707));
#4046=CARTESIAN_POINT('',(57.6527404127883,-28.923640999713,30.5646161323842));
#4047=CARTESIAN_POINT('',(57.3169539751614,-26.8452138749668,31.2717229135707));
#4048=CARTESIAN_POINT('Origin',(56.799187022195,-28.5560003125937,30.9181695229775));
#4049=CARTESIAN_POINT('',(57.6527404127883,-30.9980646624098,30.5646161323842));
#4050=CARTESIAN_POINT('',(57.6527404127883,-28.5560003125937,30.5646161323842));
#4051=CARTESIAN_POINT('',(57.5283259635068,-31.,30.6161502846318));
#4052=CARTESIAN_POINT('Origin',(57.5283259635068,-27.,30.6161502846318));
#4053=CARTESIAN_POINT('',(55.9456336316018,-31.,31.2717229135708));
#4054=CARTESIAN_POINT('',(36.2523539483877,-31.,39.4289464459646));
#4055=CARTESIAN_POINT('',(55.9456336316018,-28.5560003125937,31.2717229135707));
#4056=CARTESIAN_POINT('Origin',(56.4027404127883,-25.1810003125937,31.5646161323842));
#4057=CARTESIAN_POINT('',(58.1527404127883,-24.1810003125937,32.5646161323842));
#4058=CARTESIAN_POINT('',(58.9811675375345,-26.1810003125937,30.5646161323842));
#4059=CARTESIAN_POINT('',(61.5283259635068,-24.1810003125937,32.5646161323842));
#4060=CARTESIAN_POINT('',(56.4027404127883,-24.1810003125937,32.5646161323842));
#4061=CARTESIAN_POINT('',(61.5283259635068,-7.1357502344453,49.6098662105326));
#4062=CARTESIAN_POINT('Origin',(57.1098471939748,-26.6381070937803,31.5646161323842));
#4063=CARTESIAN_POINT('',(54.6527404127883,-27.6810003125937,32.5646161323842));
#4064=CARTESIAN_POINT('',(56.6527404127883,-28.5094274373399,30.5646161323842));
#4065=CARTESIAN_POINT('',(56.4027404127883,-25.9310003125937,32.5646161323842));
#4066=CARTESIAN_POINT('Origin',(55.6527404127883,-29.4310003125937,31.5646161323842));
#4067=CARTESIAN_POINT('',(54.6527404127883,-31.,32.5646161323842));
#4068=CARTESIAN_POINT('',(46.5011730715776,-31.,40.7161834735949));
#4069=CARTESIAN_POINT('',(54.6527404127883,-29.4310003125937,32.5646161323842));
#4070=CARTESIAN_POINT('Origin',(56.8690539239183,26.7585483585712,30.9181695229775));
#4071=CARTESIAN_POINT('',(56.015500533325,28.169082264504,31.2717229135707));
#4072=CARTESIAN_POINT('',(56.015500533325,31.,31.2717229135707));
#4073=CARTESIAN_POINT('',(56.015500533325,26.7585483585712,31.2717229135707));
#4074=CARTESIAN_POINT('',(57.5283259635068,31.,30.6450901028865));
#4075=CARTESIAN_POINT('',(36.2924032846827,31.,39.4412972859618));
#4076=CARTESIAN_POINT('',(57.7226073145115,30.9952790586706,30.5646161323842));
#4077=CARTESIAN_POINT('Origin',(57.5283259635068,27.,30.6450901028865));
#4078=CARTESIAN_POINT('',(57.7226073145115,28.8761890456905,30.5646161323842));
#4079=CARTESIAN_POINT('',(57.7226073145115,26.7585483585712,30.5646161323842));
#4080=CARTESIAN_POINT('',(57.7226073145115,28.8761890456905,30.5646161323842));
#4081=CARTESIAN_POINT('Origin',(57.9903742674779,27.4013153115376,30.9181695229775));
#4082=CARTESIAN_POINT('',(58.7581412204443,25.4264415773847,31.2717229135707));
#4083=CARTESIAN_POINT('',(57.3868208768846,26.7977619209443,31.2717229135707));
#4084=CARTESIAN_POINT('',(59.4652480016308,27.1335483585712,30.5646161323842));
#4085=CARTESIAN_POINT('',(58.5939276580712,28.0048687021309,30.5646161323842));
#4086=CARTESIAN_POINT('',(59.4652480016308,27.1335483585712,30.5646161323842));
#4087=CARTESIAN_POINT('Origin',(59.0976073145115,26.279994967978,30.9181695229775));
#4088=CARTESIAN_POINT('',(61.5260959463751,27.1335483585712,30.5646161323842));
#4089=CARTESIAN_POINT('',(59.0976073145115,27.1335483585712,30.5646161323842));
#4090=CARTESIAN_POINT('',(61.5283259635068,27.,30.6199336737371));
#4091=CARTESIAN_POINT('Origin',(57.5283259635068,27.,30.6199336737371));
#4092=CARTESIAN_POINT('',(61.5283259635068,25.4264415773847,31.2717229135707));
#4093=CARTESIAN_POINT('',(61.5283259635068,6.64152418889354,39.0526904639419));
#4094=CARTESIAN_POINT('',(59.0976073145115,25.4264415773847,31.2717229135707));
#4095=CARTESIAN_POINT('Origin',(55.7226073145115,25.8835483585712,31.5646161323842));
#4096=CARTESIAN_POINT('',(54.7226073145115,27.6335483585712,32.5646161323842));
#4097=CARTESIAN_POINT('',(56.7226073145115,28.4619754833174,30.5646161323842));
#4098=CARTESIAN_POINT('',(54.7226073145115,31.,32.5646161323842));
#4099=CARTESIAN_POINT('',(54.7226073145115,25.8835483585712,32.5646161323842));
#4100=CARTESIAN_POINT('',(46.55357324787,31.,40.7336501990257));
#4101=CARTESIAN_POINT('Origin',(57.1797140956981,26.5906551397578,31.5646161323842));
#4102=CARTESIAN_POINT('',(58.2226073145115,24.1335483585712,32.5646161323842));
#4103=CARTESIAN_POINT('',(59.0510344392577,26.1335483585712,30.5646161323842));
#4104=CARTESIAN_POINT('',(56.4726073145115,25.8835483585712,32.5646161323842));
#4105=CARTESIAN_POINT('Origin',(59.9726073145115,25.1335483585712,31.5646161323842));
#4106=CARTESIAN_POINT('',(61.5283259635068,24.1335483585712,32.5646161323842));
#4107=CARTESIAN_POINT('',(61.5283259635068,7.10016126892843,49.598003222027));
#4108=CARTESIAN_POINT('',(59.9726073145115,24.1335483585712,32.5646161323842));
#4109=CARTESIAN_POINT('Origin',(-56.9983303051255,26.3085156463914,30.9181695229775));
#4110=CARTESIAN_POINT('',(-57.4088642110582,25.4549622557981,31.2717229135707));
#4111=CARTESIAN_POINT('',(-61.,25.4549622557981,31.2717229135707));
#4112=CARTESIAN_POINT('',(-56.9983303051255,25.4549622557981,31.2717229135707));
#4113=CARTESIAN_POINT('',(-61.,27.,30.631747325544));
#4114=CARTESIAN_POINT('',(-61.,29.3851008783895,29.6438061940871));
#4115=CARTESIAN_POINT('',(-60.9967153547946,27.1620690369847,30.5646161323842));
#4116=CARTESIAN_POINT('Origin',(-57.,27.,30.631747325544));
#4117=CARTESIAN_POINT('',(-58.1159709922448,27.1620690369847,30.5646161323842));
#4118=CARTESIAN_POINT('',(-56.9983303051255,27.1620690369847,30.5646161323842));
#4119=CARTESIAN_POINT('',(-58.1159709922448,27.1620690369847,30.5646161323842));
#4120=CARTESIAN_POINT('Origin',(-57.1410972580919,26.9298359899511,30.9181695229775));
#4121=CARTESIAN_POINT('',(-57.3733303051255,27.904709724104,30.5646161323842));
#4122=CARTESIAN_POINT('',(-57.7446506486851,27.5333893805443,30.5646161323842));
#4123=CARTESIAN_POINT('',(-55.666223523939,27.1976029429174,31.2717229135707));
#4124=CARTESIAN_POINT('',(-57.3733303051255,27.904709724104,30.5646161323842));
#4125=CARTESIAN_POINT('',(-56.5375438674986,26.3262825993578,31.2717229135707));
#4126=CARTESIAN_POINT('Origin',(-56.5197769145322,28.5370690369847,30.9181695229775));
#4127=CARTESIAN_POINT('',(-57.3733303051255,30.9825399537575,30.5646161323842));
#4128=CARTESIAN_POINT('',(-57.3733303051255,28.5370690369847,30.5646161323842));
#4129=CARTESIAN_POINT('',(-57.,31.,30.7192546080121));
#4130=CARTESIAN_POINT('Origin',(-57.,27.,30.7192546080121));
#4131=CARTESIAN_POINT('',(-55.666223523939,31.,31.2717229135707));
#4132=CARTESIAN_POINT('',(-34.5863822684709,31.,40.0032790542576));
#4133=CARTESIAN_POINT('',(-55.666223523939,28.5370690369847,31.2717229135707));
#4134=CARTESIAN_POINT('Origin',(-56.1233303051255,25.1620690369847,31.5646161323842));
#4135=CARTESIAN_POINT('',(-56.8733303051255,24.1620690369847,32.5646161323842));
#4136=CARTESIAN_POINT('',(-57.7017574298717,26.1620690369847,30.5646161323842));
#4137=CARTESIAN_POINT('',(-61.,24.1620690369847,32.5646161323842));
#4138=CARTESIAN_POINT('',(-56.1233303051255,24.1620690369847,32.5646161323842));
#4139=CARTESIAN_POINT('',(-61.,39.2627058108346,17.4639793585343));
#4140=CARTESIAN_POINT('Origin',(-56.3304370863121,26.1191758181712,31.5646161323842));
#4141=CARTESIAN_POINT('',(-54.3733303051255,26.6620690369847,32.5646161323842));
#4142=CARTESIAN_POINT('',(-56.3733303051255,27.4904961617309,30.5646161323842));
#4143=CARTESIAN_POINT('',(-55.6233303051255,25.4120690369847,32.5646161323842));
#4144=CARTESIAN_POINT('Origin',(-55.3733303051255,29.4120690369847,31.5646161323842));
#4145=CARTESIAN_POINT('',(-54.3733303051255,31.,32.5646161323842));
#4146=CARTESIAN_POINT('',(-45.4095339999538,31.,41.5284124375559));
#4147=CARTESIAN_POINT('',(-54.3733303051255,29.4120690369847,32.5646161323842));
#4148=CARTESIAN_POINT('Origin',(-56.2657820321674,-26.7443349757259,30.9181695229775));
#4149=CARTESIAN_POINT('',(-55.4122286415742,-28.1548688816586,31.2717229135707));
#4150=CARTESIAN_POINT('',(-55.4122286415742,-31.,31.2717229135707));
#4151=CARTESIAN_POINT('',(-55.4122286415742,-26.7443349757259,31.2717229135707));
#4152=CARTESIAN_POINT('',(-57.,-31.,30.6140464829632));
#4153=CARTESIAN_POINT('',(-34.4407864826239,-31.,39.9583786783308));
#4154=CARTESIAN_POINT('',(-57.1193354227607,-30.9982194858305,30.5646161323842));
#4155=CARTESIAN_POINT('Origin',(-57.,-27.,30.6140464829632));
#4156=CARTESIAN_POINT('',(-57.1193354227607,-28.8619756628452,30.5646161323842));
#4157=CARTESIAN_POINT('',(-57.1193354227607,-26.7443349757259,30.5646161323842));
#4158=CARTESIAN_POINT('',(-57.1193354227607,-28.8619756628452,30.5646161323842));
#4159=CARTESIAN_POINT('Origin',(-57.3871023757271,-27.3871019286922,30.9181695229775));
#4160=CARTESIAN_POINT('',(-58.1548693286934,-25.4122281945393,31.2717229135707));
#4161=CARTESIAN_POINT('',(-56.7835489851338,-26.783548538099,31.2717229135707));
#4162=CARTESIAN_POINT('',(-58.86197610988,-27.1193349757259,30.5646161323842));
#4163=CARTESIAN_POINT('',(-57.9906557663203,-27.9906553192855,30.5646161323842));
#4164=CARTESIAN_POINT('',(-58.86197610988,-27.1193349757259,30.5646161323842));
#4165=CARTESIAN_POINT('Origin',(-58.4943354227607,-26.2657815851326,30.9181695229775));
#4166=CARTESIAN_POINT('',(-60.9982194991732,-27.1193349757259,30.5646161323842));
#4167=CARTESIAN_POINT('',(-58.4943354227607,-27.1193349757259,30.5646161323842));
#4168=CARTESIAN_POINT('',(-61.,-27.,30.6140462977953));
#4169=CARTESIAN_POINT('Origin',(-57.,-27.,30.6140462977953));
#4170=CARTESIAN_POINT('',(-61.,-25.4122281945393,31.2717229135707));
#4171=CARTESIAN_POINT('',(-61.,-29.3606047185713,29.6362518079612));
#4172=CARTESIAN_POINT('',(-58.4943354227607,-25.4122281945393,31.2717229135707));
#4173=CARTESIAN_POINT('Origin',(-55.1193354227607,-25.8693349757259,31.5646161323842));
#4174=CARTESIAN_POINT('',(-54.1193354227607,-27.6193349757259,32.5646161323842));
#4175=CARTESIAN_POINT('',(-56.1193354227607,-28.447762100472,30.5646161323842));
#4176=CARTESIAN_POINT('',(-54.1193354227607,-31.,32.5646161323842));
#4177=CARTESIAN_POINT('',(-54.1193354227607,-25.8693349757259,32.5646161323842));
#4178=CARTESIAN_POINT('',(-45.2190378381802,-31.,41.4649137169647));
#4179=CARTESIAN_POINT('Origin',(-56.5764422039472,-26.5764417569124,31.5646161323842));
#4180=CARTESIAN_POINT('',(-57.6193354227607,-24.1193349757259,32.5646161323842));
#4181=CARTESIAN_POINT('',(-58.4477625475069,-26.1193349757259,30.5646161323842));
#4182=CARTESIAN_POINT('',(-55.8693354227607,-25.8693349757259,32.5646161323842));
#4183=CARTESIAN_POINT('Origin',(-59.3693354227607,-25.1193349757259,31.5646161323842));
#4184=CARTESIAN_POINT('',(-61.,-24.1193349757259,32.5646161323842));
#4185=CARTESIAN_POINT('',(-61.,-39.2306552648904,17.4532958432196));
#4186=CARTESIAN_POINT('',(-59.3693354227607,-24.1193349757259,32.5646161323842));
#4187=CARTESIAN_POINT('Origin',(-54.1193354227607,-24.1193349757259,36.5646161323842));
#4188=CARTESIAN_POINT('',(-54.1193354227607,-27.6193349757259,35.5646161323842));
#4189=CARTESIAN_POINT('',(-54.1193354227607,-27.6193349757259,36.5646161323842));
#4190=CARTESIAN_POINT('',(-54.1193354227607,-31.,35.5646161323842));
#4191=CARTESIAN_POINT('',(-54.1193354227607,-25.8096674878629,35.5646161323842));
#4192=CARTESIAN_POINT('',(-54.1193354227607,-31.,25.4234620992882));
#4193=CARTESIAN_POINT('Origin',(-55.8693354227607,-25.8693349757259,36.5646161323842));
#4194=CARTESIAN_POINT('',(-57.6193354227607,-24.1193349757259,35.5646161323842));
#4195=CARTESIAN_POINT('',(-57.6193354227607,-24.1193349757259,36.5646161323842));
#4196=CARTESIAN_POINT('',(-55.869335311002,-25.8693350874846,35.5646161323842));
#4197=CARTESIAN_POINT('Origin',(-61.1193354227607,-24.1193349757259,36.5646161323842));
#4198=CARTESIAN_POINT('',(-61.,-24.1193349757259,35.5646161323842));
#4199=CARTESIAN_POINT('',(-61.,-24.1193349757259,-6.7176919338079));
#4200=CARTESIAN_POINT('',(-59.3096677113803,-24.1193349757259,35.5646161323842));
#4201=CARTESIAN_POINT('Origin',(-54.3733303051255,24.1620690369847,36.5646161323842));
#4202=CARTESIAN_POINT('',(-56.8733303051255,24.1620690369847,35.5646161323842));
#4203=CARTESIAN_POINT('',(-56.8733303051255,24.1620690369847,36.5646161323842));
#4204=CARTESIAN_POINT('',(-61.,24.1620690369847,35.5646161323842));
#4205=CARTESIAN_POINT('',(-55.9366653537284,24.1620690369847,35.5646161323842));
#4206=CARTESIAN_POINT('',(-61.,24.1620690369847,-6.7176919338079));
#4207=CARTESIAN_POINT('Origin',(-55.6233303051255,25.4120690369847,36.5646161323842));
#4208=CARTESIAN_POINT('',(-54.3733303051255,26.6620690369847,35.5646161323842));
#4209=CARTESIAN_POINT('',(-54.3733303051255,26.6620690369847,36.5646161323842));
#4210=CARTESIAN_POINT('',(-55.5705150439696,25.4648842981405,35.5646161323842));
#4211=CARTESIAN_POINT('Origin',(-54.3733303051255,31.1620690369847,36.5646161323842));
#4212=CARTESIAN_POINT('',(-54.3733303051255,31.,35.5646161323842));
#4213=CARTESIAN_POINT('',(-54.3733303051255,31.,25.4234620992882));
#4214=CARTESIAN_POINT('',(-54.3733303051255,29.3310346078993,35.5646161323842));
#4215=CARTESIAN_POINT('Origin',(54.6527404127883,-24.1810003125937,36.5646161323842));
#4216=CARTESIAN_POINT('',(58.1527404127883,-24.1810003125937,35.5646161323842));
#4217=CARTESIAN_POINT('',(58.1527404127883,-24.1810003125937,36.5646161323842));
#4218=CARTESIAN_POINT('',(61.5283259635068,-24.1810003125937,35.5646161323842));
#4219=CARTESIAN_POINT('',(56.3405331881476,-24.1810003125937,35.5646161323842));
#4220=CARTESIAN_POINT('',(61.5283259635068,-24.1810003125937,57.5646161323842));
#4221=CARTESIAN_POINT('Origin',(56.4027404127883,-25.9310003125937,36.5646161323842));
#4222=CARTESIAN_POINT('',(54.6527404127883,-27.6810003125937,35.5646161323842));
#4223=CARTESIAN_POINT('',(54.6527404127883,-27.6810003125937,36.5646161323842));
#4224=CARTESIAN_POINT('',(56.4168868786164,-25.9168538467657,35.5646161323842));
#4225=CARTESIAN_POINT('Origin',(54.6527404127883,-31.1810003125937,36.5646161323842));
#4226=CARTESIAN_POINT('',(54.6527404127883,-31.,35.5646161323842));
#4227=CARTESIAN_POINT('',(54.6527404127883,-31.,25.4234620992882));
#4228=CARTESIAN_POINT('',(54.6527404127883,-29.3405001562969,35.5646161323842));
#4229=CARTESIAN_POINT('Origin',(54.7226073145115,24.1335483585712,36.5646161323842));
#4230=CARTESIAN_POINT('',(54.7226073145115,27.6335483585712,35.5646161323842));
#4231=CARTESIAN_POINT('',(54.7226073145115,27.6335483585712,36.5646161323842));
#4232=CARTESIAN_POINT('',(54.7226073145115,31.,35.5646161323842));
#4233=CARTESIAN_POINT('',(54.7226073145115,25.8167741792856,35.5646161323842));
#4234=CARTESIAN_POINT('',(54.7226073145115,31.,25.4234620992882));
#4235=CARTESIAN_POINT('Origin',(56.4726073145115,25.8835483585712,36.5646161323842));
#4236=CARTESIAN_POINT('',(58.2226073145115,24.1335483585712,35.5646161323842));
#4237=CARTESIAN_POINT('',(58.2226073145115,24.1335483585712,36.5646161323842));
#4238=CARTESIAN_POINT('',(56.4574240664032,25.8987316066796,35.5646161323842));
#4239=CARTESIAN_POINT('Origin',(61.7226073145115,24.1335483585712,36.5646161323842));
#4240=CARTESIAN_POINT('',(61.5283259635068,24.1335483585712,35.5646161323842));
#4241=CARTESIAN_POINT('',(61.5283259635068,24.1335483585712,57.5646161323842));
#4242=CARTESIAN_POINT('',(59.8754666390092,24.1335483585712,35.5646161323842));
#4243=CARTESIAN_POINT('Origin',(56.2783259635068,25.75,40.5646161323842));
#4244=CARTESIAN_POINT('',(54.5283259635068,27.5,35.5646161323842));
#4245=CARTESIAN_POINT('',(58.0283259635068,24.,35.5646161323842));
#4246=CARTESIAN_POINT('',(56.2783259635068,25.75,35.5646161323842));
#4247=CARTESIAN_POINT('',(58.0283259635068,24.,36.5646161323842));
#4248=CARTESIAN_POINT('',(58.0283259635068,24.,40.5646161323842));
#4249=CARTESIAN_POINT('',(54.5283259635068,27.5,36.5646161323842));
#4250=CARTESIAN_POINT('',(56.2783259635068,25.75,36.5646161323842));
#4251=CARTESIAN_POINT('',(54.5283259635068,27.5,40.5646161323842));
#4252=CARTESIAN_POINT('Origin',(61.5283259635068,24.,40.5646161323842));
#4253=CARTESIAN_POINT('',(61.5283259635068,24.,35.5646161323842));
#4254=CARTESIAN_POINT('',(54.5283259635068,24.,35.5646161323842));
#4255=CARTESIAN_POINT('',(61.5283259635068,24.,36.5646161323842));
#4256=CARTESIAN_POINT('',(61.5283259635068,24.,59.5646161323842));
#4257=CARTESIAN_POINT('',(59.7783259635068,24.,36.5646161323842));
#4258=CARTESIAN_POINT('Origin',(58.0283259635068,27.5,35.5646161323842));
#4259=CARTESIAN_POINT('',(54.5283259635068,31.,35.5646161323842));
#4260=CARTESIAN_POINT('',(54.5283259635068,31.,35.5646161323842));
#4261=CARTESIAN_POINT('',(29.8962444726301,31.,35.5646161323842));
#4262=CARTESIAN_POINT('',(61.5283259635068,13.75,35.5646161323842));
#4263=CARTESIAN_POINT('Origin',(56.2783259635068,-25.75,40.5646161323842));
#4264=CARTESIAN_POINT('',(58.0283259635068,-24.,35.5646161323842));
#4265=CARTESIAN_POINT('',(54.5283259635068,-27.5,35.5646161323842));
#4266=CARTESIAN_POINT('',(56.2783259635068,-25.75,35.5646161323842));
#4267=CARTESIAN_POINT('',(54.5283259635068,-27.5,36.5646161323842));
#4268=CARTESIAN_POINT('',(54.5283259635068,-27.5,40.5646161323842));
#4269=CARTESIAN_POINT('',(58.0283259635068,-24.,36.5646161323842));
#4270=CARTESIAN_POINT('',(56.2783259635068,-25.75,36.5646161323842));
#4271=CARTESIAN_POINT('',(58.0283259635068,-24.,40.5646161323842));
#4272=CARTESIAN_POINT('Origin',(54.5283259635068,-24.,40.5646161323842));
#4273=CARTESIAN_POINT('',(61.5283259635068,-24.,36.5646161323842));
#4274=CARTESIAN_POINT('',(56.2783259635068,-24.,36.5646161323842));
#4275=CARTESIAN_POINT('',(61.5283259635068,-24.,35.5646161323842));
#4276=CARTESIAN_POINT('',(61.5283259635068,-24.,59.5646161323842));
#4277=CARTESIAN_POINT('',(54.5283259635068,-24.,35.5646161323842));
#4278=CARTESIAN_POINT('Origin',(58.0283259635068,-27.5,36.5646161323842));
#4279=CARTESIAN_POINT('',(54.5283259635068,-31.,36.5646161323842));
#4280=CARTESIAN_POINT('',(54.5283259635068,-29.25,36.5646161323842));
#4281=CARTESIAN_POINT('',(57.5283259635068,-31.,36.5646161323842));
#4282=CARTESIAN_POINT('',(29.8962444726301,-31.,36.5646161323842));
#4283=CARTESIAN_POINT('',(61.5283259635068,-27.,36.5646161323842));
#4284=CARTESIAN_POINT('Origin',(57.5283259635068,-27.,36.5646161323842));
#4285=CARTESIAN_POINT('',(61.5283259635068,-13.75,36.5646161323842));
#4286=CARTESIAN_POINT('Origin',(-55.75,-25.75,40.5646161323842));
#4287=CARTESIAN_POINT('',(-54.,-27.5,35.5646161323842));
#4288=CARTESIAN_POINT('',(-57.5,-24.,35.5646161323842));
#4289=CARTESIAN_POINT('',(-55.75,-25.75,35.5646161323842));
#4290=CARTESIAN_POINT('',(-57.5,-24.,36.5646161323842));
#4291=CARTESIAN_POINT('',(-57.5,-24.,40.5646161323842));
#4292=CARTESIAN_POINT('',(-54.,-27.5,36.5646161323842));
#4293=CARTESIAN_POINT('',(-55.75,-25.75,36.5646161323842));
#4294=CARTESIAN_POINT('',(-54.,-27.5,40.5646161323842));
#4295=CARTESIAN_POINT('Origin',(-61.,-24.,40.5646161323842));
#4296=CARTESIAN_POINT('',(-61.,-24.,35.5646161323842));
#4297=CARTESIAN_POINT('',(-54.,-24.,35.5646161323842));
#4298=CARTESIAN_POINT('',(-61.,-24.,36.5646161323842));
#4299=CARTESIAN_POINT('',(-61.,-24.,-4.7176919338079));
#4300=CARTESIAN_POINT('',(-59.25,-24.,36.5646161323842));
#4301=CARTESIAN_POINT('Origin',(-57.5,-27.5,35.5646161323842));
#4302=CARTESIAN_POINT('',(-54.,-31.,35.5646161323842));
#4303=CARTESIAN_POINT('',(-54.,-31.,35.5646161323842));
#4304=CARTESIAN_POINT('',(-27.8679185091233,-31.,35.5646161323842));
#4305=CARTESIAN_POINT('',(-61.,-13.75,35.5646161323842));
#4306=CARTESIAN_POINT('Origin',(58.2226073145115,27.6335483585712,30.5646161323842));
#4307=CARTESIAN_POINT('Origin',(57.5283259635068,27.,30.5646161323842));
#4308=CARTESIAN_POINT('Origin',(58.1527404127883,-27.6810003125937,30.5646161323842));
#4309=CARTESIAN_POINT('Origin',(57.5283259635068,-27.,30.5646161323842));
#4310=CARTESIAN_POINT('Origin',(-57.6193354227607,-27.6193349757259,30.5646161323842));
#4311=CARTESIAN_POINT('Origin',(-57.,-27.,30.5646161323842));
#4312=CARTESIAN_POINT('Origin',(-55.5000008046627,25.5000003576279,40.5646161323842));
#4313=CARTESIAN_POINT('',(-57.0000008046627,24.0000003576279,35.5646161323842));
#4314=CARTESIAN_POINT('',(-54.0000008046627,27.0000003576279,35.5646161323842));
#4315=CARTESIAN_POINT('',(-55.5000007487833,25.5000004135072,35.5646161323842));
#4316=CARTESIAN_POINT('',(-54.0000008046627,27.0000003576279,36.5646161323842));
#4317=CARTESIAN_POINT('',(-54.0000008046627,27.0000003576279,40.5646161323842));
#4318=CARTESIAN_POINT('',(-57.0000008046627,24.0000003576279,36.5646161323842));
#4319=CARTESIAN_POINT('',(-55.5000007487833,25.5000004135072,36.5646161323842));
#4320=CARTESIAN_POINT('',(-57.0000008046627,24.0000003576279,40.5646161323842));
#4321=CARTESIAN_POINT('Origin',(-54.0000008046627,24.0000003576279,40.5646161323842));
#4322=CARTESIAN_POINT('',(-61.,24.0000003576279,36.5646161323842));
#4323=CARTESIAN_POINT('',(-55.750000603497,24.0000003576279,36.5646161323842));
#4324=CARTESIAN_POINT('',(-61.,24.0000003576279,35.5646161323842));
#4325=CARTESIAN_POINT('',(-61.,24.0000003576279,-4.7176919338079));
#4326=CARTESIAN_POINT('',(-54.0000008046627,24.0000003576279,35.5646161323842));
#4327=CARTESIAN_POINT('Origin',(-57.5000004023313,27.5000001788139,36.5646161323842));
#4328=CARTESIAN_POINT('',(-54.0000008046627,31.,36.5646161323842));
#4329=CARTESIAN_POINT('',(-54.0000008046627,29.250000089407,36.5646161323842));
#4330=CARTESIAN_POINT('',(-57.,31.,36.5646161323842));
#4331=CARTESIAN_POINT('',(-27.867918710289,31.,36.5646161323842));
#4332=CARTESIAN_POINT('',(-61.,27.,36.5646161323842));
#4333=CARTESIAN_POINT('Origin',(-57.,27.,36.5646161323842));
#4334=CARTESIAN_POINT('',(-61.,13.750000089407,36.5646161323842));
#4335=CARTESIAN_POINT('Origin',(-57.8733303051255,27.6620690369847,30.5646161323842));
#4336=CARTESIAN_POINT('Origin',(-57.,27.,30.5646161323842));
#4337=CARTESIAN_POINT('Origin',(61.5283259635068,0.,78.5646161323842));
#4338=CARTESIAN_POINT('',(61.5283259635068,-27.,-48.));
#4339=CARTESIAN_POINT('',(61.5283259635068,-27.,46.4234620992881));
#4340=CARTESIAN_POINT('',(61.5283259635068,-13.75,35.5646161323842));
#4341=CARTESIAN_POINT('',(61.5283259635068,-27.,40.5646161323842));
#4342=CARTESIAN_POINT('',(61.5283259635068,-27.,46.4234620992881));
#4343=CARTESIAN_POINT('',(61.5283259635068,27.,40.5646161323842));
#4344=CARTESIAN_POINT('',(61.5283259635068,0.,40.5646161323842));
#4345=CARTESIAN_POINT('',(61.5283259635068,27.,36.5646161323842));
#4346=CARTESIAN_POINT('',(61.5283259635068,27.,46.4234620992881));
#4347=CARTESIAN_POINT('',(61.5283259635068,13.75,36.5646161323842));
#4348=CARTESIAN_POINT('',(61.5283259635068,27.,-48.));
#4349=CARTESIAN_POINT('',(61.5283259635068,27.,46.4234620992881));
#4350=CARTESIAN_POINT('',(61.5283259635068,0.,-48.));
#4351=CARTESIAN_POINT('',(61.5283259635068,12.1892945450016,-42.7231686905094));
#4352=CARTESIAN_POINT('',(61.5283259635068,3.82307656209501,-42.7231686905094));
#4353=CARTESIAN_POINT('',(61.5283259635068,6.09464727250082,-42.7231686905094));
#4354=CARTESIAN_POINT('',(61.5283259635068,4.24699814128665,-43.743240179968));
#4355=CARTESIAN_POINT('',(61.5283259635068,-17.9492346381441,9.66697846202573));
#4356=CARTESIAN_POINT('',(61.5283259635068,6.84581303649149,-43.6391940919683));
#4357=CARTESIAN_POINT('',(61.5283259635068,4.57133633038864,-43.7302549843594));
#4358=CARTESIAN_POINT('',(61.5283259635068,13.0000001937151,-43.6391940919683));
#4359=CARTESIAN_POINT('',(61.5283259635068,3.42290651824575,-43.6391940919683));
#4360=CARTESIAN_POINT('',(61.5283259635068,13.0000001937151,-36.0000005364418));
#4361=CARTESIAN_POINT('',(61.5283259635068,13.0000001937151,17.462711020208));
#4362=CARTESIAN_POINT('',(61.5283259635068,12.1892945450016,-35.8911459046286));
#4363=CARTESIAN_POINT('',(61.5283259635068,-0.940056285261121,-34.1282487879706));
#4364=CARTESIAN_POINT('',(61.5283259635068,12.1892945450016,21.3367351138778));
#4365=CARTESIAN_POINT('',(61.5283259635068,-12.0000001788139,-42.4941623401447));
#4366=CARTESIAN_POINT('',(61.5283259635068,-12.0000001788139,-36.0000005364418));
#4367=CARTESIAN_POINT('',(61.5283259635068,-12.0000001788139,18.0352268961198));
#4368=CARTESIAN_POINT('',(61.5283259635068,-11.7800367931725,-35.6621395542638));
#4369=CARTESIAN_POINT('',(61.5283259635068,15.977882014017,6.97367314731059));
#4370=CARTESIAN_POINT('',(61.5283259635068,-13.0000001937151,-35.6621395542638));
#4371=CARTESIAN_POINT('',(61.5283259635068,-5.89001839658624,-35.6621395542638));
#4372=CARTESIAN_POINT('',(61.5283259635068,-13.0000001937151,-43.6391940919683));
#4373=CARTESIAN_POINT('',(61.5283259635068,-13.0000001937151,21.4512382890602));
#4374=CARTESIAN_POINT('',(61.5283259635068,-5.00000007450581,-43.6391940919683));
#4375=CARTESIAN_POINT('',(61.5283259635068,-6.50000009685755,-43.6391940919683));
#4376=CARTESIAN_POINT('',(61.5283259635068,-5.00000007450581,-42.4941623401447));
#4377=CARTESIAN_POINT('',(61.5283259635068,-5.00000007450581,17.462711020208));
#4378=CARTESIAN_POINT('',(61.5283259635068,-2.5000000372529,-42.4941623401447));
#4379=CARTESIAN_POINT('',(61.5283259635068,6.8938354900262,-10.5000000000002));
#4380=CARTESIAN_POINT('Origin',(61.5283259635068,8.6938354900262,-10.5000000000002));
#4381=CARTESIAN_POINT('',(61.5283259635068,-2.47170336824847,-18.0000002682209));
#4382=CARTESIAN_POINT('Origin',(61.5283259635068,0.,-18.0000002682209));
#4383=CARTESIAN_POINT('',(61.5283259635068,-10.6061645099738,-10.5000000000001));
#4384=CARTESIAN_POINT('Origin',(61.5283259635068,-8.80616450997379,-10.5000000000001));
#4385=CARTESIAN_POINT('',(61.5283259635068,-6.00623441399156,-31.0000000000004));
#4386=CARTESIAN_POINT('Origin',(61.5283259635068,-0.00623441399157015,-31.0000000000004));
#4387=CARTESIAN_POINT('',(61.5283259635068,7.00000010430813,-2.00000002980232));
#4388=CARTESIAN_POINT('',(61.5283259635068,7.00000010430813,11.0000001639128));
#4389=CARTESIAN_POINT('',(61.5283259635068,7.00000010430813,44.7823081481485));
#4390=CARTESIAN_POINT('',(61.5283259635068,-7.00000010430813,11.0000001639128));
#4391=CARTESIAN_POINT('',(61.5283259635068,-3.50000005215406,11.0000001639128));
#4392=CARTESIAN_POINT('',(61.5283259635068,-7.00000010430813,-2.00000002980232));
#4393=CARTESIAN_POINT('',(61.5283259635068,-7.00000010430813,38.2823080512909));
#4394=CARTESIAN_POINT('',(61.5283259635068,3.50000005215406,-2.00000002980232));
#4395=CARTESIAN_POINT('Origin',(58.0283259635068,-27.5,35.5646161323842));
#4396=CARTESIAN_POINT('',(54.5283259635068,-31.,35.5646161323842));
#4397=CARTESIAN_POINT('',(29.8962444726301,-31.,35.5646161323842));
#4398=CARTESIAN_POINT('',(54.5283259635068,-31.,35.5646161323842));
#4399=CARTESIAN_POINT('Origin',(58.0283259635068,27.5,36.5646161323842));
#4400=CARTESIAN_POINT('',(57.5283259635068,31.,36.5646161323842));
#4401=CARTESIAN_POINT('Origin',(57.5283259635068,27.,36.5646161323842));
#4402=CARTESIAN_POINT('',(54.5283259635068,31.,36.5646161323842));
#4403=CARTESIAN_POINT('',(29.8962444726301,31.,36.5646161323842));
#4404=CARTESIAN_POINT('',(54.5283259635068,25.75,36.5646161323842));
#4405=CARTESIAN_POINT('Origin',(1.76416298175342,31.,14.2823080661921));
#4406=CARTESIAN_POINT('',(57.5283259635068,31.,-48.));
#4407=CARTESIAN_POINT('',(57.5283259635068,31.,46.4234620992881));
#4408=CARTESIAN_POINT('',(54.5283259635068,31.,27.4234620992881));
#4409=CARTESIAN_POINT('',(57.5283259635068,31.,40.5646161323842));
#4410=CARTESIAN_POINT('',(57.5283259635068,31.,46.4234620992881));
#4411=CARTESIAN_POINT('',(-57.,31.,40.5646161323842));
#4412=CARTESIAN_POINT('',(-29.1179185091233,31.,40.5646161323842));
#4413=CARTESIAN_POINT('',(-57.,31.,-17.8588459669039));
#4414=CARTESIAN_POINT('',(-54.0000008046627,31.,35.5646161323842));
#4415=CARTESIAN_POINT('',(-54.0000008046627,31.,27.4234620992881));
#4416=CARTESIAN_POINT('',(-27.867918710289,31.,35.5646161323842));
#4417=CARTESIAN_POINT('',(-57.,31.,-48.));
#4418=CARTESIAN_POINT('',(-57.,31.,-17.8588459669039));
#4419=CARTESIAN_POINT('',(32.6462444726301,31.,-48.));
#4420=CARTESIAN_POINT('Origin',(-57.5,-27.5,36.5646161323842));
#4421=CARTESIAN_POINT('',(-61.,-27.,36.5646161323842));
#4422=CARTESIAN_POINT('',(-61.,-13.75,36.5646161323842));
#4423=CARTESIAN_POINT('',(-57.,-31.,36.5646161323842));
#4424=CARTESIAN_POINT('Origin',(-57.,-27.,36.5646161323842));
#4425=CARTESIAN_POINT('',(-54.,-31.,36.5646161323842));
#4426=CARTESIAN_POINT('',(-27.8679185091233,-31.,36.5646161323842));
#4427=CARTESIAN_POINT('',(-54.,-25.75,36.5646161323842));
#4428=CARTESIAN_POINT('Origin',(1.76416298175342,-31.,14.2823080661921));
#4429=CARTESIAN_POINT('',(57.5283259635068,-31.,-48.));
#4430=CARTESIAN_POINT('',(57.5283259635068,-31.,46.4234620992881));
#4431=CARTESIAN_POINT('',(-57.,-31.,-48.));
#4432=CARTESIAN_POINT('',(32.6462444726301,-31.,-48.));
#4433=CARTESIAN_POINT('',(-57.,-31.,-17.8588459669039));
#4434=CARTESIAN_POINT('',(-54.,-31.,27.4234620992881));
#4435=CARTESIAN_POINT('',(-57.,-31.,40.5646161323842));
#4436=CARTESIAN_POINT('',(-57.,-31.,-17.8588459669039));
#4437=CARTESIAN_POINT('',(57.5283259635068,-31.,40.5646161323842));
#4438=CARTESIAN_POINT('',(-29.1179185091233,-31.,40.5646161323842));
#4439=CARTESIAN_POINT('',(57.5283259635068,-31.,46.4234620992881));
#4440=CARTESIAN_POINT('',(54.5283259635068,-31.,27.4234620992881));
#4441=CARTESIAN_POINT('Origin',(-61.,0.,-50.));
#4442=CARTESIAN_POINT('',(-61.,-27.,-48.));
#4443=CARTESIAN_POINT('',(-61.,-27.,-17.8588459669039));
#4444=CARTESIAN_POINT('',(-61.,27.,-48.));
#4445=CARTESIAN_POINT('',(-61.,0.,-48.));
#4446=CARTESIAN_POINT('',(-61.,27.,-17.8588459669039));
#4447=CARTESIAN_POINT('',(-61.,13.750000089407,35.5646161323842));
#4448=CARTESIAN_POINT('',(-61.,27.,40.5646161323842));
#4449=CARTESIAN_POINT('',(-61.,27.,-17.8588459669039));
#4450=CARTESIAN_POINT('',(-61.,-27.,40.5646161323842));
#4451=CARTESIAN_POINT('',(-61.,0.,40.5646161323842));
#4452=CARTESIAN_POINT('',(-61.,-27.,-17.8588459669039));
#4453=CARTESIAN_POINT('',(-61.,3.82307656209501,-42.7231686905094));
#4454=CARTESIAN_POINT('',(-61.,12.1892945450016,-42.7231686905094));
#4455=CARTESIAN_POINT('',(-61.,6.09464727250082,-42.7231686905094));
#4456=CARTESIAN_POINT('',(-61.,12.1892945450016,-35.8911459046286));
#4457=CARTESIAN_POINT('',(-61.,12.1892945450016,-42.9455729523143));
#4458=CARTESIAN_POINT('',(-61.,13.0000001937151,-36.0000005364418));
#4459=CARTESIAN_POINT('',(-61.,7.53836711529372,-35.2666590840982));
#4460=CARTESIAN_POINT('',(-61.,13.0000001937151,-43.6391940919683));
#4461=CARTESIAN_POINT('',(-61.,13.0000001937151,-46.8195970459841));
#4462=CARTESIAN_POINT('',(-61.,6.84581303649149,-43.6391940919683));
#4463=CARTESIAN_POINT('',(-61.,3.42290651824575,-43.6391940919683));
#4464=CARTESIAN_POINT('',(-61.,4.24699814128665,-43.743240179968));
#4465=CARTESIAN_POINT('',(-61.,2.00185003238933,-43.8331268733766));
#4466=CARTESIAN_POINT('',(-61.,4.83093089037726,-45.1483423930811));
#4467=CARTESIAN_POINT('',(-61.,-12.0000001788139,-36.0000005364418));
#4468=CARTESIAN_POINT('',(-61.,-12.0000001788139,-42.4941623401447));
#4469=CARTESIAN_POINT('',(-61.,-12.0000001788139,-46.2470811700723));
#4470=CARTESIAN_POINT('',(-61.,-5.00000007450581,-42.4941623401447));
#4471=CARTESIAN_POINT('',(-61.,-2.5000000372529,-42.4941623401447));
#4472=CARTESIAN_POINT('',(-61.,-5.00000007450581,-43.6391940919683));
#4473=CARTESIAN_POINT('',(-61.,-5.00000007450581,-46.8195970459841));
#4474=CARTESIAN_POINT('',(-61.,-13.0000001937151,-43.6391940919683));
#4475=CARTESIAN_POINT('',(-61.,-6.50000009685755,-43.6391940919683));
#4476=CARTESIAN_POINT('',(-61.,-13.0000001937151,-35.6621395542638));
#4477=CARTESIAN_POINT('',(-61.,-13.0000001937151,-42.8310697771319));
#4478=CARTESIAN_POINT('',(-61.,-11.7800367931725,-35.6621395542638));
#4479=CARTESIAN_POINT('',(-61.,-5.89001839658624,-35.6621395542638));
#4480=CARTESIAN_POINT('',(-61.,-13.4145721523797,-38.1727652216035));
#4481=CARTESIAN_POINT('',(-61.,7.00000010430813,11.0000001639128));
#4482=CARTESIAN_POINT('',(-61.,7.00000010430813,-2.00000002980232));
#4483=CARTESIAN_POINT('',(-61.,7.00000010430813,-19.4999999180436));
#4484=CARTESIAN_POINT('',(-61.,-7.00000010430813,-2.00000002980232));
#4485=CARTESIAN_POINT('',(-61.,3.50000005215406,-2.00000002980232));
#4486=CARTESIAN_POINT('',(-61.,-7.00000010430813,11.0000001639128));
#4487=CARTESIAN_POINT('',(-61.,-7.00000010430813,-26.0000000149012));
#4488=CARTESIAN_POINT('',(-61.,-3.50000005215406,11.0000001639128));
#4489=CARTESIAN_POINT('',(-61.,-6.00623441399156,-31.0000000000004));
#4490=CARTESIAN_POINT('Origin',(-61.,-0.00623441399157015,-31.0000000000004));
#4491=CARTESIAN_POINT('',(-61.,-10.6061645099738,-10.5000000000001));
#4492=CARTESIAN_POINT('Origin',(-61.,-8.80616450997379,-10.5000000000001));
#4493=CARTESIAN_POINT('',(-61.,-2.47170336824847,-18.0000002682209));
#4494=CARTESIAN_POINT('Origin',(-61.,0.,-18.0000002682209));
#4495=CARTESIAN_POINT('',(-61.,6.8938354900262,-10.5000000000002));
#4496=CARTESIAN_POINT('Origin',(-61.,8.6938354900262,-10.5000000000002));
#4497=CARTESIAN_POINT('Origin',(-57.5000004023313,27.5000001788139,35.5646161323842));
#4498=CARTESIAN_POINT('',(-54.0000008046627,31.,35.5646161323842));
#4499=CARTESIAN_POINT('Origin',(-54.,-24.,40.5646161323842));
#4500=CARTESIAN_POINT('Origin',(-57.,-27.,-17.8588459669039));
#4501=CARTESIAN_POINT('Origin',(-57.,-27.,40.5646161323842));
#4502=CARTESIAN_POINT('Origin',(-57.,-27.,-17.8588459669039));
#4503=CARTESIAN_POINT('Origin',(-57.,-27.,-48.));
#4504=CARTESIAN_POINT('Origin',(-54.0000008046627,31.,40.5646161323842));
#4505=CARTESIAN_POINT('Origin',(-57.,27.,-17.8588459669039));
#4506=CARTESIAN_POINT('Origin',(-57.,27.,40.5646161323842));
#4507=CARTESIAN_POINT('Origin',(54.5283259635068,-31.,40.5646161323842));
#4508=CARTESIAN_POINT('Origin',(57.5283259635068,-27.,46.4234620992881));
#4509=CARTESIAN_POINT('Origin',(57.5283259635068,-27.,40.5646161323842));
#4510=CARTESIAN_POINT('Origin',(54.5283259635068,24.,40.5646161323842));
#4511=CARTESIAN_POINT('Origin',(57.5283259635068,27.,46.4234620992881));
#4512=CARTESIAN_POINT('Origin',(57.5283259635068,27.,40.5646161323842));
#4513=CARTESIAN_POINT('Origin',(32.6462444726301,-32.,-49.));
#4514=CARTESIAN_POINT('',(-59.,-33.,-48.));
#4515=CARTESIAN_POINT('',(-59.,-31.,-50.));
#4516=CARTESIAN_POINT('',(-59.,-33.,-48.));
#4517=CARTESIAN_POINT('',(59.5283259635068,-31.,-50.));
#4518=CARTESIAN_POINT('',(32.6462444726301,-31.,-50.));
#4519=CARTESIAN_POINT('',(59.5283259635068,-33.,-48.));
#4520=CARTESIAN_POINT('',(59.5283259635068,-31.,-50.));
#4521=CARTESIAN_POINT('',(32.6462444726301,-33.,-48.));
#4522=CARTESIAN_POINT('Origin',(-59.,-29.,-49.));
#4523=CARTESIAN_POINT('',(-63.,-29.,-48.));
#4524=CARTESIAN_POINT('Origin',(-59.,-29.,-48.));
#4525=CARTESIAN_POINT('',(-61.,-29.,-50.));
#4526=CARTESIAN_POINT('',(-63.,-29.,-48.));
#4527=CARTESIAN_POINT('Origin',(-59.,-29.,-50.));
#4528=CARTESIAN_POINT('Origin',(-62.,0.,-49.));
#4529=CARTESIAN_POINT('',(-63.,29.,-48.));
#4530=CARTESIAN_POINT('',(-63.,0.,-48.));
#4531=CARTESIAN_POINT('',(-61.,29.,-50.));
#4532=CARTESIAN_POINT('',(-63.,29.,-48.));
#4533=CARTESIAN_POINT('',(-61.,0.,-50.));
#4534=CARTESIAN_POINT('Origin',(-59.,29.,-49.));
#4535=CARTESIAN_POINT('',(-59.,33.,-48.));
#4536=CARTESIAN_POINT('Origin',(-59.,29.,-48.));
#4537=CARTESIAN_POINT('',(-59.,31.,-50.));
#4538=CARTESIAN_POINT('',(-59.,33.,-48.));
#4539=CARTESIAN_POINT('Origin',(-59.,29.,-50.));
#4540=CARTESIAN_POINT('Origin',(32.6462444726301,32.,-49.));
#4541=CARTESIAN_POINT('',(59.5283259635068,33.,-48.));
#4542=CARTESIAN_POINT('',(32.6462444726301,33.,-48.));
#4543=CARTESIAN_POINT('',(59.5283259635068,31.,-50.));
#4544=CARTESIAN_POINT('',(59.5283259635068,33.,-48.));
#4545=CARTESIAN_POINT('',(32.6462444726301,31.,-50.));
#4546=CARTESIAN_POINT('Origin',(59.5283259635068,29.,-49.));
#4547=CARTESIAN_POINT('',(63.5283259635068,29.,-48.));
#4548=CARTESIAN_POINT('Origin',(59.5283259635068,29.,-48.));
#4549=CARTESIAN_POINT('',(61.5283259635068,29.,-50.));
#4550=CARTESIAN_POINT('',(63.5283259635068,29.,-48.));
#4551=CARTESIAN_POINT('Origin',(59.5283259635068,29.,-50.));
#4552=CARTESIAN_POINT('Origin',(62.5283259635068,0.,-49.));
#4553=CARTESIAN_POINT('',(63.5283259635068,-29.,-48.));
#4554=CARTESIAN_POINT('',(63.5283259635068,0.,-48.));
#4555=CARTESIAN_POINT('',(61.5283259635068,-29.,-50.));
#4556=CARTESIAN_POINT('',(63.5283259635068,-29.,-48.));
#4557=CARTESIAN_POINT('',(61.5283259635068,0.,-50.));
#4558=CARTESIAN_POINT('Origin',(59.5283259635068,-29.,-49.));
#4559=CARTESIAN_POINT('Origin',(59.5283259635068,-29.,-48.));
#4560=CARTESIAN_POINT('Origin',(59.5283259635068,-29.,-50.));
#4561=CARTESIAN_POINT('Origin',(-59.,29.,-17.8588459669039));
#4562=CARTESIAN_POINT('',(-63.,29.,40.5646161323842));
#4563=CARTESIAN_POINT('',(-63.,29.,-17.8588459669039));
#4564=CARTESIAN_POINT('',(-59.,33.,40.5646161323842));
#4565=CARTESIAN_POINT('Origin',(-59.,29.,40.5646161323842));
#4566=CARTESIAN_POINT('',(-59.,33.,-17.8588459669039));
#4567=CARTESIAN_POINT('Origin',(-63.,0.,-50.));
#4568=CARTESIAN_POINT('',(-63.,-29.,40.5646161323842));
#4569=CARTESIAN_POINT('',(-63.,-29.,-17.8588459669039));
#4570=CARTESIAN_POINT('',(-63.,0.,40.5646161323842));
#4571=CARTESIAN_POINT('',(-63.,7.00000010430813,-2.00000002980232));
#4572=CARTESIAN_POINT('',(-63.,7.00000010430813,11.0000001639128));
#4573=CARTESIAN_POINT('',(-63.,7.00000010430813,-19.4999999180436));
#4574=CARTESIAN_POINT('',(-63.,-7.00000010430813,11.0000001639128));
#4575=CARTESIAN_POINT('',(-63.,-3.50000005215406,11.0000001639128));
#4576=CARTESIAN_POINT('',(-63.,-7.00000010430813,-2.00000002980232));
#4577=CARTESIAN_POINT('',(-63.,-7.00000010430813,-26.0000000149012));
#4578=CARTESIAN_POINT('',(-63.,3.50000005215406,-2.00000002980232));
#4579=CARTESIAN_POINT('',(-63.,-6.00623441399156,-31.0000000000004));
#4580=CARTESIAN_POINT('Origin',(-63.,-0.00623441399157015,-31.0000000000004));
#4581=CARTESIAN_POINT('',(-63.,-10.6061645099738,-10.5000000000001));
#4582=CARTESIAN_POINT('Origin',(-63.,-8.80616450997379,-10.5000000000001));
#4583=CARTESIAN_POINT('',(-63.,-2.47170336824847,-18.0000002682209));
#4584=CARTESIAN_POINT('Origin',(-63.,0.,-18.0000002682209));
#4585=CARTESIAN_POINT('',(-63.,6.8938354900262,-10.5000000000002));
#4586=CARTESIAN_POINT('Origin',(-63.,8.6938354900262,-10.5000000000002));
#4587=CARTESIAN_POINT('Origin',(-59.,-29.,-17.8588459669039));
#4588=CARTESIAN_POINT('',(-59.,-33.,40.5646161323842));
#4589=CARTESIAN_POINT('',(-59.,-33.,-17.8588459669039));
#4590=CARTESIAN_POINT('Origin',(-59.,-29.,40.5646161323842));
#4591=CARTESIAN_POINT('Origin',(1.76416298175342,-33.,14.2823080661921));
#4592=CARTESIAN_POINT('',(59.5283259635068,-33.,40.5646161323842));
#4593=CARTESIAN_POINT('',(59.5283259635068,-33.,46.4234620992881));
#4594=CARTESIAN_POINT('',(-29.1179185091233,-33.,40.5646161323842));
#4595=CARTESIAN_POINT('Origin',(63.5283259635068,0.,-50.));
#4596=CARTESIAN_POINT('',(38.3668712965438,-21.0601234338887,-50.));
#4597=CARTESIAN_POINT('',(38.365780744595,-4.54258995312081,-50.));
#4598=CARTESIAN_POINT('',(38.3661439504669,-10.043717300645,-50.));
#4599=CARTESIAN_POINT('',(38.3651195550308,5.47180759546031,-50.));
#4600=CARTESIAN_POINT('',(38.3661439504669,-10.043717300645,-50.));
#4601=CARTESIAN_POINT('',(38.3640293375554,21.9842751324043,-50.));
#4602=CARTESIAN_POINT('',(38.3661439504669,-10.043717300645,-50.));
#4603=CARTESIAN_POINT('',(-38.3634914684608,21.9842751324043,-50.));
#4604=CARTESIAN_POINT('',(31.7652050180729,21.9842751324043,-50.));
#4605=CARTESIAN_POINT('',(-38.3634914684608,5.46927463446193,-50.));
#4606=CARTESIAN_POINT('',(-38.3634914684608,-9.95087261010582,-50.));
#4607=CARTESIAN_POINT('',(-32.8760484896051,5.46927463446193,-50.));
#4608=CARTESIAN_POINT('',(-42.5917510061841,5.46927463446193,-50.));
#4609=CARTESIAN_POINT('',(-32.8760484896051,-4.54512293594635,-50.));
#4610=CARTESIAN_POINT('',(-32.8760484896051,5.46927463446193,-50.));
#4611=CARTESIAN_POINT('',(-38.3634914684608,-4.54512293594635,-50.));
#4612=CARTESIAN_POINT('',(-32.8760484896051,-4.54512293594635,-50.));
#4613=CARTESIAN_POINT('',(-38.3634914684608,-21.0601234338887,-50.));
#4614=CARTESIAN_POINT('',(-38.3634914684608,-9.95087261010582,-50.));
#4615=CARTESIAN_POINT('',(31.7652050180729,-21.0601234338887,-50.));
#4616=CARTESIAN_POINT('',(-37.1111265472049,4.6276507353706E-15,-50.));
#4617=CARTESIAN_POINT('Origin',(-35.5861265472049,4.44089209850063E-15,
-50.));
#4618=CARTESIAN_POINT('Origin',(57.5283259635068,-27.,46.4234620992881));
#4619=CARTESIAN_POINT('Origin',(57.5283259635068,-27.,-48.));
#4620=CARTESIAN_POINT('Origin',(57.5283259635068,27.,46.4234620992881));
#4621=CARTESIAN_POINT('Origin',(57.5283259635068,27.,-48.));
#4622=CARTESIAN_POINT('Origin',(63.5283259635068,0.,-48.));
#4623=CARTESIAN_POINT('Origin',(-57.,27.,-48.));
#4624=CARTESIAN_POINT('',(38.3676596137386,10.9999999999817,-48.));
#4625=CARTESIAN_POINT('',(38.3676596137386,-21.1510325247978,-48.));
#4626=CARTESIAN_POINT('',(38.3676596137386,-10.1109278191674,-48.));
#4627=CARTESIAN_POINT('',(-38.3634914684608,-21.1510325247978,-48.));
#4628=CARTESIAN_POINT('',(31.7652050180729,-21.1510325247978,-48.));
#4629=CARTESIAN_POINT('',(-38.3634914684608,21.8933660414952,-48.));
#4630=CARTESIAN_POINT('',(-38.3634914684608,-9.95087261010582,-48.));
#4631=CARTESIAN_POINT('',(38.3669403912482,21.8933660414952,-48.));
#4632=CARTESIAN_POINT('',(31.7652050180729,21.8933660414952,-48.));
#4633=CARTESIAN_POINT('',(38.3690490019745,-10.0437171088422,-48.));
#4634=CARTESIAN_POINT('Origin',(-57.,27.,-17.8588459669039));
#4635=CARTESIAN_POINT('Origin',(59.5283259635068,29.,46.4234620992881));
#4636=CARTESIAN_POINT('',(59.5283259635068,33.,40.5646161323842));
#4637=CARTESIAN_POINT('',(59.5283259635068,33.,46.4234620992881));
#4638=CARTESIAN_POINT('',(63.5283259635068,29.,40.5646161323842));
#4639=CARTESIAN_POINT('Origin',(59.5283259635068,29.,40.5646161323842));
#4640=CARTESIAN_POINT('',(63.5283259635068,29.,46.4234620992881));
#4641=CARTESIAN_POINT('Origin',(-60.,0.,40.5646161323842));
#4642=CARTESIAN_POINT('',(-29.1179185091233,33.,40.5646161323842));
#4643=CARTESIAN_POINT('',(63.5283259635068,-29.,40.5646161323842));
#4644=CARTESIAN_POINT('Origin',(59.5283259635068,-29.,40.5646161323842));
#4645=CARTESIAN_POINT('',(63.5283259635068,0.,40.5646161323842));
#4646=CARTESIAN_POINT('Origin',(1.76416298175342,33.,14.2823080661921));
#4647=CARTESIAN_POINT('Origin',(59.5283259635068,-29.,46.4234620992881));
#4648=CARTESIAN_POINT('',(63.5283259635068,-29.,46.4234620992881));
#4649=CARTESIAN_POINT('Origin',(-35.5861265472049,4.44089209850063E-15,
-50.));
#4650=CARTESIAN_POINT('',(-37.1111265472049,4.6276507353706E-15,-48.5));
#4651=CARTESIAN_POINT('',(-37.1111265472049,4.25413346163065E-15,-50.));
#4652=CARTESIAN_POINT('Origin',(-35.5861265472049,4.44089209850063E-15,
-48.5));
#4653=CARTESIAN_POINT('Origin',(-32.8760484896051,-4.54512293594635,-50.));
#4654=CARTESIAN_POINT('',(-32.8760484896051,5.46927463446193,-48.5));
#4655=CARTESIAN_POINT('',(-32.8760484896051,5.46927463446193,-50.));
#4656=CARTESIAN_POINT('',(-32.8760484896051,-4.54512293594635,-48.5));
#4657=CARTESIAN_POINT('',(-32.8760484896051,5.46927463446193,-48.5));
#4658=CARTESIAN_POINT('',(-32.8760484896051,-4.54512293594635,-50.));
#4659=CARTESIAN_POINT('Origin',(-38.3634914684608,-4.54512293594635,-50.));
#4660=CARTESIAN_POINT('',(-38.3634914684608,-4.54512293594635,-48.5));
#4661=CARTESIAN_POINT('',(-32.8760484896051,-4.54512293594635,-48.5));
#4662=CARTESIAN_POINT('',(-38.3634914684608,-4.54512293594635,-51.7308025776743));
#4663=CARTESIAN_POINT('Origin',(-32.8760484896051,5.46927463446193,-50.));
#4664=CARTESIAN_POINT('',(-38.3634914684608,5.46927463446193,-48.5));
#4665=CARTESIAN_POINT('',(-38.3634914684608,5.46927463446193,-51.7308025776743));
#4666=CARTESIAN_POINT('',(-42.5917510061841,5.46927463446193,-48.5));
#4667=CARTESIAN_POINT('Origin',(-35.619769979033,0.462075849257791,-48.5));
#4668=CARTESIAN_POINT('',(-38.3634914684608,-9.71983468547693,-48.5));
#4669=CARTESIAN_POINT('Origin',(0.00208407263888599,-21.0607689694835,-49.9857982169141));
#4670=CARTESIAN_POINT('',(38.3676596137386,-21.0847417360869,-49.4583973516401));
#4671=CARTESIAN_POINT('',(38.3676596137386,-21.2208241785451,-46.464583617561));
#4672=CARTESIAN_POINT('',(38.361766745239,-20.900713760422,-53.5070128162673));
#4673=CARTESIAN_POINT('',(-38.3634914684608,-21.0847417360869,-49.4583973516401));
#4674=CARTESIAN_POINT('Origin',(38.3676596137386,-20.2218556383348,-46.4191759566423));
#4675=CARTESIAN_POINT('',(38.3676596137386,-20.0857731958766,-49.4129896907214));
#4676=CARTESIAN_POINT('Origin',(38.3676596137386,-20.0857731958766,-49.4129896907214));
#4677=CARTESIAN_POINT('',(38.3617667452391,22.0549334686209,-51.5544833967645));
#4678=CARTESIAN_POINT('Origin',(-38.3634914684608,-19.9017452202117,-53.4616051553486));
#4679=CARTESIAN_POINT('',(-38.3634914684608,21.870905492956,-47.5058679321373));
#4680=CARTESIAN_POINT('Origin',(0.00208407263889043,21.8948782595593,-48.0332687974114));
#4681=CARTESIAN_POINT('Origin',(63.,6.84581303649149,-43.6391940919683));
#4682=CARTESIAN_POINT('',(57.,6.84581303649149,-43.6391940919683));
#4683=CARTESIAN_POINT('',(63.,6.84581303649149,-43.6391940919683));
#4684=CARTESIAN_POINT('',(57.,13.0000001937151,-43.6391940919683));
#4685=CARTESIAN_POINT('',(57.,6.84581303649149,-43.6391940919683));
#4686=CARTESIAN_POINT('',(63.,13.0000001937151,-43.6391940919683));
#4687=CARTESIAN_POINT('Origin',(63.,4.24699814128665,-43.743240179968));
#4688=CARTESIAN_POINT('',(57.,4.24699814128665,-43.743240179968));
#4689=CARTESIAN_POINT('',(63.,4.24699814128665,-43.743240179968));
#4690=CARTESIAN_POINT('',(57.,4.24699814128665,-43.743240179968));
#4691=CARTESIAN_POINT('Origin',(63.,3.82307656209501,-42.7231686905094));
#4692=CARTESIAN_POINT('',(57.,3.82307656209501,-42.7231686905094));
#4693=CARTESIAN_POINT('',(63.,3.82307656209501,-42.7231686905094));
#4694=CARTESIAN_POINT('',(57.,3.82307656209501,-42.7231686905094));
#4695=CARTESIAN_POINT('Origin',(63.,12.1892945450016,-42.7231686905094));
#4696=CARTESIAN_POINT('',(57.,12.1892945450016,-42.7231686905094));
#4697=CARTESIAN_POINT('',(63.,12.1892945450016,-42.7231686905094));
#4698=CARTESIAN_POINT('',(57.,6.84581303649149,-42.7231686905094));
#4699=CARTESIAN_POINT('Origin',(63.,12.1892945450016,-35.8911459046286));
#4700=CARTESIAN_POINT('',(57.,12.1892945450016,-35.8911459046286));
#4701=CARTESIAN_POINT('',(63.,12.1892945450016,-35.8911459046286));
#4702=CARTESIAN_POINT('',(57.,12.1892945450016,-35.8911459046286));
#4703=CARTESIAN_POINT('Origin',(63.,13.0000001937151,-36.0000005364418));
#4704=CARTESIAN_POINT('',(57.,13.0000001937151,-36.0000005364418));
#4705=CARTESIAN_POINT('',(63.,13.0000001937151,-36.0000005364418));
#4706=CARTESIAN_POINT('',(57.,13.0000001937151,-36.0000005364418));
#4707=CARTESIAN_POINT('Origin',(63.,13.0000001937151,-43.6391940919683));
#4708=CARTESIAN_POINT('',(57.,13.0000001937151,-43.6391940919683));
#4709=CARTESIAN_POINT('Origin',(57.,8.41153837790505,-39.8171930422983));
#4710=CARTESIAN_POINT('Origin',(63.,-13.0000001937151,-35.6621395542638));
#4711=CARTESIAN_POINT('',(57.,-13.0000001937151,-35.6621395542638));
#4712=CARTESIAN_POINT('',(63.,-13.0000001937151,-35.6621395542638));
#4713=CARTESIAN_POINT('',(57.,-13.0000001937151,-43.6391940919683));
#4714=CARTESIAN_POINT('',(57.,-13.0000001937151,-43.6391940919683));
#4715=CARTESIAN_POINT('',(63.,-13.0000001937151,-43.6391940919683));
#4716=CARTESIAN_POINT('Origin',(63.,-11.7800367931725,-35.6621395542638));
#4717=CARTESIAN_POINT('',(57.,-11.7800367931725,-35.6621395542638));
#4718=CARTESIAN_POINT('',(63.,-11.7800367931725,-35.6621395542638));
#4719=CARTESIAN_POINT('',(57.,-13.0000001937151,-35.6621395542638));
#4720=CARTESIAN_POINT('Origin',(63.,-12.0000001788139,-36.0000005364418));
#4721=CARTESIAN_POINT('',(57.,-12.0000001788139,-36.0000005364418));
#4722=CARTESIAN_POINT('',(63.,-12.0000001788139,-36.0000005364418));
#4723=CARTESIAN_POINT('',(57.,-11.7800367931725,-35.6621395542638));
#4724=CARTESIAN_POINT('Origin',(63.,-12.0000001788139,-42.4941623401447));
#4725=CARTESIAN_POINT('',(57.,-12.0000001788139,-42.4941623401447));
#4726=CARTESIAN_POINT('',(63.,-12.0000001788139,-42.4941623401447));
#4727=CARTESIAN_POINT('',(57.,-12.0000001788139,-36.0000005364418));
#4728=CARTESIAN_POINT('Origin',(63.,-5.00000007450581,-42.4941623401447));
#4729=CARTESIAN_POINT('',(57.,-5.00000007450581,-42.4941623401447));
#4730=CARTESIAN_POINT('',(63.,-5.00000007450581,-42.4941623401447));
#4731=CARTESIAN_POINT('',(57.,-12.0000001788139,-42.4941623401447));
#4732=CARTESIAN_POINT('Origin',(63.,-5.00000007450581,-43.6391940919683));
#4733=CARTESIAN_POINT('',(57.,-5.00000007450581,-43.6391940919683));
#4734=CARTESIAN_POINT('',(63.,-5.00000007450581,-43.6391940919683));
#4735=CARTESIAN_POINT('',(57.,-5.00000007450581,-42.4941623401447));
#4736=CARTESIAN_POINT('Origin',(63.,-13.0000001937151,-43.6391940919683));
#4737=CARTESIAN_POINT('',(57.,-5.00000007450581,-43.6391940919683));
#4738=CARTESIAN_POINT('Origin',(57.,-9.00000013411045,-39.650666823116));
#4739=CARTESIAN_POINT('Origin',(-63.,13.0000001937151,-43.6391940919683));
#4740=CARTESIAN_POINT('',(-57.,13.0000001937151,-36.0000005364418));
#4741=CARTESIAN_POINT('',(-63.,13.0000001937151,-36.0000005364418));
#4742=CARTESIAN_POINT('',(-57.,13.0000001937151,-43.6391940919683));
#4743=CARTESIAN_POINT('',(-57.,13.0000001937151,-43.6391940919683));
#4744=CARTESIAN_POINT('',(-63.,13.0000001937151,-43.6391940919683));
#4745=CARTESIAN_POINT('Origin',(-63.,13.0000001937151,-36.0000005364418));
#4746=CARTESIAN_POINT('',(-57.,12.1892945450016,-35.8911459046286));
#4747=CARTESIAN_POINT('',(-63.,12.1892945450016,-35.8911459046286));
#4748=CARTESIAN_POINT('',(-57.,13.0000001937151,-36.0000005364418));
#4749=CARTESIAN_POINT('Origin',(-63.,12.1892945450016,-35.8911459046286));
#4750=CARTESIAN_POINT('',(-57.,12.1892945450016,-42.7231686905094));
#4751=CARTESIAN_POINT('',(-63.,12.1892945450016,-42.7231686905094));
#4752=CARTESIAN_POINT('',(-57.,12.1892945450016,-35.8911459046286));
#4753=CARTESIAN_POINT('Origin',(-63.,12.1892945450016,-42.7231686905094));
#4754=CARTESIAN_POINT('',(-57.,3.82307656209501,-42.7231686905094));
#4755=CARTESIAN_POINT('',(-63.,3.82307656209501,-42.7231686905094));
#4756=CARTESIAN_POINT('',(-57.,6.84581303649149,-42.7231686905094));
#4757=CARTESIAN_POINT('Origin',(-63.,6.84581303649149,-43.6391940919683));
#4758=CARTESIAN_POINT('',(-57.,6.84581303649149,-43.6391940919683));
#4759=CARTESIAN_POINT('',(-57.,6.84581303649149,-43.6391940919683));
#4760=CARTESIAN_POINT('',(-63.,6.84581303649149,-43.6391940919683));
#4761=CARTESIAN_POINT('Origin',(-63.,4.24699814128665,-43.743240179968));
#4762=CARTESIAN_POINT('',(-57.,4.24699814128665,-43.743240179968));
#4763=CARTESIAN_POINT('',(-57.,4.24699814128665,-43.743240179968));
#4764=CARTESIAN_POINT('',(-63.,4.24699814128665,-43.743240179968));
#4765=CARTESIAN_POINT('Origin',(-63.,3.82307656209501,-42.7231686905094));
#4766=CARTESIAN_POINT('',(-57.,3.82307656209501,-42.7231686905094));
#4767=CARTESIAN_POINT('Origin',(-57.,8.41153837790505,-39.8171930422983));
#4768=CARTESIAN_POINT('Origin',(-63.,-13.0000001937151,-43.6391940919683));
#4769=CARTESIAN_POINT('',(-57.,-5.00000007450581,-43.6391940919683));
#4770=CARTESIAN_POINT('',(-63.,-5.00000007450581,-43.6391940919683));
#4771=CARTESIAN_POINT('',(-57.,-13.0000001937151,-43.6391940919683));
#4772=CARTESIAN_POINT('',(-57.,-5.00000007450581,-43.6391940919683));
#4773=CARTESIAN_POINT('',(-63.,-13.0000001937151,-43.6391940919683));
#4774=CARTESIAN_POINT('Origin',(-63.,-5.00000007450581,-43.6391940919683));
#4775=CARTESIAN_POINT('',(-57.,-5.00000007450581,-42.4941623401447));
#4776=CARTESIAN_POINT('',(-63.,-5.00000007450581,-42.4941623401447));
#4777=CARTESIAN_POINT('',(-57.,-5.00000007450581,-42.4941623401447));
#4778=CARTESIAN_POINT('Origin',(-63.,-5.00000007450581,-42.4941623401447));
#4779=CARTESIAN_POINT('',(-57.,-12.0000001788139,-42.4941623401447));
#4780=CARTESIAN_POINT('',(-63.,-12.0000001788139,-42.4941623401447));
#4781=CARTESIAN_POINT('',(-57.,-12.0000001788139,-42.4941623401447));
#4782=CARTESIAN_POINT('Origin',(-63.,-12.0000001788139,-42.4941623401447));
#4783=CARTESIAN_POINT('',(-57.,-12.0000001788139,-36.0000005364418));
#4784=CARTESIAN_POINT('',(-63.,-12.0000001788139,-36.0000005364418));
#4785=CARTESIAN_POINT('',(-57.,-12.0000001788139,-36.0000005364418));
#4786=CARTESIAN_POINT('Origin',(-63.,-13.0000001937151,-35.6621395542638));
#4787=CARTESIAN_POINT('',(-57.,-13.0000001937151,-35.6621395542638));
#4788=CARTESIAN_POINT('',(-57.,-13.0000001937151,-43.6391940919683));
#4789=CARTESIAN_POINT('',(-63.,-13.0000001937151,-35.6621395542638));
#4790=CARTESIAN_POINT('Origin',(-63.,-11.7800367931725,-35.6621395542638));
#4791=CARTESIAN_POINT('',(-57.,-11.7800367931725,-35.6621395542638));
#4792=CARTESIAN_POINT('',(-57.,-13.0000001937151,-35.6621395542638));
#4793=CARTESIAN_POINT('',(-63.,-11.7800367931725,-35.6621395542638));
#4794=CARTESIAN_POINT('Origin',(-63.,-12.0000001788139,-36.0000005364418));
#4795=CARTESIAN_POINT('',(-57.,-11.7800367931725,-35.6621395542638));
#4796=CARTESIAN_POINT('Origin',(-57.,-9.00000013411045,-39.650666823116));
#4797=CARTESIAN_POINT('Origin',(63.5283259635068,8.6938354900262,-10.5000000000002));
#4798=CARTESIAN_POINT('',(63.5283259635068,6.8938354900262,-10.5000000000002));
#4799=CARTESIAN_POINT('Origin',(63.5283259635068,8.6938354900262,-10.5000000000002));
#4800=CARTESIAN_POINT('',(63.5283259635068,6.8938354900262,-10.5000000000002));
#4801=CARTESIAN_POINT('Origin',(63.5283259635068,8.6938354900262,-10.5000000000002));
#4802=CARTESIAN_POINT('',(63.5283259635068,6.8938354900262,-10.5000000000002));
#4803=CARTESIAN_POINT('Origin',(63.5283259635068,0.,-18.0000002682209));
#4804=CARTESIAN_POINT('',(63.5283259635068,-2.47170336824847,-18.0000002682209));
#4805=CARTESIAN_POINT('Origin',(63.5283259635068,0.,-18.0000002682209));
#4806=CARTESIAN_POINT('',(63.5283259635068,-2.47170336824847,-18.0000002682209));
#4807=CARTESIAN_POINT('Origin',(63.5283259635068,0.,-18.0000002682209));
#4808=CARTESIAN_POINT('',(63.5283259635068,-2.47170336824847,-18.0000002682209));
#4809=CARTESIAN_POINT('Origin',(63.5283259635068,-8.80616450997379,-10.5000000000001));
#4810=CARTESIAN_POINT('',(63.5283259635068,-10.6061645099738,-10.5000000000001));
#4811=CARTESIAN_POINT('Origin',(63.5283259635068,-8.80616450997379,-10.5000000000001));
#4812=CARTESIAN_POINT('',(63.5283259635068,-10.6061645099738,-10.5000000000001));
#4813=CARTESIAN_POINT('Origin',(63.5283259635068,-8.80616450997379,-10.5000000000001));
#4814=CARTESIAN_POINT('',(63.5283259635068,-10.6061645099738,-10.5000000000001));
#4815=CARTESIAN_POINT('Origin',(63.5283259635068,-0.00623441399157015,-31.0000000000004));
#4816=CARTESIAN_POINT('',(63.5283259635068,-6.00623441399156,-31.0000000000004));
#4817=CARTESIAN_POINT('Origin',(63.5283259635068,-0.00623441399157015,-31.0000000000004));
#4818=CARTESIAN_POINT('',(63.5283259635068,-6.00623441399156,-31.0000000000004));
#4819=CARTESIAN_POINT('Origin',(63.5283259635068,-0.00623441399157015,-31.0000000000004));
#4820=CARTESIAN_POINT('',(63.5283259635068,-6.00623441399156,-31.0000000000004));
#4821=CARTESIAN_POINT('Origin',(63.5283259635068,-7.00000010430813,-2.00000002980232));
#4822=CARTESIAN_POINT('',(63.5283259635068,-7.00000010430813,11.0000001639128));
#4823=CARTESIAN_POINT('',(63.5283259635068,-7.00000010430813,11.0000001639128));
#4824=CARTESIAN_POINT('',(63.5283259635068,-7.00000010430813,-2.00000002980232));
#4825=CARTESIAN_POINT('',(63.5283259635068,-7.00000010430813,38.2823080512909));
#4826=CARTESIAN_POINT('',(63.5283259635068,-7.00000010430813,-2.00000002980232));
#4827=CARTESIAN_POINT('Origin',(63.5283259635068,-7.00000010430813,-2.00000002980232));
#4828=CARTESIAN_POINT('',(63.5283259635068,-7.00000010430813,-2.00000002980232));
#4829=CARTESIAN_POINT('',(63.5283259635068,-7.00000010430813,11.0000001639128));
#4830=CARTESIAN_POINT('Origin',(63.5283259635068,-7.00000010430813,11.0000001639128));
#4831=CARTESIAN_POINT('',(63.5283259635068,7.00000010430813,11.0000001639128));
#4832=CARTESIAN_POINT('',(63.5283259635068,7.00000010430813,11.0000001639128));
#4833=CARTESIAN_POINT('',(63.5283259635068,-3.50000005215406,11.0000001639128));
#4834=CARTESIAN_POINT('Origin',(63.5283259635068,-7.00000010430813,11.0000001639128));
#4835=CARTESIAN_POINT('',(63.5283259635068,7.00000010430813,11.0000001639128));
#4836=CARTESIAN_POINT('Origin',(63.5283259635068,7.00000010430813,-2.00000002980232));
#4837=CARTESIAN_POINT('',(63.5283259635068,7.00000010430813,-2.00000002980232));
#4838=CARTESIAN_POINT('',(63.5283259635068,3.50000005215406,-2.00000002980232));
#4839=CARTESIAN_POINT('',(63.5283259635068,7.00000010430813,-2.00000002980232));
#4840=CARTESIAN_POINT('Origin',(63.5283259635068,7.00000010430813,11.0000001639128));
#4841=CARTESIAN_POINT('',(63.5283259635068,7.00000010430813,44.7823081481485));
#4842=CARTESIAN_POINT('Origin',(63.5283259635068,7.00000010430813,11.0000001639128));
#4843=CARTESIAN_POINT('',(63.5283259635068,7.00000010430813,-2.00000002980232));
#4844=CARTESIAN_POINT('Origin',(63.5283259635068,7.00000010430813,-2.00000002980232));
#4845=CARTESIAN_POINT('Origin',(63.5283259635068,0.,78.5646161323842));
#4846=CARTESIAN_POINT('Origin',(35.6217287081742,0.464427669984436,-48.5));
#4847=CARTESIAN_POINT('',(32.8776766717534,5.47144529308969,-48.5));
#4848=CARTESIAN_POINT('',(32.8783378613183,-4.54295225549144,-48.5));
#4849=CARTESIAN_POINT('',(32.8776766717534,5.47144529308969,-48.5));
#4850=CARTESIAN_POINT('',(38.365780744595,-4.54258995312081,-48.5));
#4851=CARTESIAN_POINT('',(32.8783378613183,-4.54295225549144,-48.5));
#4852=CARTESIAN_POINT('',(38.3651195550308,5.47180759546031,-48.5));
#4853=CARTESIAN_POINT('',(38.3668712965438,-21.0601234338887,-48.5));
#4854=CARTESIAN_POINT('',(42.5933791671562,5.47208676164276,-48.5));
#4855=CARTESIAN_POINT('',(34.0631395533664,0.00230951194603276,-48.5));
#4856=CARTESIAN_POINT('Origin',(35.5881395533664,0.00230951194603257,-48.5));
#4857=CARTESIAN_POINT('Origin',(35.6217287081742,0.464427669984436,-50.));
#4858=CARTESIAN_POINT('',(32.8776766717534,5.47144529308969,-50.));
#4859=CARTESIAN_POINT('',(32.8783378613183,-4.54295225549144,-50.));
#4860=CARTESIAN_POINT('',(32.8776766717534,5.47144529308969,-50.));
#4861=CARTESIAN_POINT('',(38.3651195550308,5.47180759546031,-50.));
#4862=CARTESIAN_POINT('',(42.5933791671562,5.47208676164276,-50.));
#4863=CARTESIAN_POINT('',(38.365780744595,-4.54258995312081,-50.));
#4864=CARTESIAN_POINT('',(38.3661439504669,-10.043717300645,-50.));
#4865=CARTESIAN_POINT('',(32.8783378613183,-4.54295225549144,-50.));
#4866=CARTESIAN_POINT('',(34.0631395533664,0.00230951194603276,-50.));
#4867=CARTESIAN_POINT('Origin',(35.5881395533664,0.00230951194603257,-50.));
#4868=CARTESIAN_POINT('Origin',(32.8776766717534,5.47144529308969,-50.));
#4869=CARTESIAN_POINT('',(32.8783378613183,-4.54295225549144,-50.));
#4870=CARTESIAN_POINT('',(32.8776766717534,5.47144529308969,-50.));
#4871=CARTESIAN_POINT('Origin',(32.8783378613183,-4.54295225549144,-50.));
#4872=CARTESIAN_POINT('',(38.365780744595,-4.54258995312081,-50.));
#4873=CARTESIAN_POINT('Origin',(38.365780744595,-4.54258995312081,-50.));
#4874=CARTESIAN_POINT('',(38.3651195550308,5.47180759546031,-50.));
#4875=CARTESIAN_POINT('Origin',(38.3651195550308,5.47180759546031,-50.));
#4876=CARTESIAN_POINT('Origin',(35.5881395533664,0.00230951194603257,-50.));
#4877=CARTESIAN_POINT('',(34.0631395533664,0.00230951194603239,-50.));
#4878=UNCERTAINTY_MEASURE_WITH_UNIT(LENGTH_MEASURE(0.01),#4882,
'DISTANCE_ACCURACY_VALUE',
'Maximum model space distance between geometric entities at asserted c
onnectivities');
#4879=UNCERTAINTY_MEASURE_WITH_UNIT(LENGTH_MEASURE(0.01),#4882,
'DISTANCE_ACCURACY_VALUE',
'Maximum model space distance between geometric entities at asserted c
onnectivities');
#4880=(
GEOMETRIC_REPRESENTATION_CONTEXT(3)
GLOBAL_UNCERTAINTY_ASSIGNED_CONTEXT((#4878))
GLOBAL_UNIT_ASSIGNED_CONTEXT((#4882,#4884,#4885))
REPRESENTATION_CONTEXT('','3D')
);
#4881=(
GEOMETRIC_REPRESENTATION_CONTEXT(3)
GLOBAL_UNCERTAINTY_ASSIGNED_CONTEXT((#4879))
GLOBAL_UNIT_ASSIGNED_CONTEXT((#4882,#4884,#4885))
REPRESENTATION_CONTEXT('','3D')
);
#4882=(
LENGTH_UNIT()
NAMED_UNIT(*)
SI_UNIT(.MILLI.,.METRE.)
);
#4883=(
LENGTH_UNIT()
NAMED_UNIT(*)
SI_UNIT($,.METRE.)
);
#4884=(
NAMED_UNIT(*)
PLANE_ANGLE_UNIT()
SI_UNIT($,.RADIAN.)
);
#4885=(
NAMED_UNIT(*)
SI_UNIT($,.STERADIAN.)
SOLID_ANGLE_UNIT()
);
#4886=SHAPE_DEFINITION_REPRESENTATION(#4887,#4888);
#4887=PRODUCT_DEFINITION_SHAPE('',$,#4890);
#4888=SHAPE_REPRESENTATION('',(#3028),#4880);
#4889=PRODUCT_DEFINITION_CONTEXT('part definition',#4894,'design');
#4890=PRODUCT_DEFINITION('BODY','BODY',#4891,#4889);
#4891=PRODUCT_DEFINITION_FORMATION('',$,#4896);
#4892=PRODUCT_RELATED_PRODUCT_CATEGORY('BODY','BODY',(#4896));
#4893=APPLICATION_PROTOCOL_DEFINITION('international standard',
'automotive_design',2009,#4894);
#4894=APPLICATION_CONTEXT(
'Core Data for Automotive Mechanical Design Process');
#4895=PRODUCT_CONTEXT('part definition',#4894,'mechanical');
#4896=PRODUCT('BODY','BODY',$,(#4895));
#4897=PRESENTATION_STYLE_ASSIGNMENT((#4899));
#4898=PRESENTATION_STYLE_ASSIGNMENT((#4900));
#4899=SURFACE_STYLE_USAGE(.BOTH.,#4901);
#4900=SURFACE_STYLE_USAGE(.BOTH.,#4902);
#4901=SURFACE_SIDE_STYLE('',(#4903));
#4902=SURFACE_SIDE_STYLE('',(#4904));
#4903=SURFACE_STYLE_FILL_AREA(#4905);
#4904=SURFACE_STYLE_FILL_AREA(#4906);
#4905=FILL_AREA_STYLE('Steel - Satin',(#4907));
#4906=FILL_AREA_STYLE('Paint - Enamel Glossy (Blue)',(#4908));
#4907=FILL_AREA_STYLE_COLOUR('Steel - Satin',#4909);
#4908=FILL_AREA_STYLE_COLOUR('Paint - Enamel Glossy (Blue)',#4910);
#4909=COLOUR_RGB('Steel - Satin',0.627450980392157,0.627450980392157,0.627450980392157);
#4910=COLOUR_RGB('Paint - Enamel Glossy (Blue)',0.188235294117647,0.231372549019608,
0.588235294117647);
ENDSEC;
END-ISO-10303-21;
