ISO-10303-21;
HEADER;
/* Generated by software containing ST-Developer
 * from STEP Tools, Inc. (www.steptools.com) 
 */

FILE_DESCRIPTION(
/* description */ (''),
/* implementation_level */ '2;1');

FILE_NAME(
/* name */ 'Wheel1.step',
/* time_stamp */ '2026-06-16T21:03:39+05:30',
/* author */ (''),
/* organization */ (''),
/* preprocessor_version */ 'ST-DEVELOPER v20.1',
/* originating_system */ 'Autodesk Translation Framework v15.8.0.0',
/* authorisation */ '');

FILE_SCHEMA (('AUTOMOTIVE_DESIGN { 1 0 10303 214 3 1 1 }'));
ENDSEC;

DATA;
#10=MECHANICAL_DESIGN_GEOMETRIC_PRESENTATION_REPRESENTATION('',(#13),#6272);
#11=SHAPE_REPRESENTATION_RELATIONSHIP('SRR','None',#6279,#12);
#12=ADVANCED_BREP_SHAPE_REPRESENTATION('',(#14),#6271);
#13=STYLED_ITEM('',(#6289),#14);
#14=MANIFOLD_SOLID_BREP('Wheel1',#3824);
#15=CYLINDRICAL_SURFACE('',#4021,37.5);
#16=CYLINDRICAL_SURFACE('',#4023,37.5);
#17=CYLINDRICAL_SURFACE('',#4025,37.5);
#18=CYLINDRICAL_SURFACE('',#4027,37.5);
#19=CYLINDRICAL_SURFACE('',#4029,37.5);
#20=CYLINDRICAL_SURFACE('',#4031,37.5);
#21=CYLINDRICAL_SURFACE('',#4033,37.5);
#22=CYLINDRICAL_SURFACE('',#4035,37.5);
#23=CYLINDRICAL_SURFACE('',#4037,37.5);
#24=CYLINDRICAL_SURFACE('',#4039,37.5);
#25=CYLINDRICAL_SURFACE('',#4041,37.5);
#26=CYLINDRICAL_SURFACE('',#4043,37.5);
#27=CYLINDRICAL_SURFACE('',#4045,37.5);
#28=CYLINDRICAL_SURFACE('',#4047,37.5);
#29=CYLINDRICAL_SURFACE('',#4049,37.5);
#30=CYLINDRICAL_SURFACE('',#4051,37.5);
#31=CYLINDRICAL_SURFACE('',#4053,37.5);
#32=CYLINDRICAL_SURFACE('',#4055,37.5);
#33=CYLINDRICAL_SURFACE('',#4057,37.5);
#34=CYLINDRICAL_SURFACE('',#4059,37.5);
#35=CYLINDRICAL_SURFACE('',#4061,37.5);
#36=CYLINDRICAL_SURFACE('',#4063,37.5);
#37=CYLINDRICAL_SURFACE('',#4065,37.5);
#38=CYLINDRICAL_SURFACE('',#4067,37.5);
#39=CYLINDRICAL_SURFACE('',#4069,37.5);
#40=CYLINDRICAL_SURFACE('',#4071,37.5);
#41=CYLINDRICAL_SURFACE('',#4073,37.5);
#42=CYLINDRICAL_SURFACE('',#4075,37.5);
#43=CYLINDRICAL_SURFACE('',#4077,37.5);
#44=CYLINDRICAL_SURFACE('',#4079,37.5);
#45=CYLINDRICAL_SURFACE('',#4081,37.5);
#46=CYLINDRICAL_SURFACE('',#4083,37.5);
#47=CYLINDRICAL_SURFACE('',#4085,37.5);
#48=CYLINDRICAL_SURFACE('',#4087,37.5);
#49=CYLINDRICAL_SURFACE('',#4089,37.5);
#50=CYLINDRICAL_SURFACE('',#4091,37.5);
#51=CYLINDRICAL_SURFACE('',#4093,37.5);
#52=CYLINDRICAL_SURFACE('',#4095,37.5);
#53=CYLINDRICAL_SURFACE('',#4097,37.5);
#54=CYLINDRICAL_SURFACE('',#4099,37.5);
#55=CYLINDRICAL_SURFACE('',#4101,37.5);
#56=CYLINDRICAL_SURFACE('',#4103,37.5);
#57=CYLINDRICAL_SURFACE('',#4105,37.5);
#58=CYLINDRICAL_SURFACE('',#4107,37.5);
#59=CYLINDRICAL_SURFACE('',#4112,2.89999999999999);
#60=CYLINDRICAL_SURFACE('',#4115,4.99999999999999);
#61=CYLINDRICAL_SURFACE('',#4116,2.89999999999999);
#62=CYLINDRICAL_SURFACE('',#4119,37.5);
#63=FACE_BOUND('',#1173,.T.);
#64=FACE_BOUND('',#1307,.T.);
#65=LINE('',#5162,#524);
#66=LINE('',#5165,#525);
#67=LINE('',#5169,#526);
#68=LINE('',#5171,#527);
#69=LINE('',#5173,#528);
#70=LINE('',#5174,#529);
#71=LINE('',#5177,#530);
#72=LINE('',#5179,#531);
#73=LINE('',#5180,#532);
#74=LINE('',#5183,#533);
#75=LINE('',#5185,#534);
#76=LINE('',#5186,#535);
#77=LINE('',#5190,#536);
#78=LINE('',#5192,#537);
#79=LINE('',#5194,#538);
#80=LINE('',#5195,#539);
#81=LINE('',#5198,#540);
#82=LINE('',#5200,#541);
#83=LINE('',#5201,#542);
#84=LINE('',#5204,#543);
#85=LINE('',#5206,#544);
#86=LINE('',#5207,#545);
#87=LINE('',#5211,#546);
#88=LINE('',#5213,#547);
#89=LINE('',#5215,#548);
#90=LINE('',#5216,#549);
#91=LINE('',#5219,#550);
#92=LINE('',#5221,#551);
#93=LINE('',#5222,#552);
#94=LINE('',#5225,#553);
#95=LINE('',#5227,#554);
#96=LINE('',#5228,#555);
#97=LINE('',#5232,#556);
#98=LINE('',#5234,#557);
#99=LINE('',#5236,#558);
#100=LINE('',#5237,#559);
#101=LINE('',#5240,#560);
#102=LINE('',#5242,#561);
#103=LINE('',#5243,#562);
#104=LINE('',#5246,#563);
#105=LINE('',#5248,#564);
#106=LINE('',#5249,#565);
#107=LINE('',#5253,#566);
#108=LINE('',#5255,#567);
#109=LINE('',#5257,#568);
#110=LINE('',#5258,#569);
#111=LINE('',#5261,#570);
#112=LINE('',#5263,#571);
#113=LINE('',#5264,#572);
#114=LINE('',#5267,#573);
#115=LINE('',#5269,#574);
#116=LINE('',#5270,#575);
#117=LINE('',#5274,#576);
#118=LINE('',#5276,#577);
#119=LINE('',#5278,#578);
#120=LINE('',#5279,#579);
#121=LINE('',#5282,#580);
#122=LINE('',#5284,#581);
#123=LINE('',#5285,#582);
#124=LINE('',#5288,#583);
#125=LINE('',#5290,#584);
#126=LINE('',#5291,#585);
#127=LINE('',#5295,#586);
#128=LINE('',#5297,#587);
#129=LINE('',#5299,#588);
#130=LINE('',#5300,#589);
#131=LINE('',#5303,#590);
#132=LINE('',#5305,#591);
#133=LINE('',#5306,#592);
#134=LINE('',#5309,#593);
#135=LINE('',#5311,#594);
#136=LINE('',#5312,#595);
#137=LINE('',#5316,#596);
#138=LINE('',#5318,#597);
#139=LINE('',#5320,#598);
#140=LINE('',#5321,#599);
#141=LINE('',#5324,#600);
#142=LINE('',#5326,#601);
#143=LINE('',#5327,#602);
#144=LINE('',#5330,#603);
#145=LINE('',#5332,#604);
#146=LINE('',#5333,#605);
#147=LINE('',#5337,#606);
#148=LINE('',#5339,#607);
#149=LINE('',#5341,#608);
#150=LINE('',#5342,#609);
#151=LINE('',#5345,#610);
#152=LINE('',#5347,#611);
#153=LINE('',#5348,#612);
#154=LINE('',#5351,#613);
#155=LINE('',#5353,#614);
#156=LINE('',#5354,#615);
#157=LINE('',#5358,#616);
#158=LINE('',#5360,#617);
#159=LINE('',#5362,#618);
#160=LINE('',#5363,#619);
#161=LINE('',#5366,#620);
#162=LINE('',#5368,#621);
#163=LINE('',#5369,#622);
#164=LINE('',#5372,#623);
#165=LINE('',#5374,#624);
#166=LINE('',#5375,#625);
#167=LINE('',#5379,#626);
#168=LINE('',#5381,#627);
#169=LINE('',#5383,#628);
#170=LINE('',#5384,#629);
#171=LINE('',#5387,#630);
#172=LINE('',#5389,#631);
#173=LINE('',#5390,#632);
#174=LINE('',#5393,#633);
#175=LINE('',#5395,#634);
#176=LINE('',#5396,#635);
#177=LINE('',#5400,#636);
#178=LINE('',#5402,#637);
#179=LINE('',#5404,#638);
#180=LINE('',#5405,#639);
#181=LINE('',#5408,#640);
#182=LINE('',#5410,#641);
#183=LINE('',#5411,#642);
#184=LINE('',#5414,#643);
#185=LINE('',#5416,#644);
#186=LINE('',#5417,#645);
#187=LINE('',#5421,#646);
#188=LINE('',#5423,#647);
#189=LINE('',#5425,#648);
#190=LINE('',#5426,#649);
#191=LINE('',#5429,#650);
#192=LINE('',#5431,#651);
#193=LINE('',#5432,#652);
#194=LINE('',#5435,#653);
#195=LINE('',#5437,#654);
#196=LINE('',#5438,#655);
#197=LINE('',#5442,#656);
#198=LINE('',#5444,#657);
#199=LINE('',#5446,#658);
#200=LINE('',#5447,#659);
#201=LINE('',#5450,#660);
#202=LINE('',#5452,#661);
#203=LINE('',#5453,#662);
#204=LINE('',#5456,#663);
#205=LINE('',#5458,#664);
#206=LINE('',#5459,#665);
#207=LINE('',#5463,#666);
#208=LINE('',#5465,#667);
#209=LINE('',#5467,#668);
#210=LINE('',#5468,#669);
#211=LINE('',#5471,#670);
#212=LINE('',#5473,#671);
#213=LINE('',#5474,#672);
#214=LINE('',#5477,#673);
#215=LINE('',#5479,#674);
#216=LINE('',#5480,#675);
#217=LINE('',#5484,#676);
#218=LINE('',#5486,#677);
#219=LINE('',#5488,#678);
#220=LINE('',#5489,#679);
#221=LINE('',#5492,#680);
#222=LINE('',#5494,#681);
#223=LINE('',#5495,#682);
#224=LINE('',#5498,#683);
#225=LINE('',#5500,#684);
#226=LINE('',#5501,#685);
#227=LINE('',#5505,#686);
#228=LINE('',#5507,#687);
#229=LINE('',#5509,#688);
#230=LINE('',#5510,#689);
#231=LINE('',#5513,#690);
#232=LINE('',#5515,#691);
#233=LINE('',#5516,#692);
#234=LINE('',#5519,#693);
#235=LINE('',#5521,#694);
#236=LINE('',#5522,#695);
#237=LINE('',#5526,#696);
#238=LINE('',#5528,#697);
#239=LINE('',#5530,#698);
#240=LINE('',#5531,#699);
#241=LINE('',#5534,#700);
#242=LINE('',#5536,#701);
#243=LINE('',#5537,#702);
#244=LINE('',#5540,#703);
#245=LINE('',#5542,#704);
#246=LINE('',#5543,#705);
#247=LINE('',#5547,#706);
#248=LINE('',#5549,#707);
#249=LINE('',#5551,#708);
#250=LINE('',#5552,#709);
#251=LINE('',#5555,#710);
#252=LINE('',#5557,#711);
#253=LINE('',#5558,#712);
#254=LINE('',#5561,#713);
#255=LINE('',#5563,#714);
#256=LINE('',#5564,#715);
#257=LINE('',#5568,#716);
#258=LINE('',#5570,#717);
#259=LINE('',#5572,#718);
#260=LINE('',#5573,#719);
#261=LINE('',#5576,#720);
#262=LINE('',#5578,#721);
#263=LINE('',#5579,#722);
#264=LINE('',#5582,#723);
#265=LINE('',#5584,#724);
#266=LINE('',#5585,#725);
#267=LINE('',#5589,#726);
#268=LINE('',#5591,#727);
#269=LINE('',#5593,#728);
#270=LINE('',#5594,#729);
#271=LINE('',#5597,#730);
#272=LINE('',#5599,#731);
#273=LINE('',#5600,#732);
#274=LINE('',#5603,#733);
#275=LINE('',#5605,#734);
#276=LINE('',#5606,#735);
#277=LINE('',#5610,#736);
#278=LINE('',#5612,#737);
#279=LINE('',#5614,#738);
#280=LINE('',#5615,#739);
#281=LINE('',#5618,#740);
#282=LINE('',#5620,#741);
#283=LINE('',#5621,#742);
#284=LINE('',#5624,#743);
#285=LINE('',#5626,#744);
#286=LINE('',#5627,#745);
#287=LINE('',#5631,#746);
#288=LINE('',#5633,#747);
#289=LINE('',#5635,#748);
#290=LINE('',#5636,#749);
#291=LINE('',#5639,#750);
#292=LINE('',#5641,#751);
#293=LINE('',#5642,#752);
#294=LINE('',#5645,#753);
#295=LINE('',#5647,#754);
#296=LINE('',#5648,#755);
#297=LINE('',#5652,#756);
#298=LINE('',#5654,#757);
#299=LINE('',#5656,#758);
#300=LINE('',#5657,#759);
#301=LINE('',#5660,#760);
#302=LINE('',#5662,#761);
#303=LINE('',#5663,#762);
#304=LINE('',#5666,#763);
#305=LINE('',#5668,#764);
#306=LINE('',#5669,#765);
#307=LINE('',#5673,#766);
#308=LINE('',#5675,#767);
#309=LINE('',#5677,#768);
#310=LINE('',#5678,#769);
#311=LINE('',#5681,#770);
#312=LINE('',#5683,#771);
#313=LINE('',#5684,#772);
#314=LINE('',#5687,#773);
#315=LINE('',#5689,#774);
#316=LINE('',#5690,#775);
#317=LINE('',#5694,#776);
#318=LINE('',#5696,#777);
#319=LINE('',#5698,#778);
#320=LINE('',#5699,#779);
#321=LINE('',#5702,#780);
#322=LINE('',#5704,#781);
#323=LINE('',#5705,#782);
#324=LINE('',#5708,#783);
#325=LINE('',#5710,#784);
#326=LINE('',#5711,#785);
#327=LINE('',#5715,#786);
#328=LINE('',#5717,#787);
#329=LINE('',#5719,#788);
#330=LINE('',#5720,#789);
#331=LINE('',#5723,#790);
#332=LINE('',#5725,#791);
#333=LINE('',#5726,#792);
#334=LINE('',#5729,#793);
#335=LINE('',#5731,#794);
#336=LINE('',#5732,#795);
#337=LINE('',#5736,#796);
#338=LINE('',#5738,#797);
#339=LINE('',#5740,#798);
#340=LINE('',#5741,#799);
#341=LINE('',#5744,#800);
#342=LINE('',#5746,#801);
#343=LINE('',#5747,#802);
#344=LINE('',#5750,#803);
#345=LINE('',#5752,#804);
#346=LINE('',#5753,#805);
#347=LINE('',#5757,#806);
#348=LINE('',#5759,#807);
#349=LINE('',#5761,#808);
#350=LINE('',#5762,#809);
#351=LINE('',#5765,#810);
#352=LINE('',#5767,#811);
#353=LINE('',#5768,#812);
#354=LINE('',#5771,#813);
#355=LINE('',#5773,#814);
#356=LINE('',#5774,#815);
#357=LINE('',#5778,#816);
#358=LINE('',#5780,#817);
#359=LINE('',#5782,#818);
#360=LINE('',#5783,#819);
#361=LINE('',#5786,#820);
#362=LINE('',#5788,#821);
#363=LINE('',#5789,#822);
#364=LINE('',#5792,#823);
#365=LINE('',#5794,#824);
#366=LINE('',#5795,#825);
#367=LINE('',#5799,#826);
#368=LINE('',#5801,#827);
#369=LINE('',#5803,#828);
#370=LINE('',#5804,#829);
#371=LINE('',#5807,#830);
#372=LINE('',#5809,#831);
#373=LINE('',#5810,#832);
#374=LINE('',#5813,#833);
#375=LINE('',#5815,#834);
#376=LINE('',#5816,#835);
#377=LINE('',#5820,#836);
#378=LINE('',#5822,#837);
#379=LINE('',#5824,#838);
#380=LINE('',#5825,#839);
#381=LINE('',#5828,#840);
#382=LINE('',#5830,#841);
#383=LINE('',#5831,#842);
#384=LINE('',#5834,#843);
#385=LINE('',#5836,#844);
#386=LINE('',#5837,#845);
#387=LINE('',#5841,#846);
#388=LINE('',#5843,#847);
#389=LINE('',#5845,#848);
#390=LINE('',#5846,#849);
#391=LINE('',#5849,#850);
#392=LINE('',#5851,#851);
#393=LINE('',#5852,#852);
#394=LINE('',#5855,#853);
#395=LINE('',#5857,#854);
#396=LINE('',#5858,#855);
#397=LINE('',#5862,#856);
#398=LINE('',#5864,#857);
#399=LINE('',#5866,#858);
#400=LINE('',#5867,#859);
#401=LINE('',#5870,#860);
#402=LINE('',#5872,#861);
#403=LINE('',#5873,#862);
#404=LINE('',#5876,#863);
#405=LINE('',#5878,#864);
#406=LINE('',#5879,#865);
#407=LINE('',#5883,#866);
#408=LINE('',#5885,#867);
#409=LINE('',#5887,#868);
#410=LINE('',#5888,#869);
#411=LINE('',#5891,#870);
#412=LINE('',#5893,#871);
#413=LINE('',#5894,#872);
#414=LINE('',#5897,#873);
#415=LINE('',#5899,#874);
#416=LINE('',#5900,#875);
#417=LINE('',#5904,#876);
#418=LINE('',#5906,#877);
#419=LINE('',#5908,#878);
#420=LINE('',#5909,#879);
#421=LINE('',#5912,#880);
#422=LINE('',#5914,#881);
#423=LINE('',#5915,#882);
#424=LINE('',#5918,#883);
#425=LINE('',#5920,#884);
#426=LINE('',#5921,#885);
#427=LINE('',#5925,#886);
#428=LINE('',#5927,#887);
#429=LINE('',#5929,#888);
#430=LINE('',#5930,#889);
#431=LINE('',#5933,#890);
#432=LINE('',#5935,#891);
#433=LINE('',#5936,#892);
#434=LINE('',#5939,#893);
#435=LINE('',#5941,#894);
#436=LINE('',#5942,#895);
#437=LINE('',#5946,#896);
#438=LINE('',#5948,#897);
#439=LINE('',#5950,#898);
#440=LINE('',#5951,#899);
#441=LINE('',#5954,#900);
#442=LINE('',#5956,#901);
#443=LINE('',#5957,#902);
#444=LINE('',#5960,#903);
#445=LINE('',#5962,#904);
#446=LINE('',#5963,#905);
#447=LINE('',#5967,#906);
#448=LINE('',#5969,#907);
#449=LINE('',#5971,#908);
#450=LINE('',#5972,#909);
#451=LINE('',#5975,#910);
#452=LINE('',#5977,#911);
#453=LINE('',#5978,#912);
#454=LINE('',#5981,#913);
#455=LINE('',#5983,#914);
#456=LINE('',#5984,#915);
#457=LINE('',#5988,#916);
#458=LINE('',#5990,#917);
#459=LINE('',#5992,#918);
#460=LINE('',#5993,#919);
#461=LINE('',#5996,#920);
#462=LINE('',#5998,#921);
#463=LINE('',#5999,#922);
#464=LINE('',#6002,#923);
#465=LINE('',#6004,#924);
#466=LINE('',#6005,#925);
#467=LINE('',#6009,#926);
#468=LINE('',#6011,#927);
#469=LINE('',#6013,#928);
#470=LINE('',#6014,#929);
#471=LINE('',#6017,#930);
#472=LINE('',#6019,#931);
#473=LINE('',#6020,#932);
#474=LINE('',#6023,#933);
#475=LINE('',#6025,#934);
#476=LINE('',#6026,#935);
#477=LINE('',#6030,#936);
#478=LINE('',#6032,#937);
#479=LINE('',#6034,#938);
#480=LINE('',#6035,#939);
#481=LINE('',#6038,#940);
#482=LINE('',#6040,#941);
#483=LINE('',#6041,#942);
#484=LINE('',#6044,#943);
#485=LINE('',#6046,#944);
#486=LINE('',#6047,#945);
#487=LINE('',#6051,#946);
#488=LINE('',#6053,#947);
#489=LINE('',#6055,#948);
#490=LINE('',#6056,#949);
#491=LINE('',#6059,#950);
#492=LINE('',#6061,#951);
#493=LINE('',#6062,#952);
#494=LINE('',#6065,#953);
#495=LINE('',#6067,#954);
#496=LINE('',#6068,#955);
#497=LINE('',#6072,#956);
#498=LINE('',#6074,#957);
#499=LINE('',#6076,#958);
#500=LINE('',#6077,#959);
#501=LINE('',#6080,#960);
#502=LINE('',#6082,#961);
#503=LINE('',#6083,#962);
#504=LINE('',#6086,#963);
#505=LINE('',#6088,#964);
#506=LINE('',#6089,#965);
#507=LINE('',#6137,#966);
#508=LINE('',#6139,#967);
#509=LINE('',#6141,#968);
#510=LINE('',#6148,#969);
#511=LINE('',#6237,#970);
#512=LINE('',#6239,#971);
#513=LINE('',#6240,#972);
#514=LINE('',#6243,#973);
#515=LINE('',#6244,#974);
#516=LINE('',#6246,#975);
#517=LINE('',#6251,#976);
#518=LINE('',#6252,#977);
#519=LINE('',#6255,#978);
#520=LINE('',#6256,#979);
#521=LINE('',#6258,#980);
#522=LINE('',#6262,#981);
#523=LINE('',#6264,#982);
#524=VECTOR('',#4131,10.);
#525=VECTOR('',#4134,10.);
#526=VECTOR('',#4137,10.);
#527=VECTOR('',#4138,10.);
#528=VECTOR('',#4139,10.);
#529=VECTOR('',#4140,10.);
#530=VECTOR('',#4143,10.);
#531=VECTOR('',#4144,10.);
#532=VECTOR('',#4145,10.);
#533=VECTOR('',#4148,10.);
#534=VECTOR('',#4149,10.);
#535=VECTOR('',#4150,10.);
#536=VECTOR('',#4153,10.);
#537=VECTOR('',#4154,10.);
#538=VECTOR('',#4155,10.);
#539=VECTOR('',#4156,10.);
#540=VECTOR('',#4159,10.);
#541=VECTOR('',#4160,10.);
#542=VECTOR('',#4161,10.);
#543=VECTOR('',#4164,10.);
#544=VECTOR('',#4165,10.);
#545=VECTOR('',#4166,10.);
#546=VECTOR('',#4169,10.);
#547=VECTOR('',#4170,10.);
#548=VECTOR('',#4171,10.);
#549=VECTOR('',#4172,10.);
#550=VECTOR('',#4175,10.);
#551=VECTOR('',#4176,10.);
#552=VECTOR('',#4177,10.);
#553=VECTOR('',#4180,10.);
#554=VECTOR('',#4181,10.);
#555=VECTOR('',#4182,10.);
#556=VECTOR('',#4185,10.);
#557=VECTOR('',#4186,10.);
#558=VECTOR('',#4187,10.);
#559=VECTOR('',#4188,10.);
#560=VECTOR('',#4191,10.);
#561=VECTOR('',#4192,10.);
#562=VECTOR('',#4193,10.);
#563=VECTOR('',#4196,10.);
#564=VECTOR('',#4197,10.);
#565=VECTOR('',#4198,10.);
#566=VECTOR('',#4201,10.);
#567=VECTOR('',#4202,10.);
#568=VECTOR('',#4203,10.);
#569=VECTOR('',#4204,10.);
#570=VECTOR('',#4207,10.);
#571=VECTOR('',#4208,10.);
#572=VECTOR('',#4209,10.);
#573=VECTOR('',#4212,10.);
#574=VECTOR('',#4213,10.);
#575=VECTOR('',#4214,10.);
#576=VECTOR('',#4217,10.);
#577=VECTOR('',#4218,10.);
#578=VECTOR('',#4219,10.);
#579=VECTOR('',#4220,10.);
#580=VECTOR('',#4223,10.);
#581=VECTOR('',#4224,10.);
#582=VECTOR('',#4225,10.);
#583=VECTOR('',#4228,10.);
#584=VECTOR('',#4229,10.);
#585=VECTOR('',#4230,10.);
#586=VECTOR('',#4233,10.);
#587=VECTOR('',#4234,10.);
#588=VECTOR('',#4235,10.);
#589=VECTOR('',#4236,10.);
#590=VECTOR('',#4239,10.);
#591=VECTOR('',#4240,10.);
#592=VECTOR('',#4241,10.);
#593=VECTOR('',#4244,10.);
#594=VECTOR('',#4245,10.);
#595=VECTOR('',#4246,10.);
#596=VECTOR('',#4249,10.);
#597=VECTOR('',#4250,10.);
#598=VECTOR('',#4251,10.);
#599=VECTOR('',#4252,10.);
#600=VECTOR('',#4255,10.);
#601=VECTOR('',#4256,10.);
#602=VECTOR('',#4257,10.);
#603=VECTOR('',#4260,10.);
#604=VECTOR('',#4261,10.);
#605=VECTOR('',#4262,10.);
#606=VECTOR('',#4265,10.);
#607=VECTOR('',#4266,10.);
#608=VECTOR('',#4267,10.);
#609=VECTOR('',#4268,10.);
#610=VECTOR('',#4271,10.);
#611=VECTOR('',#4272,10.);
#612=VECTOR('',#4273,10.);
#613=VECTOR('',#4276,10.);
#614=VECTOR('',#4277,10.);
#615=VECTOR('',#4278,10.);
#616=VECTOR('',#4281,10.);
#617=VECTOR('',#4282,10.);
#618=VECTOR('',#4283,10.);
#619=VECTOR('',#4284,10.);
#620=VECTOR('',#4287,10.);
#621=VECTOR('',#4288,10.);
#622=VECTOR('',#4289,10.);
#623=VECTOR('',#4292,10.);
#624=VECTOR('',#4293,10.);
#625=VECTOR('',#4294,10.);
#626=VECTOR('',#4297,10.);
#627=VECTOR('',#4298,10.);
#628=VECTOR('',#4299,10.);
#629=VECTOR('',#4300,10.);
#630=VECTOR('',#4303,10.);
#631=VECTOR('',#4304,10.);
#632=VECTOR('',#4305,10.);
#633=VECTOR('',#4308,10.);
#634=VECTOR('',#4309,10.);
#635=VECTOR('',#4310,10.);
#636=VECTOR('',#4313,10.);
#637=VECTOR('',#4314,10.);
#638=VECTOR('',#4315,10.);
#639=VECTOR('',#4316,10.);
#640=VECTOR('',#4319,10.);
#641=VECTOR('',#4320,10.);
#642=VECTOR('',#4321,10.);
#643=VECTOR('',#4324,10.);
#644=VECTOR('',#4325,10.);
#645=VECTOR('',#4326,10.);
#646=VECTOR('',#4329,10.);
#647=VECTOR('',#4330,10.);
#648=VECTOR('',#4331,10.);
#649=VECTOR('',#4332,10.);
#650=VECTOR('',#4335,10.);
#651=VECTOR('',#4336,10.);
#652=VECTOR('',#4337,10.);
#653=VECTOR('',#4340,10.);
#654=VECTOR('',#4341,10.);
#655=VECTOR('',#4342,10.);
#656=VECTOR('',#4345,10.);
#657=VECTOR('',#4346,10.);
#658=VECTOR('',#4347,10.);
#659=VECTOR('',#4348,10.);
#660=VECTOR('',#4351,10.);
#661=VECTOR('',#4352,10.);
#662=VECTOR('',#4353,10.);
#663=VECTOR('',#4356,10.);
#664=VECTOR('',#4357,10.);
#665=VECTOR('',#4358,10.);
#666=VECTOR('',#4361,10.);
#667=VECTOR('',#4362,10.);
#668=VECTOR('',#4363,10.);
#669=VECTOR('',#4364,10.);
#670=VECTOR('',#4367,10.);
#671=VECTOR('',#4368,10.);
#672=VECTOR('',#4369,10.);
#673=VECTOR('',#4372,10.);
#674=VECTOR('',#4373,10.);
#675=VECTOR('',#4374,10.);
#676=VECTOR('',#4377,10.);
#677=VECTOR('',#4378,10.);
#678=VECTOR('',#4379,10.);
#679=VECTOR('',#4380,10.);
#680=VECTOR('',#4383,10.);
#681=VECTOR('',#4384,10.);
#682=VECTOR('',#4385,10.);
#683=VECTOR('',#4388,10.);
#684=VECTOR('',#4389,10.);
#685=VECTOR('',#4390,10.);
#686=VECTOR('',#4393,10.);
#687=VECTOR('',#4394,10.);
#688=VECTOR('',#4395,10.);
#689=VECTOR('',#4396,10.);
#690=VECTOR('',#4399,10.);
#691=VECTOR('',#4400,10.);
#692=VECTOR('',#4401,10.);
#693=VECTOR('',#4404,10.);
#694=VECTOR('',#4405,10.);
#695=VECTOR('',#4406,10.);
#696=VECTOR('',#4409,10.);
#697=VECTOR('',#4410,10.);
#698=VECTOR('',#4411,10.);
#699=VECTOR('',#4412,10.);
#700=VECTOR('',#4415,10.);
#701=VECTOR('',#4416,10.);
#702=VECTOR('',#4417,10.);
#703=VECTOR('',#4420,10.);
#704=VECTOR('',#4421,10.);
#705=VECTOR('',#4422,10.);
#706=VECTOR('',#4425,10.);
#707=VECTOR('',#4426,10.);
#708=VECTOR('',#4427,10.);
#709=VECTOR('',#4428,10.);
#710=VECTOR('',#4431,10.);
#711=VECTOR('',#4432,10.);
#712=VECTOR('',#4433,10.);
#713=VECTOR('',#4436,10.);
#714=VECTOR('',#4437,10.);
#715=VECTOR('',#4438,10.);
#716=VECTOR('',#4441,10.);
#717=VECTOR('',#4442,10.);
#718=VECTOR('',#4443,10.);
#719=VECTOR('',#4444,10.);
#720=VECTOR('',#4447,10.);
#721=VECTOR('',#4448,10.);
#722=VECTOR('',#4449,10.);
#723=VECTOR('',#4452,10.);
#724=VECTOR('',#4453,10.);
#725=VECTOR('',#4454,10.);
#726=VECTOR('',#4457,10.);
#727=VECTOR('',#4458,10.);
#728=VECTOR('',#4459,10.);
#729=VECTOR('',#4460,10.);
#730=VECTOR('',#4463,10.);
#731=VECTOR('',#4464,10.);
#732=VECTOR('',#4465,10.);
#733=VECTOR('',#4468,10.);
#734=VECTOR('',#4469,10.);
#735=VECTOR('',#4470,10.);
#736=VECTOR('',#4473,10.);
#737=VECTOR('',#4474,10.);
#738=VECTOR('',#4475,10.);
#739=VECTOR('',#4476,10.);
#740=VECTOR('',#4479,10.);
#741=VECTOR('',#4480,10.);
#742=VECTOR('',#4481,10.);
#743=VECTOR('',#4484,10.);
#744=VECTOR('',#4485,10.);
#745=VECTOR('',#4486,10.);
#746=VECTOR('',#4489,10.);
#747=VECTOR('',#4490,10.);
#748=VECTOR('',#4491,10.);
#749=VECTOR('',#4492,10.);
#750=VECTOR('',#4495,10.);
#751=VECTOR('',#4496,10.);
#752=VECTOR('',#4497,10.);
#753=VECTOR('',#4500,10.);
#754=VECTOR('',#4501,10.);
#755=VECTOR('',#4502,10.);
#756=VECTOR('',#4505,10.);
#757=VECTOR('',#4506,10.);
#758=VECTOR('',#4507,10.);
#759=VECTOR('',#4508,10.);
#760=VECTOR('',#4511,10.);
#761=VECTOR('',#4512,10.);
#762=VECTOR('',#4513,10.);
#763=VECTOR('',#4516,10.);
#764=VECTOR('',#4517,10.);
#765=VECTOR('',#4518,10.);
#766=VECTOR('',#4521,10.);
#767=VECTOR('',#4522,10.);
#768=VECTOR('',#4523,10.);
#769=VECTOR('',#4524,10.);
#770=VECTOR('',#4527,10.);
#771=VECTOR('',#4528,10.);
#772=VECTOR('',#4529,10.);
#773=VECTOR('',#4532,10.);
#774=VECTOR('',#4533,10.);
#775=VECTOR('',#4534,10.);
#776=VECTOR('',#4537,10.);
#777=VECTOR('',#4538,10.);
#778=VECTOR('',#4539,10.);
#779=VECTOR('',#4540,10.);
#780=VECTOR('',#4543,10.);
#781=VECTOR('',#4544,10.);
#782=VECTOR('',#4545,10.);
#783=VECTOR('',#4548,10.);
#784=VECTOR('',#4549,10.);
#785=VECTOR('',#4550,10.);
#786=VECTOR('',#4553,10.);
#787=VECTOR('',#4554,10.);
#788=VECTOR('',#4555,10.);
#789=VECTOR('',#4556,10.);
#790=VECTOR('',#4559,10.);
#791=VECTOR('',#4560,10.);
#792=VECTOR('',#4561,10.);
#793=VECTOR('',#4564,10.);
#794=VECTOR('',#4565,10.);
#795=VECTOR('',#4566,10.);
#796=VECTOR('',#4569,10.);
#797=VECTOR('',#4570,10.);
#798=VECTOR('',#4571,10.);
#799=VECTOR('',#4572,10.);
#800=VECTOR('',#4575,10.);
#801=VECTOR('',#4576,10.);
#802=VECTOR('',#4577,10.);
#803=VECTOR('',#4580,10.);
#804=VECTOR('',#4581,10.);
#805=VECTOR('',#4582,10.);
#806=VECTOR('',#4585,10.);
#807=VECTOR('',#4586,10.);
#808=VECTOR('',#4587,10.);
#809=VECTOR('',#4588,10.);
#810=VECTOR('',#4591,10.);
#811=VECTOR('',#4592,10.);
#812=VECTOR('',#4593,10.);
#813=VECTOR('',#4596,10.);
#814=VECTOR('',#4597,10.);
#815=VECTOR('',#4598,10.);
#816=VECTOR('',#4601,10.);
#817=VECTOR('',#4602,10.);
#818=VECTOR('',#4603,10.);
#819=VECTOR('',#4604,10.);
#820=VECTOR('',#4607,10.);
#821=VECTOR('',#4608,10.);
#822=VECTOR('',#4609,10.);
#823=VECTOR('',#4612,10.);
#824=VECTOR('',#4613,10.);
#825=VECTOR('',#4614,10.);
#826=VECTOR('',#4617,10.);
#827=VECTOR('',#4618,10.);
#828=VECTOR('',#4619,10.);
#829=VECTOR('',#4620,10.);
#830=VECTOR('',#4623,10.);
#831=VECTOR('',#4624,10.);
#832=VECTOR('',#4625,10.);
#833=VECTOR('',#4628,10.);
#834=VECTOR('',#4629,10.);
#835=VECTOR('',#4630,10.);
#836=VECTOR('',#4633,10.);
#837=VECTOR('',#4634,10.);
#838=VECTOR('',#4635,10.);
#839=VECTOR('',#4636,10.);
#840=VECTOR('',#4639,10.);
#841=VECTOR('',#4640,10.);
#842=VECTOR('',#4641,10.);
#843=VECTOR('',#4644,10.);
#844=VECTOR('',#4645,10.);
#845=VECTOR('',#4646,10.);
#846=VECTOR('',#4649,10.);
#847=VECTOR('',#4650,10.);
#848=VECTOR('',#4651,10.);
#849=VECTOR('',#4652,10.);
#850=VECTOR('',#4655,10.);
#851=VECTOR('',#4656,10.);
#852=VECTOR('',#4657,10.);
#853=VECTOR('',#4660,10.);
#854=VECTOR('',#4661,10.);
#855=VECTOR('',#4662,10.);
#856=VECTOR('',#4665,10.);
#857=VECTOR('',#4666,10.);
#858=VECTOR('',#4667,10.);
#859=VECTOR('',#4668,10.);
#860=VECTOR('',#4671,10.);
#861=VECTOR('',#4672,10.);
#862=VECTOR('',#4673,10.);
#863=VECTOR('',#4676,10.);
#864=VECTOR('',#4677,10.);
#865=VECTOR('',#4678,10.);
#866=VECTOR('',#4681,10.);
#867=VECTOR('',#4682,10.);
#868=VECTOR('',#4683,10.);
#869=VECTOR('',#4684,10.);
#870=VECTOR('',#4687,10.);
#871=VECTOR('',#4688,10.);
#872=VECTOR('',#4689,10.);
#873=VECTOR('',#4692,10.);
#874=VECTOR('',#4693,10.);
#875=VECTOR('',#4694,10.);
#876=VECTOR('',#4697,10.);
#877=VECTOR('',#4698,10.);
#878=VECTOR('',#4699,10.);
#879=VECTOR('',#4700,10.);
#880=VECTOR('',#4703,10.);
#881=VECTOR('',#4704,10.);
#882=VECTOR('',#4705,10.);
#883=VECTOR('',#4708,10.);
#884=VECTOR('',#4709,10.);
#885=VECTOR('',#4710,10.);
#886=VECTOR('',#4713,10.);
#887=VECTOR('',#4714,10.);
#888=VECTOR('',#4715,10.);
#889=VECTOR('',#4716,10.);
#890=VECTOR('',#4719,10.);
#891=VECTOR('',#4720,10.);
#892=VECTOR('',#4721,10.);
#893=VECTOR('',#4724,10.);
#894=VECTOR('',#4725,10.);
#895=VECTOR('',#4726,10.);
#896=VECTOR('',#4729,10.);
#897=VECTOR('',#4730,10.);
#898=VECTOR('',#4731,10.);
#899=VECTOR('',#4732,10.);
#900=VECTOR('',#4735,10.);
#901=VECTOR('',#4736,10.);
#902=VECTOR('',#4737,10.);
#903=VECTOR('',#4740,10.);
#904=VECTOR('',#4741,10.);
#905=VECTOR('',#4742,10.);
#906=VECTOR('',#4745,10.);
#907=VECTOR('',#4746,10.);
#908=VECTOR('',#4747,10.);
#909=VECTOR('',#4748,10.);
#910=VECTOR('',#4751,10.);
#911=VECTOR('',#4752,10.);
#912=VECTOR('',#4753,10.);
#913=VECTOR('',#4756,10.);
#914=VECTOR('',#4757,10.);
#915=VECTOR('',#4758,10.);
#916=VECTOR('',#4761,10.);
#917=VECTOR('',#4762,10.);
#918=VECTOR('',#4763,10.);
#919=VECTOR('',#4764,10.);
#920=VECTOR('',#4767,10.);
#921=VECTOR('',#4768,10.);
#922=VECTOR('',#4769,10.);
#923=VECTOR('',#4772,10.);
#924=VECTOR('',#4773,10.);
#925=VECTOR('',#4774,10.);
#926=VECTOR('',#4777,10.);
#927=VECTOR('',#4778,10.);
#928=VECTOR('',#4779,10.);
#929=VECTOR('',#4780,10.);
#930=VECTOR('',#4783,10.);
#931=VECTOR('',#4784,10.);
#932=VECTOR('',#4785,10.);
#933=VECTOR('',#4788,10.);
#934=VECTOR('',#4789,10.);
#935=VECTOR('',#4790,10.);
#936=VECTOR('',#4793,10.);
#937=VECTOR('',#4794,10.);
#938=VECTOR('',#4795,10.);
#939=VECTOR('',#4796,10.);
#940=VECTOR('',#4799,10.);
#941=VECTOR('',#4800,10.);
#942=VECTOR('',#4801,10.);
#943=VECTOR('',#4804,10.);
#944=VECTOR('',#4805,10.);
#945=VECTOR('',#4806,10.);
#946=VECTOR('',#4809,10.);
#947=VECTOR('',#4810,10.);
#948=VECTOR('',#4811,10.);
#949=VECTOR('',#4812,10.);
#950=VECTOR('',#4815,10.);
#951=VECTOR('',#4816,10.);
#952=VECTOR('',#4817,10.);
#953=VECTOR('',#4820,10.);
#954=VECTOR('',#4821,10.);
#955=VECTOR('',#4822,10.);
#956=VECTOR('',#4825,10.);
#957=VECTOR('',#4826,10.);
#958=VECTOR('',#4827,10.);
#959=VECTOR('',#4828,10.);
#960=VECTOR('',#4831,10.);
#961=VECTOR('',#4832,10.);
#962=VECTOR('',#4833,10.);
#963=VECTOR('',#4836,10.);
#964=VECTOR('',#4837,10.);
#965=VECTOR('',#4838,10.);
#966=VECTOR('',#4929,10.);
#967=VECTOR('',#4930,10.);
#968=VECTOR('',#4931,10.);
#969=VECTOR('',#4940,10.);
#970=VECTOR('',#5115,10.);
#971=VECTOR('',#5116,10.);
#972=VECTOR('',#5117,10.);
#973=VECTOR('',#5120,10.);
#974=VECTOR('',#5121,10.);
#975=VECTOR('',#5124,10.);
#976=VECTOR('',#5129,10.);
#977=VECTOR('',#5130,10.);
#978=VECTOR('',#5133,10.);
#979=VECTOR('',#5134,10.);
#980=VECTOR('',#5137,4.99999999999999);
#981=VECTOR('',#5142,10.);
#982=VECTOR('',#5145,10.);
#983=FACE_OUTER_BOUND('',#1172,.T.);
#984=FACE_OUTER_BOUND('',#1174,.T.);
#985=FACE_OUTER_BOUND('',#1175,.T.);
#986=FACE_OUTER_BOUND('',#1176,.T.);
#987=FACE_OUTER_BOUND('',#1177,.T.);
#988=FACE_OUTER_BOUND('',#1178,.T.);
#989=FACE_OUTER_BOUND('',#1179,.T.);
#990=FACE_OUTER_BOUND('',#1180,.T.);
#991=FACE_OUTER_BOUND('',#1181,.T.);
#992=FACE_OUTER_BOUND('',#1182,.T.);
#993=FACE_OUTER_BOUND('',#1183,.T.);
#994=FACE_OUTER_BOUND('',#1184,.T.);
#995=FACE_OUTER_BOUND('',#1185,.T.);
#996=FACE_OUTER_BOUND('',#1186,.T.);
#997=FACE_OUTER_BOUND('',#1187,.T.);
#998=FACE_OUTER_BOUND('',#1188,.T.);
#999=FACE_OUTER_BOUND('',#1189,.T.);
#1000=FACE_OUTER_BOUND('',#1190,.T.);
#1001=FACE_OUTER_BOUND('',#1191,.T.);
#1002=FACE_OUTER_BOUND('',#1192,.T.);
#1003=FACE_OUTER_BOUND('',#1193,.T.);
#1004=FACE_OUTER_BOUND('',#1194,.T.);
#1005=FACE_OUTER_BOUND('',#1195,.T.);
#1006=FACE_OUTER_BOUND('',#1196,.T.);
#1007=FACE_OUTER_BOUND('',#1197,.T.);
#1008=FACE_OUTER_BOUND('',#1198,.T.);
#1009=FACE_OUTER_BOUND('',#1199,.T.);
#1010=FACE_OUTER_BOUND('',#1200,.T.);
#1011=FACE_OUTER_BOUND('',#1201,.T.);
#1012=FACE_OUTER_BOUND('',#1202,.T.);
#1013=FACE_OUTER_BOUND('',#1203,.T.);
#1014=FACE_OUTER_BOUND('',#1204,.T.);
#1015=FACE_OUTER_BOUND('',#1205,.T.);
#1016=FACE_OUTER_BOUND('',#1206,.T.);
#1017=FACE_OUTER_BOUND('',#1207,.T.);
#1018=FACE_OUTER_BOUND('',#1208,.T.);
#1019=FACE_OUTER_BOUND('',#1209,.T.);
#1020=FACE_OUTER_BOUND('',#1210,.T.);
#1021=FACE_OUTER_BOUND('',#1211,.T.);
#1022=FACE_OUTER_BOUND('',#1212,.T.);
#1023=FACE_OUTER_BOUND('',#1213,.T.);
#1024=FACE_OUTER_BOUND('',#1214,.T.);
#1025=FACE_OUTER_BOUND('',#1215,.T.);
#1026=FACE_OUTER_BOUND('',#1216,.T.);
#1027=FACE_OUTER_BOUND('',#1217,.T.);
#1028=FACE_OUTER_BOUND('',#1218,.T.);
#1029=FACE_OUTER_BOUND('',#1219,.T.);
#1030=FACE_OUTER_BOUND('',#1220,.T.);
#1031=FACE_OUTER_BOUND('',#1221,.T.);
#1032=FACE_OUTER_BOUND('',#1222,.T.);
#1033=FACE_OUTER_BOUND('',#1223,.T.);
#1034=FACE_OUTER_BOUND('',#1224,.T.);
#1035=FACE_OUTER_BOUND('',#1225,.T.);
#1036=FACE_OUTER_BOUND('',#1226,.T.);
#1037=FACE_OUTER_BOUND('',#1227,.T.);
#1038=FACE_OUTER_BOUND('',#1228,.T.);
#1039=FACE_OUTER_BOUND('',#1229,.T.);
#1040=FACE_OUTER_BOUND('',#1230,.T.);
#1041=FACE_OUTER_BOUND('',#1231,.T.);
#1042=FACE_OUTER_BOUND('',#1232,.T.);
#1043=FACE_OUTER_BOUND('',#1233,.T.);
#1044=FACE_OUTER_BOUND('',#1234,.T.);
#1045=FACE_OUTER_BOUND('',#1235,.T.);
#1046=FACE_OUTER_BOUND('',#1236,.T.);
#1047=FACE_OUTER_BOUND('',#1237,.T.);
#1048=FACE_OUTER_BOUND('',#1238,.T.);
#1049=FACE_OUTER_BOUND('',#1239,.T.);
#1050=FACE_OUTER_BOUND('',#1240,.T.);
#1051=FACE_OUTER_BOUND('',#1241,.T.);
#1052=FACE_OUTER_BOUND('',#1242,.T.);
#1053=FACE_OUTER_BOUND('',#1243,.T.);
#1054=FACE_OUTER_BOUND('',#1244,.T.);
#1055=FACE_OUTER_BOUND('',#1245,.T.);
#1056=FACE_OUTER_BOUND('',#1246,.T.);
#1057=FACE_OUTER_BOUND('',#1247,.T.);
#1058=FACE_OUTER_BOUND('',#1248,.T.);
#1059=FACE_OUTER_BOUND('',#1249,.T.);
#1060=FACE_OUTER_BOUND('',#1250,.T.);
#1061=FACE_OUTER_BOUND('',#1251,.T.);
#1062=FACE_OUTER_BOUND('',#1252,.T.);
#1063=FACE_OUTER_BOUND('',#1253,.T.);
#1064=FACE_OUTER_BOUND('',#1254,.T.);
#1065=FACE_OUTER_BOUND('',#1255,.T.);
#1066=FACE_OUTER_BOUND('',#1256,.T.);
#1067=FACE_OUTER_BOUND('',#1257,.T.);
#1068=FACE_OUTER_BOUND('',#1258,.T.);
#1069=FACE_OUTER_BOUND('',#1259,.T.);
#1070=FACE_OUTER_BOUND('',#1260,.T.);
#1071=FACE_OUTER_BOUND('',#1261,.T.);
#1072=FACE_OUTER_BOUND('',#1262,.T.);
#1073=FACE_OUTER_BOUND('',#1263,.T.);
#1074=FACE_OUTER_BOUND('',#1264,.T.);
#1075=FACE_OUTER_BOUND('',#1265,.T.);
#1076=FACE_OUTER_BOUND('',#1266,.T.);
#1077=FACE_OUTER_BOUND('',#1267,.T.);
#1078=FACE_OUTER_BOUND('',#1268,.T.);
#1079=FACE_OUTER_BOUND('',#1269,.T.);
#1080=FACE_OUTER_BOUND('',#1270,.T.);
#1081=FACE_OUTER_BOUND('',#1271,.T.);
#1082=FACE_OUTER_BOUND('',#1272,.T.);
#1083=FACE_OUTER_BOUND('',#1273,.T.);
#1084=FACE_OUTER_BOUND('',#1274,.T.);
#1085=FACE_OUTER_BOUND('',#1275,.T.);
#1086=FACE_OUTER_BOUND('',#1276,.T.);
#1087=FACE_OUTER_BOUND('',#1277,.T.);
#1088=FACE_OUTER_BOUND('',#1278,.T.);
#1089=FACE_OUTER_BOUND('',#1279,.T.);
#1090=FACE_OUTER_BOUND('',#1280,.T.);
#1091=FACE_OUTER_BOUND('',#1281,.T.);
#1092=FACE_OUTER_BOUND('',#1282,.T.);
#1093=FACE_OUTER_BOUND('',#1283,.T.);
#1094=FACE_OUTER_BOUND('',#1284,.T.);
#1095=FACE_OUTER_BOUND('',#1285,.T.);
#1096=FACE_OUTER_BOUND('',#1286,.T.);
#1097=FACE_OUTER_BOUND('',#1287,.T.);
#1098=FACE_OUTER_BOUND('',#1288,.T.);
#1099=FACE_OUTER_BOUND('',#1289,.T.);
#1100=FACE_OUTER_BOUND('',#1290,.T.);
#1101=FACE_OUTER_BOUND('',#1291,.T.);
#1102=FACE_OUTER_BOUND('',#1292,.T.);
#1103=FACE_OUTER_BOUND('',#1293,.T.);
#1104=FACE_OUTER_BOUND('',#1294,.T.);
#1105=FACE_OUTER_BOUND('',#1295,.T.);
#1106=FACE_OUTER_BOUND('',#1296,.T.);
#1107=FACE_OUTER_BOUND('',#1297,.T.);
#1108=FACE_OUTER_BOUND('',#1298,.T.);
#1109=FACE_OUTER_BOUND('',#1299,.T.);
#1110=FACE_OUTER_BOUND('',#1300,.T.);
#1111=FACE_OUTER_BOUND('',#1301,.T.);
#1112=FACE_OUTER_BOUND('',#1302,.T.);
#1113=FACE_OUTER_BOUND('',#1303,.T.);
#1114=FACE_OUTER_BOUND('',#1304,.T.);
#1115=FACE_OUTER_BOUND('',#1305,.T.);
#1116=FACE_OUTER_BOUND('',#1306,.T.);
#1117=FACE_OUTER_BOUND('',#1308,.T.);
#1118=FACE_OUTER_BOUND('',#1309,.T.);
#1119=FACE_OUTER_BOUND('',#1310,.T.);
#1120=FACE_OUTER_BOUND('',#1311,.T.);
#1121=FACE_OUTER_BOUND('',#1312,.T.);
#1122=FACE_OUTER_BOUND('',#1313,.T.);
#1123=FACE_OUTER_BOUND('',#1314,.T.);
#1124=FACE_OUTER_BOUND('',#1315,.T.);
#1125=FACE_OUTER_BOUND('',#1316,.T.);
#1126=FACE_OUTER_BOUND('',#1317,.T.);
#1127=FACE_OUTER_BOUND('',#1318,.T.);
#1128=FACE_OUTER_BOUND('',#1319,.T.);
#1129=FACE_OUTER_BOUND('',#1320,.T.);
#1130=FACE_OUTER_BOUND('',#1321,.T.);
#1131=FACE_OUTER_BOUND('',#1322,.T.);
#1132=FACE_OUTER_BOUND('',#1323,.T.);
#1133=FACE_OUTER_BOUND('',#1324,.T.);
#1134=FACE_OUTER_BOUND('',#1325,.T.);
#1135=FACE_OUTER_BOUND('',#1326,.T.);
#1136=FACE_OUTER_BOUND('',#1327,.T.);
#1137=FACE_OUTER_BOUND('',#1328,.T.);
#1138=FACE_OUTER_BOUND('',#1329,.T.);
#1139=FACE_OUTER_BOUND('',#1330,.T.);
#1140=FACE_OUTER_BOUND('',#1331,.T.);
#1141=FACE_OUTER_BOUND('',#1332,.T.);
#1142=FACE_OUTER_BOUND('',#1333,.T.);
#1143=FACE_OUTER_BOUND('',#1334,.T.);
#1144=FACE_OUTER_BOUND('',#1335,.T.);
#1145=FACE_OUTER_BOUND('',#1336,.T.);
#1146=FACE_OUTER_BOUND('',#1337,.T.);
#1147=FACE_OUTER_BOUND('',#1338,.T.);
#1148=FACE_OUTER_BOUND('',#1339,.T.);
#1149=FACE_OUTER_BOUND('',#1340,.T.);
#1150=FACE_OUTER_BOUND('',#1341,.T.);
#1151=FACE_OUTER_BOUND('',#1342,.T.);
#1152=FACE_OUTER_BOUND('',#1343,.T.);
#1153=FACE_OUTER_BOUND('',#1344,.T.);
#1154=FACE_OUTER_BOUND('',#1345,.T.);
#1155=FACE_OUTER_BOUND('',#1346,.T.);
#1156=FACE_OUTER_BOUND('',#1347,.T.);
#1157=FACE_OUTER_BOUND('',#1348,.T.);
#1158=FACE_OUTER_BOUND('',#1349,.T.);
#1159=FACE_OUTER_BOUND('',#1350,.T.);
#1160=FACE_OUTER_BOUND('',#1351,.T.);
#1161=FACE_OUTER_BOUND('',#1352,.T.);
#1162=FACE_OUTER_BOUND('',#1353,.T.);
#1163=FACE_OUTER_BOUND('',#1354,.T.);
#1164=FACE_OUTER_BOUND('',#1355,.T.);
#1165=FACE_OUTER_BOUND('',#1356,.T.);
#1166=FACE_OUTER_BOUND('',#1357,.T.);
#1167=FACE_OUTER_BOUND('',#1358,.T.);
#1168=FACE_OUTER_BOUND('',#1359,.T.);
#1169=FACE_OUTER_BOUND('',#1360,.T.);
#1170=FACE_OUTER_BOUND('',#1361,.T.);
#1171=FACE_OUTER_BOUND('',#1362,.T.);
#1172=EDGE_LOOP('',(#2384));
#1173=EDGE_LOOP('',(#2385,#2386,#2387,#2388));
#1174=EDGE_LOOP('',(#2389,#2390,#2391,#2392));
#1175=EDGE_LOOP('',(#2393,#2394,#2395,#2396));
#1176=EDGE_LOOP('',(#2397,#2398,#2399,#2400));
#1177=EDGE_LOOP('',(#2401,#2402,#2403,#2404));
#1178=EDGE_LOOP('',(#2405,#2406,#2407,#2408));
#1179=EDGE_LOOP('',(#2409,#2410,#2411,#2412));
#1180=EDGE_LOOP('',(#2413,#2414,#2415,#2416));
#1181=EDGE_LOOP('',(#2417,#2418,#2419,#2420));
#1182=EDGE_LOOP('',(#2421,#2422,#2423,#2424));
#1183=EDGE_LOOP('',(#2425,#2426,#2427,#2428));
#1184=EDGE_LOOP('',(#2429,#2430,#2431,#2432));
#1185=EDGE_LOOP('',(#2433,#2434,#2435,#2436));
#1186=EDGE_LOOP('',(#2437,#2438,#2439,#2440));
#1187=EDGE_LOOP('',(#2441,#2442,#2443,#2444));
#1188=EDGE_LOOP('',(#2445,#2446,#2447,#2448));
#1189=EDGE_LOOP('',(#2449,#2450,#2451,#2452));
#1190=EDGE_LOOP('',(#2453,#2454,#2455,#2456));
#1191=EDGE_LOOP('',(#2457,#2458,#2459,#2460));
#1192=EDGE_LOOP('',(#2461,#2462,#2463,#2464));
#1193=EDGE_LOOP('',(#2465,#2466,#2467,#2468));
#1194=EDGE_LOOP('',(#2469,#2470,#2471,#2472));
#1195=EDGE_LOOP('',(#2473,#2474,#2475,#2476));
#1196=EDGE_LOOP('',(#2477,#2478,#2479,#2480));
#1197=EDGE_LOOP('',(#2481,#2482,#2483,#2484));
#1198=EDGE_LOOP('',(#2485,#2486,#2487,#2488));
#1199=EDGE_LOOP('',(#2489,#2490,#2491,#2492));
#1200=EDGE_LOOP('',(#2493,#2494,#2495,#2496));
#1201=EDGE_LOOP('',(#2497,#2498,#2499,#2500));
#1202=EDGE_LOOP('',(#2501,#2502,#2503,#2504));
#1203=EDGE_LOOP('',(#2505,#2506,#2507,#2508));
#1204=EDGE_LOOP('',(#2509,#2510,#2511,#2512));
#1205=EDGE_LOOP('',(#2513,#2514,#2515,#2516));
#1206=EDGE_LOOP('',(#2517,#2518,#2519,#2520));
#1207=EDGE_LOOP('',(#2521,#2522,#2523,#2524));
#1208=EDGE_LOOP('',(#2525,#2526,#2527,#2528));
#1209=EDGE_LOOP('',(#2529,#2530,#2531,#2532));
#1210=EDGE_LOOP('',(#2533,#2534,#2535,#2536));
#1211=EDGE_LOOP('',(#2537,#2538,#2539,#2540));
#1212=EDGE_LOOP('',(#2541,#2542,#2543,#2544));
#1213=EDGE_LOOP('',(#2545,#2546,#2547,#2548));
#1214=EDGE_LOOP('',(#2549,#2550,#2551,#2552));
#1215=EDGE_LOOP('',(#2553,#2554,#2555,#2556));
#1216=EDGE_LOOP('',(#2557,#2558,#2559,#2560));
#1217=EDGE_LOOP('',(#2561,#2562,#2563,#2564));
#1218=EDGE_LOOP('',(#2565,#2566,#2567,#2568));
#1219=EDGE_LOOP('',(#2569,#2570,#2571,#2572));
#1220=EDGE_LOOP('',(#2573,#2574,#2575,#2576));
#1221=EDGE_LOOP('',(#2577,#2578,#2579,#2580));
#1222=EDGE_LOOP('',(#2581,#2582,#2583,#2584));
#1223=EDGE_LOOP('',(#2585,#2586,#2587,#2588));
#1224=EDGE_LOOP('',(#2589,#2590,#2591,#2592));
#1225=EDGE_LOOP('',(#2593,#2594,#2595,#2596));
#1226=EDGE_LOOP('',(#2597,#2598,#2599,#2600));
#1227=EDGE_LOOP('',(#2601,#2602,#2603,#2604));
#1228=EDGE_LOOP('',(#2605,#2606,#2607,#2608));
#1229=EDGE_LOOP('',(#2609,#2610,#2611,#2612));
#1230=EDGE_LOOP('',(#2613,#2614,#2615,#2616));
#1231=EDGE_LOOP('',(#2617,#2618,#2619,#2620));
#1232=EDGE_LOOP('',(#2621,#2622,#2623,#2624));
#1233=EDGE_LOOP('',(#2625,#2626,#2627,#2628));
#1234=EDGE_LOOP('',(#2629,#2630,#2631,#2632));
#1235=EDGE_LOOP('',(#2633,#2634,#2635,#2636));
#1236=EDGE_LOOP('',(#2637,#2638,#2639,#2640));
#1237=EDGE_LOOP('',(#2641,#2642,#2643,#2644));
#1238=EDGE_LOOP('',(#2645,#2646,#2647,#2648));
#1239=EDGE_LOOP('',(#2649,#2650,#2651,#2652));
#1240=EDGE_LOOP('',(#2653,#2654,#2655,#2656));
#1241=EDGE_LOOP('',(#2657,#2658,#2659,#2660));
#1242=EDGE_LOOP('',(#2661,#2662,#2663,#2664));
#1243=EDGE_LOOP('',(#2665,#2666,#2667,#2668));
#1244=EDGE_LOOP('',(#2669,#2670,#2671,#2672));
#1245=EDGE_LOOP('',(#2673,#2674,#2675,#2676));
#1246=EDGE_LOOP('',(#2677,#2678,#2679,#2680));
#1247=EDGE_LOOP('',(#2681,#2682,#2683,#2684));
#1248=EDGE_LOOP('',(#2685,#2686,#2687,#2688));
#1249=EDGE_LOOP('',(#2689,#2690,#2691,#2692));
#1250=EDGE_LOOP('',(#2693,#2694,#2695,#2696));
#1251=EDGE_LOOP('',(#2697,#2698,#2699,#2700));
#1252=EDGE_LOOP('',(#2701,#2702,#2703,#2704));
#1253=EDGE_LOOP('',(#2705,#2706,#2707,#2708));
#1254=EDGE_LOOP('',(#2709,#2710,#2711,#2712));
#1255=EDGE_LOOP('',(#2713,#2714,#2715,#2716));
#1256=EDGE_LOOP('',(#2717,#2718,#2719,#2720));
#1257=EDGE_LOOP('',(#2721,#2722,#2723,#2724));
#1258=EDGE_LOOP('',(#2725,#2726,#2727,#2728));
#1259=EDGE_LOOP('',(#2729,#2730,#2731,#2732));
#1260=EDGE_LOOP('',(#2733,#2734,#2735,#2736));
#1261=EDGE_LOOP('',(#2737,#2738,#2739,#2740));
#1262=EDGE_LOOP('',(#2741,#2742,#2743,#2744));
#1263=EDGE_LOOP('',(#2745,#2746,#2747,#2748));
#1264=EDGE_LOOP('',(#2749,#2750,#2751,#2752));
#1265=EDGE_LOOP('',(#2753,#2754,#2755,#2756));
#1266=EDGE_LOOP('',(#2757,#2758,#2759,#2760));
#1267=EDGE_LOOP('',(#2761,#2762,#2763,#2764));
#1268=EDGE_LOOP('',(#2765,#2766,#2767,#2768));
#1269=EDGE_LOOP('',(#2769,#2770,#2771,#2772));
#1270=EDGE_LOOP('',(#2773,#2774,#2775,#2776));
#1271=EDGE_LOOP('',(#2777,#2778,#2779,#2780));
#1272=EDGE_LOOP('',(#2781,#2782,#2783,#2784));
#1273=EDGE_LOOP('',(#2785,#2786,#2787,#2788));
#1274=EDGE_LOOP('',(#2789,#2790,#2791,#2792));
#1275=EDGE_LOOP('',(#2793,#2794,#2795,#2796));
#1276=EDGE_LOOP('',(#2797,#2798,#2799,#2800));
#1277=EDGE_LOOP('',(#2801,#2802,#2803,#2804));
#1278=EDGE_LOOP('',(#2805,#2806,#2807,#2808));
#1279=EDGE_LOOP('',(#2809,#2810,#2811,#2812));
#1280=EDGE_LOOP('',(#2813,#2814,#2815,#2816));
#1281=EDGE_LOOP('',(#2817,#2818,#2819,#2820));
#1282=EDGE_LOOP('',(#2821,#2822,#2823,#2824));
#1283=EDGE_LOOP('',(#2825,#2826,#2827,#2828));
#1284=EDGE_LOOP('',(#2829,#2830,#2831,#2832));
#1285=EDGE_LOOP('',(#2833,#2834,#2835,#2836));
#1286=EDGE_LOOP('',(#2837,#2838,#2839,#2840));
#1287=EDGE_LOOP('',(#2841,#2842,#2843,#2844));
#1288=EDGE_LOOP('',(#2845,#2846,#2847,#2848));
#1289=EDGE_LOOP('',(#2849,#2850,#2851,#2852));
#1290=EDGE_LOOP('',(#2853,#2854,#2855,#2856));
#1291=EDGE_LOOP('',(#2857,#2858,#2859,#2860));
#1292=EDGE_LOOP('',(#2861,#2862,#2863,#2864));
#1293=EDGE_LOOP('',(#2865,#2866,#2867,#2868));
#1294=EDGE_LOOP('',(#2869,#2870,#2871,#2872));
#1295=EDGE_LOOP('',(#2873,#2874,#2875,#2876));
#1296=EDGE_LOOP('',(#2877,#2878,#2879,#2880));
#1297=EDGE_LOOP('',(#2881,#2882,#2883,#2884));
#1298=EDGE_LOOP('',(#2885,#2886,#2887,#2888));
#1299=EDGE_LOOP('',(#2889,#2890,#2891,#2892));
#1300=EDGE_LOOP('',(#2893,#2894,#2895,#2896));
#1301=EDGE_LOOP('',(#2897,#2898,#2899,#2900));
#1302=EDGE_LOOP('',(#2901,#2902,#2903,#2904));
#1303=EDGE_LOOP('',(#2905,#2906,#2907,#2908));
#1304=EDGE_LOOP('',(#2909,#2910,#2911,#2912));
#1305=EDGE_LOOP('',(#2913,#2914,#2915,#2916));
#1306=EDGE_LOOP('',(#2917,#2918,#2919,#2920,#2921,#2922,#2923,#2924,#2925,
#2926,#2927,#2928,#2929,#2930,#2931,#2932,#2933,#2934,#2935,#2936,#2937,
#2938,#2939,#2940,#2941,#2942,#2943,#2944,#2945,#2946,#2947,#2948,#2949,
#2950,#2951,#2952,#2953,#2954,#2955,#2956,#2957,#2958,#2959,#2960,#2961,
#2962,#2963,#2964,#2965,#2966,#2967,#2968,#2969,#2970,#2971,#2972,#2973,
#2974,#2975,#2976,#2977,#2978,#2979,#2980,#2981,#2982,#2983,#2984,#2985,
#2986,#2987,#2988,#2989,#2990,#2991,#2992,#2993,#2994,#2995,#2996,#2997,
#2998,#2999,#3000,#3001,#3002,#3003,#3004,#3005,#3006,#3007,#3008,#3009,
#3010,#3011,#3012,#3013,#3014,#3015,#3016,#3017,#3018,#3019,#3020,#3021,
#3022,#3023,#3024,#3025,#3026,#3027,#3028,#3029,#3030,#3031,#3032,#3033,
#3034,#3035,#3036,#3037,#3038,#3039,#3040,#3041,#3042,#3043,#3044,#3045,
#3046,#3047,#3048,#3049,#3050,#3051,#3052,#3053,#3054,#3055,#3056,#3057,
#3058,#3059,#3060,#3061,#3062,#3063,#3064,#3065,#3066,#3067,#3068,#3069,
#3070,#3071,#3072,#3073,#3074,#3075,#3076,#3077,#3078,#3079,#3080,#3081,
#3082,#3083,#3084,#3085,#3086,#3087,#3088,#3089,#3090,#3091,#3092,#3093,
#3094,#3095,#3096));
#1307=EDGE_LOOP('',(#3097));
#1308=EDGE_LOOP('',(#3098,#3099,#3100,#3101));
#1309=EDGE_LOOP('',(#3102,#3103,#3104,#3105));
#1310=EDGE_LOOP('',(#3106,#3107,#3108,#3109));
#1311=EDGE_LOOP('',(#3110,#3111,#3112,#3113));
#1312=EDGE_LOOP('',(#3114,#3115,#3116,#3117));
#1313=EDGE_LOOP('',(#3118,#3119,#3120,#3121));
#1314=EDGE_LOOP('',(#3122,#3123,#3124,#3125));
#1315=EDGE_LOOP('',(#3126,#3127,#3128,#3129));
#1316=EDGE_LOOP('',(#3130,#3131,#3132,#3133));
#1317=EDGE_LOOP('',(#3134,#3135,#3136,#3137));
#1318=EDGE_LOOP('',(#3138,#3139,#3140,#3141));
#1319=EDGE_LOOP('',(#3142,#3143,#3144,#3145));
#1320=EDGE_LOOP('',(#3146,#3147,#3148,#3149));
#1321=EDGE_LOOP('',(#3150,#3151,#3152,#3153));
#1322=EDGE_LOOP('',(#3154,#3155,#3156,#3157));
#1323=EDGE_LOOP('',(#3158,#3159,#3160,#3161));
#1324=EDGE_LOOP('',(#3162,#3163,#3164,#3165));
#1325=EDGE_LOOP('',(#3166,#3167,#3168,#3169));
#1326=EDGE_LOOP('',(#3170,#3171,#3172,#3173));
#1327=EDGE_LOOP('',(#3174,#3175,#3176,#3177));
#1328=EDGE_LOOP('',(#3178,#3179,#3180,#3181));
#1329=EDGE_LOOP('',(#3182,#3183,#3184,#3185));
#1330=EDGE_LOOP('',(#3186,#3187,#3188,#3189));
#1331=EDGE_LOOP('',(#3190,#3191,#3192,#3193));
#1332=EDGE_LOOP('',(#3194,#3195,#3196,#3197));
#1333=EDGE_LOOP('',(#3198,#3199,#3200,#3201));
#1334=EDGE_LOOP('',(#3202,#3203,#3204,#3205));
#1335=EDGE_LOOP('',(#3206,#3207,#3208,#3209));
#1336=EDGE_LOOP('',(#3210,#3211,#3212,#3213));
#1337=EDGE_LOOP('',(#3214,#3215,#3216,#3217));
#1338=EDGE_LOOP('',(#3218,#3219,#3220,#3221));
#1339=EDGE_LOOP('',(#3222,#3223,#3224,#3225));
#1340=EDGE_LOOP('',(#3226,#3227,#3228,#3229));
#1341=EDGE_LOOP('',(#3230,#3231,#3232,#3233));
#1342=EDGE_LOOP('',(#3234,#3235,#3236,#3237));
#1343=EDGE_LOOP('',(#3238,#3239,#3240,#3241));
#1344=EDGE_LOOP('',(#3242,#3243,#3244,#3245));
#1345=EDGE_LOOP('',(#3246,#3247,#3248,#3249));
#1346=EDGE_LOOP('',(#3250,#3251,#3252,#3253));
#1347=EDGE_LOOP('',(#3254,#3255,#3256,#3257));
#1348=EDGE_LOOP('',(#3258,#3259,#3260,#3261));
#1349=EDGE_LOOP('',(#3262,#3263,#3264,#3265));
#1350=EDGE_LOOP('',(#3266,#3267,#3268,#3269));
#1351=EDGE_LOOP('',(#3270,#3271,#3272,#3273));
#1352=EDGE_LOOP('',(#3274,#3275,#3276,#3277));
#1353=EDGE_LOOP('',(#3278,#3279,#3280,#3281));
#1354=EDGE_LOOP('',(#3282,#3283,#3284,#3285));
#1355=EDGE_LOOP('',(#3286,#3287,#3288,#3289));
#1356=EDGE_LOOP('',(#3290,#3291,#3292,#3293));
#1357=EDGE_LOOP('',(#3294,#3295,#3296,#3297));
#1358=EDGE_LOOP('',(#3298,#3299,#3300,#3301));
#1359=EDGE_LOOP('',(#3302,#3303,#3304,#3305));
#1360=EDGE_LOOP('',(#3306,#3307,#3308,#3309));
#1361=EDGE_LOOP('',(#3310,#3311,#3312,#3313));
#1362=EDGE_LOOP('',(#3314,#3315,#3316,#3317,#3318,#3319,#3320,#3321,#3322,
#3323,#3324,#3325,#3326,#3327,#3328,#3329,#3330,#3331,#3332,#3333,#3334,
#3335,#3336,#3337,#3338,#3339,#3340,#3341,#3342,#3343,#3344,#3345,#3346,
#3347,#3348,#3349,#3350,#3351,#3352,#3353,#3354,#3355,#3356,#3357,#3358,
#3359,#3360,#3361,#3362,#3363,#3364,#3365,#3366,#3367,#3368,#3369,#3370,
#3371,#3372,#3373,#3374,#3375,#3376,#3377,#3378,#3379,#3380,#3381,#3382,
#3383,#3384,#3385,#3386,#3387,#3388,#3389,#3390,#3391,#3392,#3393,#3394,
#3395,#3396,#3397,#3398,#3399,#3400,#3401,#3402,#3403,#3404,#3405,#3406,
#3407,#3408,#3409,#3410,#3411,#3412,#3413,#3414,#3415,#3416,#3417,#3418,
#3419,#3420,#3421,#3422,#3423,#3424,#3425,#3426,#3427,#3428,#3429,#3430,
#3431,#3432,#3433,#3434,#3435,#3436,#3437,#3438,#3439,#3440,#3441,#3442,
#3443,#3444,#3445,#3446,#3447,#3448,#3449,#3450,#3451,#3452,#3453,#3454,
#3455,#3456,#3457,#3458,#3459,#3460,#3461,#3462,#3463,#3464,#3465,#3466,
#3467,#3468,#3469,#3470,#3471,#3472,#3473,#3474,#3475,#3476,#3477,#3478,
#3479,#3480,#3481,#3482,#3483,#3484,#3485,#3486,#3487,#3488,#3489,#3490,
#3491,#3492,#3493));
#1363=CIRCLE('',#3839,4.99999999999999);
#1364=CIRCLE('',#3840,2.89999999999999);
#1365=CIRCLE('',#3841,2.89999999999999);
#1366=CIRCLE('',#3975,37.5);
#1367=CIRCLE('',#3976,37.5);
#1368=CIRCLE('',#3977,37.5);
#1369=CIRCLE('',#3978,37.5);
#1370=CIRCLE('',#3979,37.5);
#1371=CIRCLE('',#3980,37.5);
#1372=CIRCLE('',#3981,37.5);
#1373=CIRCLE('',#3982,37.5);
#1374=CIRCLE('',#3983,37.5);
#1375=CIRCLE('',#3984,37.5);
#1376=CIRCLE('',#3985,37.5);
#1377=CIRCLE('',#3986,37.5);
#1378=CIRCLE('',#3987,37.5);
#1379=CIRCLE('',#3988,37.5);
#1380=CIRCLE('',#3989,37.5);
#1381=CIRCLE('',#3990,37.5);
#1382=CIRCLE('',#3991,37.5);
#1383=CIRCLE('',#3992,37.5);
#1384=CIRCLE('',#3993,37.5);
#1385=CIRCLE('',#3994,37.5);
#1386=CIRCLE('',#3995,37.5);
#1387=CIRCLE('',#3996,37.5);
#1388=CIRCLE('',#3997,37.5);
#1389=CIRCLE('',#3998,37.5);
#1390=CIRCLE('',#3999,37.5);
#1391=CIRCLE('',#4000,37.5);
#1392=CIRCLE('',#4001,37.5);
#1393=CIRCLE('',#4002,37.5);
#1394=CIRCLE('',#4003,37.5);
#1395=CIRCLE('',#4004,37.5);
#1396=CIRCLE('',#4005,37.5);
#1397=CIRCLE('',#4006,37.5);
#1398=CIRCLE('',#4007,37.5);
#1399=CIRCLE('',#4008,37.5);
#1400=CIRCLE('',#4009,37.5);
#1401=CIRCLE('',#4010,37.5);
#1402=CIRCLE('',#4011,37.5);
#1403=CIRCLE('',#4012,37.5);
#1404=CIRCLE('',#4013,37.5);
#1405=CIRCLE('',#4014,37.5);
#1406=CIRCLE('',#4015,37.5);
#1407=CIRCLE('',#4016,37.5);
#1408=CIRCLE('',#4017,37.5);
#1409=CIRCLE('',#4018,37.5);
#1410=CIRCLE('',#4019,37.5);
#1411=CIRCLE('',#4020,4.99999999999999);
#1412=CIRCLE('',#4022,37.5);
#1413=CIRCLE('',#4024,37.5);
#1414=CIRCLE('',#4026,37.5);
#1415=CIRCLE('',#4028,37.5);
#1416=CIRCLE('',#4030,37.5);
#1417=CIRCLE('',#4032,37.5);
#1418=CIRCLE('',#4034,37.5);
#1419=CIRCLE('',#4036,37.5);
#1420=CIRCLE('',#4038,37.5);
#1421=CIRCLE('',#4040,37.5);
#1422=CIRCLE('',#4042,37.5);
#1423=CIRCLE('',#4044,37.5);
#1424=CIRCLE('',#4046,37.5);
#1425=CIRCLE('',#4048,37.5);
#1426=CIRCLE('',#4050,37.5);
#1427=CIRCLE('',#4052,37.5);
#1428=CIRCLE('',#4054,37.5);
#1429=CIRCLE('',#4056,37.5);
#1430=CIRCLE('',#4058,37.5);
#1431=CIRCLE('',#4060,37.5);
#1432=CIRCLE('',#4062,37.5);
#1433=CIRCLE('',#4064,37.5);
#1434=CIRCLE('',#4066,37.5);
#1435=CIRCLE('',#4068,37.5);
#1436=CIRCLE('',#4070,37.5);
#1437=CIRCLE('',#4072,37.5);
#1438=CIRCLE('',#4074,37.5);
#1439=CIRCLE('',#4076,37.5);
#1440=CIRCLE('',#4078,37.5);
#1441=CIRCLE('',#4080,37.5);
#1442=CIRCLE('',#4082,37.5);
#1443=CIRCLE('',#4084,37.5);
#1444=CIRCLE('',#4086,37.5);
#1445=CIRCLE('',#4088,37.5);
#1446=CIRCLE('',#4090,37.5);
#1447=CIRCLE('',#4092,37.5);
#1448=CIRCLE('',#4094,37.5);
#1449=CIRCLE('',#4096,37.5);
#1450=CIRCLE('',#4098,37.5);
#1451=CIRCLE('',#4100,37.5);
#1452=CIRCLE('',#4102,37.5);
#1453=CIRCLE('',#4104,37.5);
#1454=CIRCLE('',#4106,37.5);
#1455=CIRCLE('',#4108,37.5);
#1456=CIRCLE('',#4113,2.89999999999999);
#1457=CIRCLE('',#4117,2.89999999999999);
#1458=CIRCLE('',#4120,37.5);
#1459=VERTEX_POINT('',#5156);
#1460=VERTEX_POINT('',#5158);
#1461=VERTEX_POINT('',#5159);
#1462=VERTEX_POINT('',#5161);
#1463=VERTEX_POINT('',#5163);
#1464=VERTEX_POINT('',#5167);
#1465=VERTEX_POINT('',#5168);
#1466=VERTEX_POINT('',#5170);
#1467=VERTEX_POINT('',#5172);
#1468=VERTEX_POINT('',#5176);
#1469=VERTEX_POINT('',#5178);
#1470=VERTEX_POINT('',#5182);
#1471=VERTEX_POINT('',#5184);
#1472=VERTEX_POINT('',#5188);
#1473=VERTEX_POINT('',#5189);
#1474=VERTEX_POINT('',#5191);
#1475=VERTEX_POINT('',#5193);
#1476=VERTEX_POINT('',#5197);
#1477=VERTEX_POINT('',#5199);
#1478=VERTEX_POINT('',#5203);
#1479=VERTEX_POINT('',#5205);
#1480=VERTEX_POINT('',#5209);
#1481=VERTEX_POINT('',#5210);
#1482=VERTEX_POINT('',#5212);
#1483=VERTEX_POINT('',#5214);
#1484=VERTEX_POINT('',#5218);
#1485=VERTEX_POINT('',#5220);
#1486=VERTEX_POINT('',#5224);
#1487=VERTEX_POINT('',#5226);
#1488=VERTEX_POINT('',#5230);
#1489=VERTEX_POINT('',#5231);
#1490=VERTEX_POINT('',#5233);
#1491=VERTEX_POINT('',#5235);
#1492=VERTEX_POINT('',#5239);
#1493=VERTEX_POINT('',#5241);
#1494=VERTEX_POINT('',#5245);
#1495=VERTEX_POINT('',#5247);
#1496=VERTEX_POINT('',#5251);
#1497=VERTEX_POINT('',#5252);
#1498=VERTEX_POINT('',#5254);
#1499=VERTEX_POINT('',#5256);
#1500=VERTEX_POINT('',#5260);
#1501=VERTEX_POINT('',#5262);
#1502=VERTEX_POINT('',#5266);
#1503=VERTEX_POINT('',#5268);
#1504=VERTEX_POINT('',#5272);
#1505=VERTEX_POINT('',#5273);
#1506=VERTEX_POINT('',#5275);
#1507=VERTEX_POINT('',#5277);
#1508=VERTEX_POINT('',#5281);
#1509=VERTEX_POINT('',#5283);
#1510=VERTEX_POINT('',#5287);
#1511=VERTEX_POINT('',#5289);
#1512=VERTEX_POINT('',#5293);
#1513=VERTEX_POINT('',#5294);
#1514=VERTEX_POINT('',#5296);
#1515=VERTEX_POINT('',#5298);
#1516=VERTEX_POINT('',#5302);
#1517=VERTEX_POINT('',#5304);
#1518=VERTEX_POINT('',#5308);
#1519=VERTEX_POINT('',#5310);
#1520=VERTEX_POINT('',#5314);
#1521=VERTEX_POINT('',#5315);
#1522=VERTEX_POINT('',#5317);
#1523=VERTEX_POINT('',#5319);
#1524=VERTEX_POINT('',#5323);
#1525=VERTEX_POINT('',#5325);
#1526=VERTEX_POINT('',#5329);
#1527=VERTEX_POINT('',#5331);
#1528=VERTEX_POINT('',#5335);
#1529=VERTEX_POINT('',#5336);
#1530=VERTEX_POINT('',#5338);
#1531=VERTEX_POINT('',#5340);
#1532=VERTEX_POINT('',#5344);
#1533=VERTEX_POINT('',#5346);
#1534=VERTEX_POINT('',#5350);
#1535=VERTEX_POINT('',#5352);
#1536=VERTEX_POINT('',#5356);
#1537=VERTEX_POINT('',#5357);
#1538=VERTEX_POINT('',#5359);
#1539=VERTEX_POINT('',#5361);
#1540=VERTEX_POINT('',#5365);
#1541=VERTEX_POINT('',#5367);
#1542=VERTEX_POINT('',#5371);
#1543=VERTEX_POINT('',#5373);
#1544=VERTEX_POINT('',#5377);
#1545=VERTEX_POINT('',#5378);
#1546=VERTEX_POINT('',#5380);
#1547=VERTEX_POINT('',#5382);
#1548=VERTEX_POINT('',#5386);
#1549=VERTEX_POINT('',#5388);
#1550=VERTEX_POINT('',#5392);
#1551=VERTEX_POINT('',#5394);
#1552=VERTEX_POINT('',#5398);
#1553=VERTEX_POINT('',#5399);
#1554=VERTEX_POINT('',#5401);
#1555=VERTEX_POINT('',#5403);
#1556=VERTEX_POINT('',#5407);
#1557=VERTEX_POINT('',#5409);
#1558=VERTEX_POINT('',#5413);
#1559=VERTEX_POINT('',#5415);
#1560=VERTEX_POINT('',#5419);
#1561=VERTEX_POINT('',#5420);
#1562=VERTEX_POINT('',#5422);
#1563=VERTEX_POINT('',#5424);
#1564=VERTEX_POINT('',#5428);
#1565=VERTEX_POINT('',#5430);
#1566=VERTEX_POINT('',#5434);
#1567=VERTEX_POINT('',#5436);
#1568=VERTEX_POINT('',#5440);
#1569=VERTEX_POINT('',#5441);
#1570=VERTEX_POINT('',#5443);
#1571=VERTEX_POINT('',#5445);
#1572=VERTEX_POINT('',#5449);
#1573=VERTEX_POINT('',#5451);
#1574=VERTEX_POINT('',#5455);
#1575=VERTEX_POINT('',#5457);
#1576=VERTEX_POINT('',#5461);
#1577=VERTEX_POINT('',#5462);
#1578=VERTEX_POINT('',#5464);
#1579=VERTEX_POINT('',#5466);
#1580=VERTEX_POINT('',#5470);
#1581=VERTEX_POINT('',#5472);
#1582=VERTEX_POINT('',#5476);
#1583=VERTEX_POINT('',#5478);
#1584=VERTEX_POINT('',#5482);
#1585=VERTEX_POINT('',#5483);
#1586=VERTEX_POINT('',#5485);
#1587=VERTEX_POINT('',#5487);
#1588=VERTEX_POINT('',#5491);
#1589=VERTEX_POINT('',#5493);
#1590=VERTEX_POINT('',#5497);
#1591=VERTEX_POINT('',#5499);
#1592=VERTEX_POINT('',#5503);
#1593=VERTEX_POINT('',#5504);
#1594=VERTEX_POINT('',#5506);
#1595=VERTEX_POINT('',#5508);
#1596=VERTEX_POINT('',#5512);
#1597=VERTEX_POINT('',#5514);
#1598=VERTEX_POINT('',#5518);
#1599=VERTEX_POINT('',#5520);
#1600=VERTEX_POINT('',#5524);
#1601=VERTEX_POINT('',#5525);
#1602=VERTEX_POINT('',#5527);
#1603=VERTEX_POINT('',#5529);
#1604=VERTEX_POINT('',#5533);
#1605=VERTEX_POINT('',#5535);
#1606=VERTEX_POINT('',#5539);
#1607=VERTEX_POINT('',#5541);
#1608=VERTEX_POINT('',#5545);
#1609=VERTEX_POINT('',#5546);
#1610=VERTEX_POINT('',#5548);
#1611=VERTEX_POINT('',#5550);
#1612=VERTEX_POINT('',#5554);
#1613=VERTEX_POINT('',#5556);
#1614=VERTEX_POINT('',#5560);
#1615=VERTEX_POINT('',#5562);
#1616=VERTEX_POINT('',#5566);
#1617=VERTEX_POINT('',#5567);
#1618=VERTEX_POINT('',#5569);
#1619=VERTEX_POINT('',#5571);
#1620=VERTEX_POINT('',#5575);
#1621=VERTEX_POINT('',#5577);
#1622=VERTEX_POINT('',#5581);
#1623=VERTEX_POINT('',#5583);
#1624=VERTEX_POINT('',#5587);
#1625=VERTEX_POINT('',#5588);
#1626=VERTEX_POINT('',#5590);
#1627=VERTEX_POINT('',#5592);
#1628=VERTEX_POINT('',#5596);
#1629=VERTEX_POINT('',#5598);
#1630=VERTEX_POINT('',#5602);
#1631=VERTEX_POINT('',#5604);
#1632=VERTEX_POINT('',#5608);
#1633=VERTEX_POINT('',#5609);
#1634=VERTEX_POINT('',#5611);
#1635=VERTEX_POINT('',#5613);
#1636=VERTEX_POINT('',#5617);
#1637=VERTEX_POINT('',#5619);
#1638=VERTEX_POINT('',#5623);
#1639=VERTEX_POINT('',#5625);
#1640=VERTEX_POINT('',#5629);
#1641=VERTEX_POINT('',#5630);
#1642=VERTEX_POINT('',#5632);
#1643=VERTEX_POINT('',#5634);
#1644=VERTEX_POINT('',#5638);
#1645=VERTEX_POINT('',#5640);
#1646=VERTEX_POINT('',#5644);
#1647=VERTEX_POINT('',#5646);
#1648=VERTEX_POINT('',#5650);
#1649=VERTEX_POINT('',#5651);
#1650=VERTEX_POINT('',#5653);
#1651=VERTEX_POINT('',#5655);
#1652=VERTEX_POINT('',#5659);
#1653=VERTEX_POINT('',#5661);
#1654=VERTEX_POINT('',#5665);
#1655=VERTEX_POINT('',#5667);
#1656=VERTEX_POINT('',#5671);
#1657=VERTEX_POINT('',#5672);
#1658=VERTEX_POINT('',#5674);
#1659=VERTEX_POINT('',#5676);
#1660=VERTEX_POINT('',#5680);
#1661=VERTEX_POINT('',#5682);
#1662=VERTEX_POINT('',#5686);
#1663=VERTEX_POINT('',#5688);
#1664=VERTEX_POINT('',#5692);
#1665=VERTEX_POINT('',#5693);
#1666=VERTEX_POINT('',#5695);
#1667=VERTEX_POINT('',#5697);
#1668=VERTEX_POINT('',#5701);
#1669=VERTEX_POINT('',#5703);
#1670=VERTEX_POINT('',#5707);
#1671=VERTEX_POINT('',#5709);
#1672=VERTEX_POINT('',#5713);
#1673=VERTEX_POINT('',#5714);
#1674=VERTEX_POINT('',#5716);
#1675=VERTEX_POINT('',#5718);
#1676=VERTEX_POINT('',#5722);
#1677=VERTEX_POINT('',#5724);
#1678=VERTEX_POINT('',#5728);
#1679=VERTEX_POINT('',#5730);
#1680=VERTEX_POINT('',#5734);
#1681=VERTEX_POINT('',#5735);
#1682=VERTEX_POINT('',#5737);
#1683=VERTEX_POINT('',#5739);
#1684=VERTEX_POINT('',#5743);
#1685=VERTEX_POINT('',#5745);
#1686=VERTEX_POINT('',#5749);
#1687=VERTEX_POINT('',#5751);
#1688=VERTEX_POINT('',#5755);
#1689=VERTEX_POINT('',#5756);
#1690=VERTEX_POINT('',#5758);
#1691=VERTEX_POINT('',#5760);
#1692=VERTEX_POINT('',#5764);
#1693=VERTEX_POINT('',#5766);
#1694=VERTEX_POINT('',#5770);
#1695=VERTEX_POINT('',#5772);
#1696=VERTEX_POINT('',#5776);
#1697=VERTEX_POINT('',#5777);
#1698=VERTEX_POINT('',#5779);
#1699=VERTEX_POINT('',#5781);
#1700=VERTEX_POINT('',#5785);
#1701=VERTEX_POINT('',#5787);
#1702=VERTEX_POINT('',#5791);
#1703=VERTEX_POINT('',#5793);
#1704=VERTEX_POINT('',#5797);
#1705=VERTEX_POINT('',#5798);
#1706=VERTEX_POINT('',#5800);
#1707=VERTEX_POINT('',#5802);
#1708=VERTEX_POINT('',#5806);
#1709=VERTEX_POINT('',#5808);
#1710=VERTEX_POINT('',#5812);
#1711=VERTEX_POINT('',#5814);
#1712=VERTEX_POINT('',#5818);
#1713=VERTEX_POINT('',#5819);
#1714=VERTEX_POINT('',#5821);
#1715=VERTEX_POINT('',#5823);
#1716=VERTEX_POINT('',#5827);
#1717=VERTEX_POINT('',#5829);
#1718=VERTEX_POINT('',#5833);
#1719=VERTEX_POINT('',#5835);
#1720=VERTEX_POINT('',#5839);
#1721=VERTEX_POINT('',#5840);
#1722=VERTEX_POINT('',#5842);
#1723=VERTEX_POINT('',#5844);
#1724=VERTEX_POINT('',#5848);
#1725=VERTEX_POINT('',#5850);
#1726=VERTEX_POINT('',#5854);
#1727=VERTEX_POINT('',#5856);
#1728=VERTEX_POINT('',#5860);
#1729=VERTEX_POINT('',#5861);
#1730=VERTEX_POINT('',#5863);
#1731=VERTEX_POINT('',#5865);
#1732=VERTEX_POINT('',#5869);
#1733=VERTEX_POINT('',#5871);
#1734=VERTEX_POINT('',#5875);
#1735=VERTEX_POINT('',#5877);
#1736=VERTEX_POINT('',#5881);
#1737=VERTEX_POINT('',#5882);
#1738=VERTEX_POINT('',#5884);
#1739=VERTEX_POINT('',#5886);
#1740=VERTEX_POINT('',#5890);
#1741=VERTEX_POINT('',#5892);
#1742=VERTEX_POINT('',#5896);
#1743=VERTEX_POINT('',#5898);
#1744=VERTEX_POINT('',#5902);
#1745=VERTEX_POINT('',#5903);
#1746=VERTEX_POINT('',#5905);
#1747=VERTEX_POINT('',#5907);
#1748=VERTEX_POINT('',#5911);
#1749=VERTEX_POINT('',#5913);
#1750=VERTEX_POINT('',#5917);
#1751=VERTEX_POINT('',#5919);
#1752=VERTEX_POINT('',#5923);
#1753=VERTEX_POINT('',#5924);
#1754=VERTEX_POINT('',#5926);
#1755=VERTEX_POINT('',#5928);
#1756=VERTEX_POINT('',#5932);
#1757=VERTEX_POINT('',#5934);
#1758=VERTEX_POINT('',#5938);
#1759=VERTEX_POINT('',#5940);
#1760=VERTEX_POINT('',#5944);
#1761=VERTEX_POINT('',#5945);
#1762=VERTEX_POINT('',#5947);
#1763=VERTEX_POINT('',#5949);
#1764=VERTEX_POINT('',#5953);
#1765=VERTEX_POINT('',#5955);
#1766=VERTEX_POINT('',#5959);
#1767=VERTEX_POINT('',#5961);
#1768=VERTEX_POINT('',#5965);
#1769=VERTEX_POINT('',#5966);
#1770=VERTEX_POINT('',#5968);
#1771=VERTEX_POINT('',#5970);
#1772=VERTEX_POINT('',#5974);
#1773=VERTEX_POINT('',#5976);
#1774=VERTEX_POINT('',#5980);
#1775=VERTEX_POINT('',#5982);
#1776=VERTEX_POINT('',#5986);
#1777=VERTEX_POINT('',#5987);
#1778=VERTEX_POINT('',#5989);
#1779=VERTEX_POINT('',#5991);
#1780=VERTEX_POINT('',#5995);
#1781=VERTEX_POINT('',#5997);
#1782=VERTEX_POINT('',#6001);
#1783=VERTEX_POINT('',#6003);
#1784=VERTEX_POINT('',#6007);
#1785=VERTEX_POINT('',#6008);
#1786=VERTEX_POINT('',#6010);
#1787=VERTEX_POINT('',#6012);
#1788=VERTEX_POINT('',#6016);
#1789=VERTEX_POINT('',#6018);
#1790=VERTEX_POINT('',#6022);
#1791=VERTEX_POINT('',#6024);
#1792=VERTEX_POINT('',#6028);
#1793=VERTEX_POINT('',#6029);
#1794=VERTEX_POINT('',#6031);
#1795=VERTEX_POINT('',#6033);
#1796=VERTEX_POINT('',#6037);
#1797=VERTEX_POINT('',#6039);
#1798=VERTEX_POINT('',#6043);
#1799=VERTEX_POINT('',#6045);
#1800=VERTEX_POINT('',#6049);
#1801=VERTEX_POINT('',#6050);
#1802=VERTEX_POINT('',#6052);
#1803=VERTEX_POINT('',#6054);
#1804=VERTEX_POINT('',#6058);
#1805=VERTEX_POINT('',#6060);
#1806=VERTEX_POINT('',#6064);
#1807=VERTEX_POINT('',#6066);
#1808=VERTEX_POINT('',#6070);
#1809=VERTEX_POINT('',#6071);
#1810=VERTEX_POINT('',#6073);
#1811=VERTEX_POINT('',#6075);
#1812=VERTEX_POINT('',#6079);
#1813=VERTEX_POINT('',#6081);
#1814=VERTEX_POINT('',#6085);
#1815=VERTEX_POINT('',#6087);
#1816=VERTEX_POINT('',#6134);
#1817=VERTEX_POINT('',#6136);
#1818=VERTEX_POINT('',#6138);
#1819=VERTEX_POINT('',#6140);
#1820=VERTEX_POINT('',#6143);
#1821=VERTEX_POINT('',#6146);
#1822=VERTEX_POINT('',#6236);
#1823=VERTEX_POINT('',#6238);
#1824=VERTEX_POINT('',#6242);
#1825=VERTEX_POINT('',#6248);
#1826=VERTEX_POINT('',#6249);
#1827=VERTEX_POINT('',#6254);
#1828=VERTEX_POINT('',#6260);
#1829=EDGE_CURVE('',#1459,#1459,#1363,.T.);
#1830=EDGE_CURVE('',#1460,#1461,#1364,.T.);
#1831=EDGE_CURVE('',#1461,#1462,#65,.T.);
#1832=EDGE_CURVE('',#1462,#1463,#1365,.T.);
#1833=EDGE_CURVE('',#1463,#1460,#66,.T.);
#1834=EDGE_CURVE('',#1464,#1465,#67,.T.);
#1835=EDGE_CURVE('',#1466,#1464,#68,.T.);
#1836=EDGE_CURVE('',#1467,#1466,#69,.T.);
#1837=EDGE_CURVE('',#1467,#1465,#70,.T.);
#1838=EDGE_CURVE('',#1465,#1468,#71,.T.);
#1839=EDGE_CURVE('',#1469,#1467,#72,.T.);
#1840=EDGE_CURVE('',#1468,#1469,#73,.T.);
#1841=EDGE_CURVE('',#1470,#1464,#74,.T.);
#1842=EDGE_CURVE('',#1471,#1470,#75,.T.);
#1843=EDGE_CURVE('',#1466,#1471,#76,.T.);
#1844=EDGE_CURVE('',#1472,#1473,#77,.T.);
#1845=EDGE_CURVE('',#1474,#1472,#78,.T.);
#1846=EDGE_CURVE('',#1475,#1474,#79,.T.);
#1847=EDGE_CURVE('',#1475,#1473,#80,.T.);
#1848=EDGE_CURVE('',#1473,#1476,#81,.T.);
#1849=EDGE_CURVE('',#1477,#1475,#82,.T.);
#1850=EDGE_CURVE('',#1476,#1477,#83,.T.);
#1851=EDGE_CURVE('',#1478,#1472,#84,.T.);
#1852=EDGE_CURVE('',#1479,#1478,#85,.T.);
#1853=EDGE_CURVE('',#1474,#1479,#86,.T.);
#1854=EDGE_CURVE('',#1480,#1481,#87,.T.);
#1855=EDGE_CURVE('',#1482,#1480,#88,.T.);
#1856=EDGE_CURVE('',#1483,#1482,#89,.T.);
#1857=EDGE_CURVE('',#1483,#1481,#90,.T.);
#1858=EDGE_CURVE('',#1481,#1484,#91,.T.);
#1859=EDGE_CURVE('',#1485,#1483,#92,.T.);
#1860=EDGE_CURVE('',#1484,#1485,#93,.T.);
#1861=EDGE_CURVE('',#1486,#1480,#94,.T.);
#1862=EDGE_CURVE('',#1487,#1486,#95,.T.);
#1863=EDGE_CURVE('',#1482,#1487,#96,.T.);
#1864=EDGE_CURVE('',#1488,#1489,#97,.T.);
#1865=EDGE_CURVE('',#1490,#1488,#98,.T.);
#1866=EDGE_CURVE('',#1491,#1490,#99,.T.);
#1867=EDGE_CURVE('',#1491,#1489,#100,.T.);
#1868=EDGE_CURVE('',#1489,#1492,#101,.T.);
#1869=EDGE_CURVE('',#1493,#1491,#102,.T.);
#1870=EDGE_CURVE('',#1492,#1493,#103,.T.);
#1871=EDGE_CURVE('',#1494,#1488,#104,.T.);
#1872=EDGE_CURVE('',#1495,#1494,#105,.T.);
#1873=EDGE_CURVE('',#1490,#1495,#106,.T.);
#1874=EDGE_CURVE('',#1496,#1497,#107,.T.);
#1875=EDGE_CURVE('',#1498,#1496,#108,.T.);
#1876=EDGE_CURVE('',#1499,#1498,#109,.T.);
#1877=EDGE_CURVE('',#1499,#1497,#110,.T.);
#1878=EDGE_CURVE('',#1497,#1500,#111,.T.);
#1879=EDGE_CURVE('',#1501,#1499,#112,.T.);
#1880=EDGE_CURVE('',#1500,#1501,#113,.T.);
#1881=EDGE_CURVE('',#1502,#1496,#114,.T.);
#1882=EDGE_CURVE('',#1503,#1502,#115,.T.);
#1883=EDGE_CURVE('',#1498,#1503,#116,.T.);
#1884=EDGE_CURVE('',#1504,#1505,#117,.T.);
#1885=EDGE_CURVE('',#1506,#1504,#118,.T.);
#1886=EDGE_CURVE('',#1507,#1506,#119,.T.);
#1887=EDGE_CURVE('',#1507,#1505,#120,.T.);
#1888=EDGE_CURVE('',#1505,#1508,#121,.T.);
#1889=EDGE_CURVE('',#1509,#1507,#122,.T.);
#1890=EDGE_CURVE('',#1508,#1509,#123,.T.);
#1891=EDGE_CURVE('',#1510,#1504,#124,.T.);
#1892=EDGE_CURVE('',#1511,#1510,#125,.T.);
#1893=EDGE_CURVE('',#1506,#1511,#126,.T.);
#1894=EDGE_CURVE('',#1512,#1513,#127,.T.);
#1895=EDGE_CURVE('',#1514,#1512,#128,.T.);
#1896=EDGE_CURVE('',#1515,#1514,#129,.T.);
#1897=EDGE_CURVE('',#1515,#1513,#130,.T.);
#1898=EDGE_CURVE('',#1513,#1516,#131,.T.);
#1899=EDGE_CURVE('',#1517,#1515,#132,.T.);
#1900=EDGE_CURVE('',#1516,#1517,#133,.T.);
#1901=EDGE_CURVE('',#1518,#1512,#134,.T.);
#1902=EDGE_CURVE('',#1519,#1518,#135,.T.);
#1903=EDGE_CURVE('',#1514,#1519,#136,.T.);
#1904=EDGE_CURVE('',#1520,#1521,#137,.T.);
#1905=EDGE_CURVE('',#1522,#1520,#138,.T.);
#1906=EDGE_CURVE('',#1523,#1522,#139,.T.);
#1907=EDGE_CURVE('',#1523,#1521,#140,.T.);
#1908=EDGE_CURVE('',#1521,#1524,#141,.T.);
#1909=EDGE_CURVE('',#1525,#1523,#142,.T.);
#1910=EDGE_CURVE('',#1524,#1525,#143,.T.);
#1911=EDGE_CURVE('',#1526,#1520,#144,.T.);
#1912=EDGE_CURVE('',#1527,#1526,#145,.T.);
#1913=EDGE_CURVE('',#1522,#1527,#146,.T.);
#1914=EDGE_CURVE('',#1528,#1529,#147,.T.);
#1915=EDGE_CURVE('',#1530,#1528,#148,.T.);
#1916=EDGE_CURVE('',#1531,#1530,#149,.T.);
#1917=EDGE_CURVE('',#1531,#1529,#150,.T.);
#1918=EDGE_CURVE('',#1529,#1532,#151,.T.);
#1919=EDGE_CURVE('',#1533,#1531,#152,.T.);
#1920=EDGE_CURVE('',#1532,#1533,#153,.T.);
#1921=EDGE_CURVE('',#1534,#1528,#154,.T.);
#1922=EDGE_CURVE('',#1535,#1534,#155,.T.);
#1923=EDGE_CURVE('',#1530,#1535,#156,.T.);
#1924=EDGE_CURVE('',#1536,#1537,#157,.T.);
#1925=EDGE_CURVE('',#1538,#1536,#158,.T.);
#1926=EDGE_CURVE('',#1539,#1538,#159,.T.);
#1927=EDGE_CURVE('',#1539,#1537,#160,.T.);
#1928=EDGE_CURVE('',#1537,#1540,#161,.T.);
#1929=EDGE_CURVE('',#1541,#1539,#162,.T.);
#1930=EDGE_CURVE('',#1540,#1541,#163,.T.);
#1931=EDGE_CURVE('',#1542,#1536,#164,.T.);
#1932=EDGE_CURVE('',#1543,#1542,#165,.T.);
#1933=EDGE_CURVE('',#1538,#1543,#166,.T.);
#1934=EDGE_CURVE('',#1544,#1545,#167,.T.);
#1935=EDGE_CURVE('',#1546,#1544,#168,.T.);
#1936=EDGE_CURVE('',#1547,#1546,#169,.T.);
#1937=EDGE_CURVE('',#1547,#1545,#170,.T.);
#1938=EDGE_CURVE('',#1545,#1548,#171,.T.);
#1939=EDGE_CURVE('',#1549,#1547,#172,.T.);
#1940=EDGE_CURVE('',#1548,#1549,#173,.T.);
#1941=EDGE_CURVE('',#1550,#1544,#174,.T.);
#1942=EDGE_CURVE('',#1551,#1550,#175,.T.);
#1943=EDGE_CURVE('',#1546,#1551,#176,.T.);
#1944=EDGE_CURVE('',#1552,#1553,#177,.T.);
#1945=EDGE_CURVE('',#1554,#1552,#178,.T.);
#1946=EDGE_CURVE('',#1555,#1554,#179,.T.);
#1947=EDGE_CURVE('',#1555,#1553,#180,.T.);
#1948=EDGE_CURVE('',#1553,#1556,#181,.T.);
#1949=EDGE_CURVE('',#1557,#1555,#182,.T.);
#1950=EDGE_CURVE('',#1556,#1557,#183,.T.);
#1951=EDGE_CURVE('',#1558,#1552,#184,.T.);
#1952=EDGE_CURVE('',#1559,#1558,#185,.T.);
#1953=EDGE_CURVE('',#1554,#1559,#186,.T.);
#1954=EDGE_CURVE('',#1560,#1561,#187,.T.);
#1955=EDGE_CURVE('',#1562,#1560,#188,.T.);
#1956=EDGE_CURVE('',#1563,#1562,#189,.T.);
#1957=EDGE_CURVE('',#1563,#1561,#190,.T.);
#1958=EDGE_CURVE('',#1561,#1564,#191,.T.);
#1959=EDGE_CURVE('',#1565,#1563,#192,.T.);
#1960=EDGE_CURVE('',#1564,#1565,#193,.T.);
#1961=EDGE_CURVE('',#1566,#1560,#194,.T.);
#1962=EDGE_CURVE('',#1567,#1566,#195,.T.);
#1963=EDGE_CURVE('',#1562,#1567,#196,.T.);
#1964=EDGE_CURVE('',#1568,#1569,#197,.T.);
#1965=EDGE_CURVE('',#1570,#1568,#198,.T.);
#1966=EDGE_CURVE('',#1571,#1570,#199,.T.);
#1967=EDGE_CURVE('',#1571,#1569,#200,.T.);
#1968=EDGE_CURVE('',#1569,#1572,#201,.T.);
#1969=EDGE_CURVE('',#1573,#1571,#202,.T.);
#1970=EDGE_CURVE('',#1572,#1573,#203,.T.);
#1971=EDGE_CURVE('',#1574,#1568,#204,.T.);
#1972=EDGE_CURVE('',#1575,#1574,#205,.T.);
#1973=EDGE_CURVE('',#1570,#1575,#206,.T.);
#1974=EDGE_CURVE('',#1576,#1577,#207,.T.);
#1975=EDGE_CURVE('',#1578,#1576,#208,.T.);
#1976=EDGE_CURVE('',#1579,#1578,#209,.T.);
#1977=EDGE_CURVE('',#1579,#1577,#210,.T.);
#1978=EDGE_CURVE('',#1577,#1580,#211,.T.);
#1979=EDGE_CURVE('',#1581,#1579,#212,.T.);
#1980=EDGE_CURVE('',#1580,#1581,#213,.T.);
#1981=EDGE_CURVE('',#1582,#1576,#214,.T.);
#1982=EDGE_CURVE('',#1583,#1582,#215,.T.);
#1983=EDGE_CURVE('',#1578,#1583,#216,.T.);
#1984=EDGE_CURVE('',#1584,#1585,#217,.T.);
#1985=EDGE_CURVE('',#1586,#1584,#218,.T.);
#1986=EDGE_CURVE('',#1587,#1586,#219,.T.);
#1987=EDGE_CURVE('',#1587,#1585,#220,.T.);
#1988=EDGE_CURVE('',#1585,#1588,#221,.T.);
#1989=EDGE_CURVE('',#1589,#1587,#222,.T.);
#1990=EDGE_CURVE('',#1588,#1589,#223,.T.);
#1991=EDGE_CURVE('',#1590,#1584,#224,.T.);
#1992=EDGE_CURVE('',#1591,#1590,#225,.T.);
#1993=EDGE_CURVE('',#1586,#1591,#226,.T.);
#1994=EDGE_CURVE('',#1592,#1593,#227,.T.);
#1995=EDGE_CURVE('',#1594,#1592,#228,.T.);
#1996=EDGE_CURVE('',#1595,#1594,#229,.T.);
#1997=EDGE_CURVE('',#1595,#1593,#230,.T.);
#1998=EDGE_CURVE('',#1593,#1596,#231,.T.);
#1999=EDGE_CURVE('',#1597,#1595,#232,.T.);
#2000=EDGE_CURVE('',#1596,#1597,#233,.T.);
#2001=EDGE_CURVE('',#1598,#1592,#234,.T.);
#2002=EDGE_CURVE('',#1599,#1598,#235,.T.);
#2003=EDGE_CURVE('',#1594,#1599,#236,.T.);
#2004=EDGE_CURVE('',#1600,#1601,#237,.T.);
#2005=EDGE_CURVE('',#1602,#1600,#238,.T.);
#2006=EDGE_CURVE('',#1603,#1602,#239,.T.);
#2007=EDGE_CURVE('',#1603,#1601,#240,.T.);
#2008=EDGE_CURVE('',#1601,#1604,#241,.T.);
#2009=EDGE_CURVE('',#1605,#1603,#242,.T.);
#2010=EDGE_CURVE('',#1604,#1605,#243,.T.);
#2011=EDGE_CURVE('',#1606,#1600,#244,.T.);
#2012=EDGE_CURVE('',#1607,#1606,#245,.T.);
#2013=EDGE_CURVE('',#1602,#1607,#246,.T.);
#2014=EDGE_CURVE('',#1608,#1609,#247,.T.);
#2015=EDGE_CURVE('',#1610,#1608,#248,.T.);
#2016=EDGE_CURVE('',#1611,#1610,#249,.T.);
#2017=EDGE_CURVE('',#1611,#1609,#250,.T.);
#2018=EDGE_CURVE('',#1609,#1612,#251,.T.);
#2019=EDGE_CURVE('',#1613,#1611,#252,.T.);
#2020=EDGE_CURVE('',#1612,#1613,#253,.T.);
#2021=EDGE_CURVE('',#1614,#1608,#254,.T.);
#2022=EDGE_CURVE('',#1615,#1614,#255,.T.);
#2023=EDGE_CURVE('',#1610,#1615,#256,.T.);
#2024=EDGE_CURVE('',#1616,#1617,#257,.T.);
#2025=EDGE_CURVE('',#1618,#1616,#258,.T.);
#2026=EDGE_CURVE('',#1619,#1618,#259,.T.);
#2027=EDGE_CURVE('',#1619,#1617,#260,.T.);
#2028=EDGE_CURVE('',#1617,#1620,#261,.T.);
#2029=EDGE_CURVE('',#1621,#1619,#262,.T.);
#2030=EDGE_CURVE('',#1620,#1621,#263,.T.);
#2031=EDGE_CURVE('',#1622,#1616,#264,.T.);
#2032=EDGE_CURVE('',#1623,#1622,#265,.T.);
#2033=EDGE_CURVE('',#1618,#1623,#266,.T.);
#2034=EDGE_CURVE('',#1624,#1625,#267,.T.);
#2035=EDGE_CURVE('',#1626,#1624,#268,.T.);
#2036=EDGE_CURVE('',#1627,#1626,#269,.T.);
#2037=EDGE_CURVE('',#1627,#1625,#270,.T.);
#2038=EDGE_CURVE('',#1625,#1628,#271,.T.);
#2039=EDGE_CURVE('',#1629,#1627,#272,.T.);
#2040=EDGE_CURVE('',#1628,#1629,#273,.T.);
#2041=EDGE_CURVE('',#1630,#1624,#274,.T.);
#2042=EDGE_CURVE('',#1631,#1630,#275,.T.);
#2043=EDGE_CURVE('',#1626,#1631,#276,.T.);
#2044=EDGE_CURVE('',#1632,#1633,#277,.T.);
#2045=EDGE_CURVE('',#1634,#1632,#278,.T.);
#2046=EDGE_CURVE('',#1635,#1634,#279,.T.);
#2047=EDGE_CURVE('',#1635,#1633,#280,.T.);
#2048=EDGE_CURVE('',#1633,#1636,#281,.T.);
#2049=EDGE_CURVE('',#1637,#1635,#282,.T.);
#2050=EDGE_CURVE('',#1636,#1637,#283,.T.);
#2051=EDGE_CURVE('',#1638,#1632,#284,.T.);
#2052=EDGE_CURVE('',#1639,#1638,#285,.T.);
#2053=EDGE_CURVE('',#1634,#1639,#286,.T.);
#2054=EDGE_CURVE('',#1640,#1641,#287,.T.);
#2055=EDGE_CURVE('',#1642,#1640,#288,.T.);
#2056=EDGE_CURVE('',#1643,#1642,#289,.T.);
#2057=EDGE_CURVE('',#1643,#1641,#290,.T.);
#2058=EDGE_CURVE('',#1641,#1644,#291,.T.);
#2059=EDGE_CURVE('',#1645,#1643,#292,.T.);
#2060=EDGE_CURVE('',#1644,#1645,#293,.T.);
#2061=EDGE_CURVE('',#1646,#1640,#294,.T.);
#2062=EDGE_CURVE('',#1647,#1646,#295,.T.);
#2063=EDGE_CURVE('',#1642,#1647,#296,.T.);
#2064=EDGE_CURVE('',#1648,#1649,#297,.T.);
#2065=EDGE_CURVE('',#1650,#1648,#298,.T.);
#2066=EDGE_CURVE('',#1651,#1650,#299,.T.);
#2067=EDGE_CURVE('',#1651,#1649,#300,.T.);
#2068=EDGE_CURVE('',#1649,#1652,#301,.T.);
#2069=EDGE_CURVE('',#1653,#1651,#302,.T.);
#2070=EDGE_CURVE('',#1652,#1653,#303,.T.);
#2071=EDGE_CURVE('',#1654,#1648,#304,.T.);
#2072=EDGE_CURVE('',#1655,#1654,#305,.T.);
#2073=EDGE_CURVE('',#1650,#1655,#306,.T.);
#2074=EDGE_CURVE('',#1656,#1657,#307,.T.);
#2075=EDGE_CURVE('',#1658,#1656,#308,.T.);
#2076=EDGE_CURVE('',#1659,#1658,#309,.T.);
#2077=EDGE_CURVE('',#1659,#1657,#310,.T.);
#2078=EDGE_CURVE('',#1657,#1660,#311,.T.);
#2079=EDGE_CURVE('',#1661,#1659,#312,.T.);
#2080=EDGE_CURVE('',#1660,#1661,#313,.T.);
#2081=EDGE_CURVE('',#1662,#1656,#314,.T.);
#2082=EDGE_CURVE('',#1663,#1662,#315,.T.);
#2083=EDGE_CURVE('',#1658,#1663,#316,.T.);
#2084=EDGE_CURVE('',#1664,#1665,#317,.T.);
#2085=EDGE_CURVE('',#1666,#1664,#318,.T.);
#2086=EDGE_CURVE('',#1667,#1666,#319,.T.);
#2087=EDGE_CURVE('',#1667,#1665,#320,.T.);
#2088=EDGE_CURVE('',#1665,#1668,#321,.T.);
#2089=EDGE_CURVE('',#1669,#1667,#322,.T.);
#2090=EDGE_CURVE('',#1668,#1669,#323,.T.);
#2091=EDGE_CURVE('',#1670,#1664,#324,.T.);
#2092=EDGE_CURVE('',#1671,#1670,#325,.T.);
#2093=EDGE_CURVE('',#1666,#1671,#326,.T.);
#2094=EDGE_CURVE('',#1672,#1673,#327,.T.);
#2095=EDGE_CURVE('',#1674,#1672,#328,.T.);
#2096=EDGE_CURVE('',#1675,#1674,#329,.T.);
#2097=EDGE_CURVE('',#1675,#1673,#330,.T.);
#2098=EDGE_CURVE('',#1673,#1676,#331,.T.);
#2099=EDGE_CURVE('',#1677,#1675,#332,.T.);
#2100=EDGE_CURVE('',#1676,#1677,#333,.T.);
#2101=EDGE_CURVE('',#1678,#1672,#334,.T.);
#2102=EDGE_CURVE('',#1679,#1678,#335,.T.);
#2103=EDGE_CURVE('',#1674,#1679,#336,.T.);
#2104=EDGE_CURVE('',#1680,#1681,#337,.T.);
#2105=EDGE_CURVE('',#1682,#1680,#338,.T.);
#2106=EDGE_CURVE('',#1683,#1682,#339,.T.);
#2107=EDGE_CURVE('',#1683,#1681,#340,.T.);
#2108=EDGE_CURVE('',#1681,#1684,#341,.T.);
#2109=EDGE_CURVE('',#1685,#1683,#342,.T.);
#2110=EDGE_CURVE('',#1684,#1685,#343,.T.);
#2111=EDGE_CURVE('',#1686,#1680,#344,.T.);
#2112=EDGE_CURVE('',#1687,#1686,#345,.T.);
#2113=EDGE_CURVE('',#1682,#1687,#346,.T.);
#2114=EDGE_CURVE('',#1688,#1689,#347,.T.);
#2115=EDGE_CURVE('',#1690,#1688,#348,.T.);
#2116=EDGE_CURVE('',#1691,#1690,#349,.T.);
#2117=EDGE_CURVE('',#1691,#1689,#350,.T.);
#2118=EDGE_CURVE('',#1689,#1692,#351,.T.);
#2119=EDGE_CURVE('',#1693,#1691,#352,.T.);
#2120=EDGE_CURVE('',#1692,#1693,#353,.T.);
#2121=EDGE_CURVE('',#1694,#1688,#354,.T.);
#2122=EDGE_CURVE('',#1695,#1694,#355,.T.);
#2123=EDGE_CURVE('',#1690,#1695,#356,.T.);
#2124=EDGE_CURVE('',#1696,#1697,#357,.T.);
#2125=EDGE_CURVE('',#1698,#1696,#358,.T.);
#2126=EDGE_CURVE('',#1699,#1698,#359,.T.);
#2127=EDGE_CURVE('',#1699,#1697,#360,.T.);
#2128=EDGE_CURVE('',#1697,#1700,#361,.T.);
#2129=EDGE_CURVE('',#1701,#1699,#362,.T.);
#2130=EDGE_CURVE('',#1700,#1701,#363,.T.);
#2131=EDGE_CURVE('',#1702,#1696,#364,.T.);
#2132=EDGE_CURVE('',#1703,#1702,#365,.T.);
#2133=EDGE_CURVE('',#1698,#1703,#366,.T.);
#2134=EDGE_CURVE('',#1704,#1705,#367,.T.);
#2135=EDGE_CURVE('',#1706,#1704,#368,.T.);
#2136=EDGE_CURVE('',#1707,#1706,#369,.T.);
#2137=EDGE_CURVE('',#1707,#1705,#370,.T.);
#2138=EDGE_CURVE('',#1705,#1708,#371,.T.);
#2139=EDGE_CURVE('',#1709,#1707,#372,.T.);
#2140=EDGE_CURVE('',#1708,#1709,#373,.T.);
#2141=EDGE_CURVE('',#1710,#1704,#374,.T.);
#2142=EDGE_CURVE('',#1711,#1710,#375,.T.);
#2143=EDGE_CURVE('',#1706,#1711,#376,.T.);
#2144=EDGE_CURVE('',#1712,#1713,#377,.T.);
#2145=EDGE_CURVE('',#1714,#1712,#378,.T.);
#2146=EDGE_CURVE('',#1715,#1714,#379,.T.);
#2147=EDGE_CURVE('',#1715,#1713,#380,.T.);
#2148=EDGE_CURVE('',#1713,#1716,#381,.T.);
#2149=EDGE_CURVE('',#1717,#1715,#382,.T.);
#2150=EDGE_CURVE('',#1716,#1717,#383,.T.);
#2151=EDGE_CURVE('',#1718,#1712,#384,.T.);
#2152=EDGE_CURVE('',#1719,#1718,#385,.T.);
#2153=EDGE_CURVE('',#1714,#1719,#386,.T.);
#2154=EDGE_CURVE('',#1720,#1721,#387,.T.);
#2155=EDGE_CURVE('',#1722,#1720,#388,.T.);
#2156=EDGE_CURVE('',#1723,#1722,#389,.T.);
#2157=EDGE_CURVE('',#1723,#1721,#390,.T.);
#2158=EDGE_CURVE('',#1721,#1724,#391,.T.);
#2159=EDGE_CURVE('',#1725,#1723,#392,.T.);
#2160=EDGE_CURVE('',#1724,#1725,#393,.T.);
#2161=EDGE_CURVE('',#1726,#1720,#394,.T.);
#2162=EDGE_CURVE('',#1727,#1726,#395,.T.);
#2163=EDGE_CURVE('',#1722,#1727,#396,.T.);
#2164=EDGE_CURVE('',#1728,#1729,#397,.T.);
#2165=EDGE_CURVE('',#1730,#1728,#398,.T.);
#2166=EDGE_CURVE('',#1731,#1730,#399,.T.);
#2167=EDGE_CURVE('',#1731,#1729,#400,.T.);
#2168=EDGE_CURVE('',#1729,#1732,#401,.T.);
#2169=EDGE_CURVE('',#1733,#1731,#402,.T.);
#2170=EDGE_CURVE('',#1732,#1733,#403,.T.);
#2171=EDGE_CURVE('',#1734,#1728,#404,.T.);
#2172=EDGE_CURVE('',#1735,#1734,#405,.T.);
#2173=EDGE_CURVE('',#1730,#1735,#406,.T.);
#2174=EDGE_CURVE('',#1736,#1737,#407,.T.);
#2175=EDGE_CURVE('',#1738,#1736,#408,.T.);
#2176=EDGE_CURVE('',#1739,#1738,#409,.T.);
#2177=EDGE_CURVE('',#1739,#1737,#410,.T.);
#2178=EDGE_CURVE('',#1737,#1740,#411,.T.);
#2179=EDGE_CURVE('',#1741,#1739,#412,.T.);
#2180=EDGE_CURVE('',#1740,#1741,#413,.T.);
#2181=EDGE_CURVE('',#1742,#1736,#414,.T.);
#2182=EDGE_CURVE('',#1743,#1742,#415,.T.);
#2183=EDGE_CURVE('',#1738,#1743,#416,.T.);
#2184=EDGE_CURVE('',#1744,#1745,#417,.T.);
#2185=EDGE_CURVE('',#1746,#1744,#418,.T.);
#2186=EDGE_CURVE('',#1747,#1746,#419,.T.);
#2187=EDGE_CURVE('',#1747,#1745,#420,.T.);
#2188=EDGE_CURVE('',#1745,#1748,#421,.T.);
#2189=EDGE_CURVE('',#1749,#1747,#422,.T.);
#2190=EDGE_CURVE('',#1748,#1749,#423,.T.);
#2191=EDGE_CURVE('',#1750,#1744,#424,.T.);
#2192=EDGE_CURVE('',#1751,#1750,#425,.T.);
#2193=EDGE_CURVE('',#1746,#1751,#426,.T.);
#2194=EDGE_CURVE('',#1752,#1753,#427,.T.);
#2195=EDGE_CURVE('',#1754,#1752,#428,.T.);
#2196=EDGE_CURVE('',#1755,#1754,#429,.T.);
#2197=EDGE_CURVE('',#1755,#1753,#430,.T.);
#2198=EDGE_CURVE('',#1753,#1756,#431,.T.);
#2199=EDGE_CURVE('',#1757,#1755,#432,.T.);
#2200=EDGE_CURVE('',#1756,#1757,#433,.T.);
#2201=EDGE_CURVE('',#1758,#1752,#434,.T.);
#2202=EDGE_CURVE('',#1759,#1758,#435,.T.);
#2203=EDGE_CURVE('',#1754,#1759,#436,.T.);
#2204=EDGE_CURVE('',#1760,#1761,#437,.T.);
#2205=EDGE_CURVE('',#1762,#1760,#438,.T.);
#2206=EDGE_CURVE('',#1763,#1762,#439,.T.);
#2207=EDGE_CURVE('',#1763,#1761,#440,.T.);
#2208=EDGE_CURVE('',#1761,#1764,#441,.T.);
#2209=EDGE_CURVE('',#1765,#1763,#442,.T.);
#2210=EDGE_CURVE('',#1764,#1765,#443,.T.);
#2211=EDGE_CURVE('',#1766,#1760,#444,.T.);
#2212=EDGE_CURVE('',#1767,#1766,#445,.T.);
#2213=EDGE_CURVE('',#1762,#1767,#446,.T.);
#2214=EDGE_CURVE('',#1768,#1769,#447,.T.);
#2215=EDGE_CURVE('',#1770,#1768,#448,.T.);
#2216=EDGE_CURVE('',#1771,#1770,#449,.T.);
#2217=EDGE_CURVE('',#1771,#1769,#450,.T.);
#2218=EDGE_CURVE('',#1769,#1772,#451,.T.);
#2219=EDGE_CURVE('',#1773,#1771,#452,.T.);
#2220=EDGE_CURVE('',#1772,#1773,#453,.T.);
#2221=EDGE_CURVE('',#1774,#1768,#454,.T.);
#2222=EDGE_CURVE('',#1775,#1774,#455,.T.);
#2223=EDGE_CURVE('',#1770,#1775,#456,.T.);
#2224=EDGE_CURVE('',#1776,#1777,#457,.T.);
#2225=EDGE_CURVE('',#1778,#1776,#458,.T.);
#2226=EDGE_CURVE('',#1779,#1778,#459,.T.);
#2227=EDGE_CURVE('',#1779,#1777,#460,.T.);
#2228=EDGE_CURVE('',#1777,#1780,#461,.T.);
#2229=EDGE_CURVE('',#1781,#1779,#462,.T.);
#2230=EDGE_CURVE('',#1780,#1781,#463,.T.);
#2231=EDGE_CURVE('',#1782,#1776,#464,.T.);
#2232=EDGE_CURVE('',#1783,#1782,#465,.T.);
#2233=EDGE_CURVE('',#1778,#1783,#466,.T.);
#2234=EDGE_CURVE('',#1784,#1785,#467,.T.);
#2235=EDGE_CURVE('',#1786,#1784,#468,.T.);
#2236=EDGE_CURVE('',#1787,#1786,#469,.T.);
#2237=EDGE_CURVE('',#1787,#1785,#470,.T.);
#2238=EDGE_CURVE('',#1785,#1788,#471,.T.);
#2239=EDGE_CURVE('',#1789,#1787,#472,.T.);
#2240=EDGE_CURVE('',#1788,#1789,#473,.T.);
#2241=EDGE_CURVE('',#1790,#1784,#474,.T.);
#2242=EDGE_CURVE('',#1791,#1790,#475,.T.);
#2243=EDGE_CURVE('',#1786,#1791,#476,.T.);
#2244=EDGE_CURVE('',#1792,#1793,#477,.T.);
#2245=EDGE_CURVE('',#1794,#1792,#478,.T.);
#2246=EDGE_CURVE('',#1795,#1794,#479,.T.);
#2247=EDGE_CURVE('',#1795,#1793,#480,.T.);
#2248=EDGE_CURVE('',#1793,#1796,#481,.T.);
#2249=EDGE_CURVE('',#1797,#1795,#482,.T.);
#2250=EDGE_CURVE('',#1796,#1797,#483,.T.);
#2251=EDGE_CURVE('',#1798,#1792,#484,.T.);
#2252=EDGE_CURVE('',#1799,#1798,#485,.T.);
#2253=EDGE_CURVE('',#1794,#1799,#486,.T.);
#2254=EDGE_CURVE('',#1800,#1801,#487,.T.);
#2255=EDGE_CURVE('',#1802,#1800,#488,.T.);
#2256=EDGE_CURVE('',#1803,#1802,#489,.T.);
#2257=EDGE_CURVE('',#1803,#1801,#490,.T.);
#2258=EDGE_CURVE('',#1801,#1804,#491,.T.);
#2259=EDGE_CURVE('',#1805,#1803,#492,.T.);
#2260=EDGE_CURVE('',#1804,#1805,#493,.T.);
#2261=EDGE_CURVE('',#1806,#1800,#494,.T.);
#2262=EDGE_CURVE('',#1807,#1806,#495,.T.);
#2263=EDGE_CURVE('',#1802,#1807,#496,.T.);
#2264=EDGE_CURVE('',#1808,#1809,#497,.T.);
#2265=EDGE_CURVE('',#1810,#1808,#498,.T.);
#2266=EDGE_CURVE('',#1811,#1810,#499,.T.);
#2267=EDGE_CURVE('',#1811,#1809,#500,.T.);
#2268=EDGE_CURVE('',#1809,#1812,#501,.T.);
#2269=EDGE_CURVE('',#1813,#1811,#502,.T.);
#2270=EDGE_CURVE('',#1812,#1813,#503,.T.);
#2271=EDGE_CURVE('',#1814,#1808,#504,.T.);
#2272=EDGE_CURVE('',#1815,#1814,#505,.T.);
#2273=EDGE_CURVE('',#1810,#1815,#506,.T.);
#2274=EDGE_CURVE('',#1468,#1478,#1366,.T.);
#2275=EDGE_CURVE('',#1476,#1486,#1367,.T.);
#2276=EDGE_CURVE('',#1484,#1494,#1368,.T.);
#2277=EDGE_CURVE('',#1492,#1502,#1369,.T.);
#2278=EDGE_CURVE('',#1500,#1510,#1370,.T.);
#2279=EDGE_CURVE('',#1508,#1518,#1371,.T.);
#2280=EDGE_CURVE('',#1516,#1526,#1372,.T.);
#2281=EDGE_CURVE('',#1524,#1534,#1373,.T.);
#2282=EDGE_CURVE('',#1532,#1542,#1374,.T.);
#2283=EDGE_CURVE('',#1540,#1550,#1375,.T.);
#2284=EDGE_CURVE('',#1548,#1558,#1376,.T.);
#2285=EDGE_CURVE('',#1556,#1566,#1377,.T.);
#2286=EDGE_CURVE('',#1564,#1574,#1378,.T.);
#2287=EDGE_CURVE('',#1572,#1582,#1379,.T.);
#2288=EDGE_CURVE('',#1580,#1590,#1380,.T.);
#2289=EDGE_CURVE('',#1588,#1598,#1381,.T.);
#2290=EDGE_CURVE('',#1596,#1606,#1382,.T.);
#2291=EDGE_CURVE('',#1604,#1614,#1383,.T.);
#2292=EDGE_CURVE('',#1612,#1622,#1384,.T.);
#2293=EDGE_CURVE('',#1620,#1630,#1385,.T.);
#2294=EDGE_CURVE('',#1628,#1638,#1386,.T.);
#2295=EDGE_CURVE('',#1636,#1646,#1387,.T.);
#2296=EDGE_CURVE('',#1644,#1654,#1388,.T.);
#2297=EDGE_CURVE('',#1652,#1662,#1389,.T.);
#2298=EDGE_CURVE('',#1660,#1670,#1390,.T.);
#2299=EDGE_CURVE('',#1668,#1678,#1391,.T.);
#2300=EDGE_CURVE('',#1676,#1686,#1392,.T.);
#2301=EDGE_CURVE('',#1684,#1694,#1393,.T.);
#2302=EDGE_CURVE('',#1692,#1702,#1394,.T.);
#2303=EDGE_CURVE('',#1700,#1710,#1395,.T.);
#2304=EDGE_CURVE('',#1708,#1718,#1396,.T.);
#2305=EDGE_CURVE('',#1716,#1726,#1397,.T.);
#2306=EDGE_CURVE('',#1724,#1734,#1398,.T.);
#2307=EDGE_CURVE('',#1732,#1742,#1399,.T.);
#2308=EDGE_CURVE('',#1740,#1750,#1400,.T.);
#2309=EDGE_CURVE('',#1748,#1758,#1401,.T.);
#2310=EDGE_CURVE('',#1756,#1766,#1402,.T.);
#2311=EDGE_CURVE('',#1764,#1774,#1403,.T.);
#2312=EDGE_CURVE('',#1772,#1782,#1404,.T.);
#2313=EDGE_CURVE('',#1780,#1790,#1405,.T.);
#2314=EDGE_CURVE('',#1788,#1798,#1406,.T.);
#2315=EDGE_CURVE('',#1796,#1806,#1407,.T.);
#2316=EDGE_CURVE('',#1804,#1814,#1408,.T.);
#2317=EDGE_CURVE('',#1812,#1816,#1409,.T.);
#2318=EDGE_CURVE('',#1816,#1817,#507,.T.);
#2319=EDGE_CURVE('',#1817,#1818,#508,.T.);
#2320=EDGE_CURVE('',#1818,#1819,#509,.T.);
#2321=EDGE_CURVE('',#1819,#1470,#1410,.T.);
#2322=EDGE_CURVE('',#1820,#1820,#1411,.T.);
#2323=EDGE_CURVE('',#1821,#1813,#1412,.T.);
#2324=EDGE_CURVE('',#1821,#1816,#510,.T.);
#2325=EDGE_CURVE('',#1815,#1805,#1413,.T.);
#2326=EDGE_CURVE('',#1807,#1797,#1414,.T.);
#2327=EDGE_CURVE('',#1799,#1789,#1415,.T.);
#2328=EDGE_CURVE('',#1791,#1781,#1416,.T.);
#2329=EDGE_CURVE('',#1783,#1773,#1417,.T.);
#2330=EDGE_CURVE('',#1775,#1765,#1418,.T.);
#2331=EDGE_CURVE('',#1767,#1757,#1419,.T.);
#2332=EDGE_CURVE('',#1759,#1749,#1420,.T.);
#2333=EDGE_CURVE('',#1751,#1741,#1421,.T.);
#2334=EDGE_CURVE('',#1743,#1733,#1422,.T.);
#2335=EDGE_CURVE('',#1735,#1725,#1423,.T.);
#2336=EDGE_CURVE('',#1727,#1717,#1424,.T.);
#2337=EDGE_CURVE('',#1719,#1709,#1425,.T.);
#2338=EDGE_CURVE('',#1711,#1701,#1426,.T.);
#2339=EDGE_CURVE('',#1703,#1693,#1427,.T.);
#2340=EDGE_CURVE('',#1695,#1685,#1428,.T.);
#2341=EDGE_CURVE('',#1687,#1677,#1429,.T.);
#2342=EDGE_CURVE('',#1679,#1669,#1430,.T.);
#2343=EDGE_CURVE('',#1671,#1661,#1431,.T.);
#2344=EDGE_CURVE('',#1663,#1653,#1432,.T.);
#2345=EDGE_CURVE('',#1655,#1645,#1433,.T.);
#2346=EDGE_CURVE('',#1647,#1637,#1434,.T.);
#2347=EDGE_CURVE('',#1639,#1629,#1435,.T.);
#2348=EDGE_CURVE('',#1631,#1621,#1436,.T.);
#2349=EDGE_CURVE('',#1623,#1613,#1437,.T.);
#2350=EDGE_CURVE('',#1615,#1605,#1438,.T.);
#2351=EDGE_CURVE('',#1607,#1597,#1439,.T.);
#2352=EDGE_CURVE('',#1599,#1589,#1440,.T.);
#2353=EDGE_CURVE('',#1591,#1581,#1441,.T.);
#2354=EDGE_CURVE('',#1583,#1573,#1442,.T.);
#2355=EDGE_CURVE('',#1575,#1565,#1443,.T.);
#2356=EDGE_CURVE('',#1567,#1557,#1444,.T.);
#2357=EDGE_CURVE('',#1559,#1549,#1445,.T.);
#2358=EDGE_CURVE('',#1551,#1541,#1446,.T.);
#2359=EDGE_CURVE('',#1543,#1533,#1447,.T.);
#2360=EDGE_CURVE('',#1535,#1525,#1448,.T.);
#2361=EDGE_CURVE('',#1527,#1517,#1449,.T.);
#2362=EDGE_CURVE('',#1519,#1509,#1450,.T.);
#2363=EDGE_CURVE('',#1511,#1501,#1451,.T.);
#2364=EDGE_CURVE('',#1503,#1493,#1452,.T.);
#2365=EDGE_CURVE('',#1495,#1485,#1453,.T.);
#2366=EDGE_CURVE('',#1487,#1477,#1454,.T.);
#2367=EDGE_CURVE('',#1479,#1469,#1455,.T.);
#2368=EDGE_CURVE('',#1822,#1817,#511,.T.);
#2369=EDGE_CURVE('',#1823,#1822,#512,.T.);
#2370=EDGE_CURVE('',#1823,#1818,#513,.T.);
#2371=EDGE_CURVE('',#1824,#1823,#514,.T.);
#2372=EDGE_CURVE('',#1819,#1824,#515,.T.);
#2373=EDGE_CURVE('',#1822,#1821,#516,.T.);
#2374=EDGE_CURVE('',#1825,#1826,#1456,.T.);
#2375=EDGE_CURVE('',#1825,#1461,#517,.T.);
#2376=EDGE_CURVE('',#1460,#1826,#518,.T.);
#2377=EDGE_CURVE('',#1827,#1825,#519,.T.);
#2378=EDGE_CURVE('',#1827,#1462,#520,.T.);
#2379=EDGE_CURVE('',#1820,#1459,#521,.T.);
#2380=EDGE_CURVE('',#1828,#1827,#1457,.T.);
#2381=EDGE_CURVE('',#1828,#1463,#522,.T.);
#2382=EDGE_CURVE('',#1826,#1828,#523,.T.);
#2383=EDGE_CURVE('',#1471,#1824,#1458,.T.);
#2384=ORIENTED_EDGE('',*,*,#1829,.T.);
#2385=ORIENTED_EDGE('',*,*,#1830,.T.);
#2386=ORIENTED_EDGE('',*,*,#1831,.T.);
#2387=ORIENTED_EDGE('',*,*,#1832,.T.);
#2388=ORIENTED_EDGE('',*,*,#1833,.T.);
#2389=ORIENTED_EDGE('',*,*,#1834,.F.);
#2390=ORIENTED_EDGE('',*,*,#1835,.F.);
#2391=ORIENTED_EDGE('',*,*,#1836,.F.);
#2392=ORIENTED_EDGE('',*,*,#1837,.T.);
#2393=ORIENTED_EDGE('',*,*,#1838,.F.);
#2394=ORIENTED_EDGE('',*,*,#1837,.F.);
#2395=ORIENTED_EDGE('',*,*,#1839,.F.);
#2396=ORIENTED_EDGE('',*,*,#1840,.F.);
#2397=ORIENTED_EDGE('',*,*,#1841,.F.);
#2398=ORIENTED_EDGE('',*,*,#1842,.F.);
#2399=ORIENTED_EDGE('',*,*,#1843,.F.);
#2400=ORIENTED_EDGE('',*,*,#1835,.T.);
#2401=ORIENTED_EDGE('',*,*,#1844,.F.);
#2402=ORIENTED_EDGE('',*,*,#1845,.F.);
#2403=ORIENTED_EDGE('',*,*,#1846,.F.);
#2404=ORIENTED_EDGE('',*,*,#1847,.T.);
#2405=ORIENTED_EDGE('',*,*,#1848,.F.);
#2406=ORIENTED_EDGE('',*,*,#1847,.F.);
#2407=ORIENTED_EDGE('',*,*,#1849,.F.);
#2408=ORIENTED_EDGE('',*,*,#1850,.F.);
#2409=ORIENTED_EDGE('',*,*,#1851,.F.);
#2410=ORIENTED_EDGE('',*,*,#1852,.F.);
#2411=ORIENTED_EDGE('',*,*,#1853,.F.);
#2412=ORIENTED_EDGE('',*,*,#1845,.T.);
#2413=ORIENTED_EDGE('',*,*,#1854,.F.);
#2414=ORIENTED_EDGE('',*,*,#1855,.F.);
#2415=ORIENTED_EDGE('',*,*,#1856,.F.);
#2416=ORIENTED_EDGE('',*,*,#1857,.T.);
#2417=ORIENTED_EDGE('',*,*,#1858,.F.);
#2418=ORIENTED_EDGE('',*,*,#1857,.F.);
#2419=ORIENTED_EDGE('',*,*,#1859,.F.);
#2420=ORIENTED_EDGE('',*,*,#1860,.F.);
#2421=ORIENTED_EDGE('',*,*,#1861,.F.);
#2422=ORIENTED_EDGE('',*,*,#1862,.F.);
#2423=ORIENTED_EDGE('',*,*,#1863,.F.);
#2424=ORIENTED_EDGE('',*,*,#1855,.T.);
#2425=ORIENTED_EDGE('',*,*,#1864,.F.);
#2426=ORIENTED_EDGE('',*,*,#1865,.F.);
#2427=ORIENTED_EDGE('',*,*,#1866,.F.);
#2428=ORIENTED_EDGE('',*,*,#1867,.T.);
#2429=ORIENTED_EDGE('',*,*,#1868,.F.);
#2430=ORIENTED_EDGE('',*,*,#1867,.F.);
#2431=ORIENTED_EDGE('',*,*,#1869,.F.);
#2432=ORIENTED_EDGE('',*,*,#1870,.F.);
#2433=ORIENTED_EDGE('',*,*,#1871,.F.);
#2434=ORIENTED_EDGE('',*,*,#1872,.F.);
#2435=ORIENTED_EDGE('',*,*,#1873,.F.);
#2436=ORIENTED_EDGE('',*,*,#1865,.T.);
#2437=ORIENTED_EDGE('',*,*,#1874,.F.);
#2438=ORIENTED_EDGE('',*,*,#1875,.F.);
#2439=ORIENTED_EDGE('',*,*,#1876,.F.);
#2440=ORIENTED_EDGE('',*,*,#1877,.T.);
#2441=ORIENTED_EDGE('',*,*,#1878,.F.);
#2442=ORIENTED_EDGE('',*,*,#1877,.F.);
#2443=ORIENTED_EDGE('',*,*,#1879,.F.);
#2444=ORIENTED_EDGE('',*,*,#1880,.F.);
#2445=ORIENTED_EDGE('',*,*,#1881,.F.);
#2446=ORIENTED_EDGE('',*,*,#1882,.F.);
#2447=ORIENTED_EDGE('',*,*,#1883,.F.);
#2448=ORIENTED_EDGE('',*,*,#1875,.T.);
#2449=ORIENTED_EDGE('',*,*,#1884,.F.);
#2450=ORIENTED_EDGE('',*,*,#1885,.F.);
#2451=ORIENTED_EDGE('',*,*,#1886,.F.);
#2452=ORIENTED_EDGE('',*,*,#1887,.T.);
#2453=ORIENTED_EDGE('',*,*,#1888,.F.);
#2454=ORIENTED_EDGE('',*,*,#1887,.F.);
#2455=ORIENTED_EDGE('',*,*,#1889,.F.);
#2456=ORIENTED_EDGE('',*,*,#1890,.F.);
#2457=ORIENTED_EDGE('',*,*,#1891,.F.);
#2458=ORIENTED_EDGE('',*,*,#1892,.F.);
#2459=ORIENTED_EDGE('',*,*,#1893,.F.);
#2460=ORIENTED_EDGE('',*,*,#1885,.T.);
#2461=ORIENTED_EDGE('',*,*,#1894,.F.);
#2462=ORIENTED_EDGE('',*,*,#1895,.F.);
#2463=ORIENTED_EDGE('',*,*,#1896,.F.);
#2464=ORIENTED_EDGE('',*,*,#1897,.T.);
#2465=ORIENTED_EDGE('',*,*,#1898,.F.);
#2466=ORIENTED_EDGE('',*,*,#1897,.F.);
#2467=ORIENTED_EDGE('',*,*,#1899,.F.);
#2468=ORIENTED_EDGE('',*,*,#1900,.F.);
#2469=ORIENTED_EDGE('',*,*,#1901,.F.);
#2470=ORIENTED_EDGE('',*,*,#1902,.F.);
#2471=ORIENTED_EDGE('',*,*,#1903,.F.);
#2472=ORIENTED_EDGE('',*,*,#1895,.T.);
#2473=ORIENTED_EDGE('',*,*,#1904,.F.);
#2474=ORIENTED_EDGE('',*,*,#1905,.F.);
#2475=ORIENTED_EDGE('',*,*,#1906,.F.);
#2476=ORIENTED_EDGE('',*,*,#1907,.T.);
#2477=ORIENTED_EDGE('',*,*,#1908,.F.);
#2478=ORIENTED_EDGE('',*,*,#1907,.F.);
#2479=ORIENTED_EDGE('',*,*,#1909,.F.);
#2480=ORIENTED_EDGE('',*,*,#1910,.F.);
#2481=ORIENTED_EDGE('',*,*,#1911,.F.);
#2482=ORIENTED_EDGE('',*,*,#1912,.F.);
#2483=ORIENTED_EDGE('',*,*,#1913,.F.);
#2484=ORIENTED_EDGE('',*,*,#1905,.T.);
#2485=ORIENTED_EDGE('',*,*,#1914,.F.);
#2486=ORIENTED_EDGE('',*,*,#1915,.F.);
#2487=ORIENTED_EDGE('',*,*,#1916,.F.);
#2488=ORIENTED_EDGE('',*,*,#1917,.T.);
#2489=ORIENTED_EDGE('',*,*,#1918,.F.);
#2490=ORIENTED_EDGE('',*,*,#1917,.F.);
#2491=ORIENTED_EDGE('',*,*,#1919,.F.);
#2492=ORIENTED_EDGE('',*,*,#1920,.F.);
#2493=ORIENTED_EDGE('',*,*,#1921,.F.);
#2494=ORIENTED_EDGE('',*,*,#1922,.F.);
#2495=ORIENTED_EDGE('',*,*,#1923,.F.);
#2496=ORIENTED_EDGE('',*,*,#1915,.T.);
#2497=ORIENTED_EDGE('',*,*,#1924,.F.);
#2498=ORIENTED_EDGE('',*,*,#1925,.F.);
#2499=ORIENTED_EDGE('',*,*,#1926,.F.);
#2500=ORIENTED_EDGE('',*,*,#1927,.T.);
#2501=ORIENTED_EDGE('',*,*,#1928,.F.);
#2502=ORIENTED_EDGE('',*,*,#1927,.F.);
#2503=ORIENTED_EDGE('',*,*,#1929,.F.);
#2504=ORIENTED_EDGE('',*,*,#1930,.F.);
#2505=ORIENTED_EDGE('',*,*,#1931,.F.);
#2506=ORIENTED_EDGE('',*,*,#1932,.F.);
#2507=ORIENTED_EDGE('',*,*,#1933,.F.);
#2508=ORIENTED_EDGE('',*,*,#1925,.T.);
#2509=ORIENTED_EDGE('',*,*,#1934,.F.);
#2510=ORIENTED_EDGE('',*,*,#1935,.F.);
#2511=ORIENTED_EDGE('',*,*,#1936,.F.);
#2512=ORIENTED_EDGE('',*,*,#1937,.T.);
#2513=ORIENTED_EDGE('',*,*,#1938,.F.);
#2514=ORIENTED_EDGE('',*,*,#1937,.F.);
#2515=ORIENTED_EDGE('',*,*,#1939,.F.);
#2516=ORIENTED_EDGE('',*,*,#1940,.F.);
#2517=ORIENTED_EDGE('',*,*,#1941,.F.);
#2518=ORIENTED_EDGE('',*,*,#1942,.F.);
#2519=ORIENTED_EDGE('',*,*,#1943,.F.);
#2520=ORIENTED_EDGE('',*,*,#1935,.T.);
#2521=ORIENTED_EDGE('',*,*,#1944,.F.);
#2522=ORIENTED_EDGE('',*,*,#1945,.F.);
#2523=ORIENTED_EDGE('',*,*,#1946,.F.);
#2524=ORIENTED_EDGE('',*,*,#1947,.T.);
#2525=ORIENTED_EDGE('',*,*,#1948,.F.);
#2526=ORIENTED_EDGE('',*,*,#1947,.F.);
#2527=ORIENTED_EDGE('',*,*,#1949,.F.);
#2528=ORIENTED_EDGE('',*,*,#1950,.F.);
#2529=ORIENTED_EDGE('',*,*,#1951,.F.);
#2530=ORIENTED_EDGE('',*,*,#1952,.F.);
#2531=ORIENTED_EDGE('',*,*,#1953,.F.);
#2532=ORIENTED_EDGE('',*,*,#1945,.T.);
#2533=ORIENTED_EDGE('',*,*,#1954,.F.);
#2534=ORIENTED_EDGE('',*,*,#1955,.F.);
#2535=ORIENTED_EDGE('',*,*,#1956,.F.);
#2536=ORIENTED_EDGE('',*,*,#1957,.T.);
#2537=ORIENTED_EDGE('',*,*,#1958,.F.);
#2538=ORIENTED_EDGE('',*,*,#1957,.F.);
#2539=ORIENTED_EDGE('',*,*,#1959,.F.);
#2540=ORIENTED_EDGE('',*,*,#1960,.F.);
#2541=ORIENTED_EDGE('',*,*,#1961,.F.);
#2542=ORIENTED_EDGE('',*,*,#1962,.F.);
#2543=ORIENTED_EDGE('',*,*,#1963,.F.);
#2544=ORIENTED_EDGE('',*,*,#1955,.T.);
#2545=ORIENTED_EDGE('',*,*,#1964,.F.);
#2546=ORIENTED_EDGE('',*,*,#1965,.F.);
#2547=ORIENTED_EDGE('',*,*,#1966,.F.);
#2548=ORIENTED_EDGE('',*,*,#1967,.T.);
#2549=ORIENTED_EDGE('',*,*,#1968,.F.);
#2550=ORIENTED_EDGE('',*,*,#1967,.F.);
#2551=ORIENTED_EDGE('',*,*,#1969,.F.);
#2552=ORIENTED_EDGE('',*,*,#1970,.F.);
#2553=ORIENTED_EDGE('',*,*,#1971,.F.);
#2554=ORIENTED_EDGE('',*,*,#1972,.F.);
#2555=ORIENTED_EDGE('',*,*,#1973,.F.);
#2556=ORIENTED_EDGE('',*,*,#1965,.T.);
#2557=ORIENTED_EDGE('',*,*,#1974,.F.);
#2558=ORIENTED_EDGE('',*,*,#1975,.F.);
#2559=ORIENTED_EDGE('',*,*,#1976,.F.);
#2560=ORIENTED_EDGE('',*,*,#1977,.T.);
#2561=ORIENTED_EDGE('',*,*,#1978,.F.);
#2562=ORIENTED_EDGE('',*,*,#1977,.F.);
#2563=ORIENTED_EDGE('',*,*,#1979,.F.);
#2564=ORIENTED_EDGE('',*,*,#1980,.F.);
#2565=ORIENTED_EDGE('',*,*,#1981,.F.);
#2566=ORIENTED_EDGE('',*,*,#1982,.F.);
#2567=ORIENTED_EDGE('',*,*,#1983,.F.);
#2568=ORIENTED_EDGE('',*,*,#1975,.T.);
#2569=ORIENTED_EDGE('',*,*,#1984,.F.);
#2570=ORIENTED_EDGE('',*,*,#1985,.F.);
#2571=ORIENTED_EDGE('',*,*,#1986,.F.);
#2572=ORIENTED_EDGE('',*,*,#1987,.T.);
#2573=ORIENTED_EDGE('',*,*,#1988,.F.);
#2574=ORIENTED_EDGE('',*,*,#1987,.F.);
#2575=ORIENTED_EDGE('',*,*,#1989,.F.);
#2576=ORIENTED_EDGE('',*,*,#1990,.F.);
#2577=ORIENTED_EDGE('',*,*,#1991,.F.);
#2578=ORIENTED_EDGE('',*,*,#1992,.F.);
#2579=ORIENTED_EDGE('',*,*,#1993,.F.);
#2580=ORIENTED_EDGE('',*,*,#1985,.T.);
#2581=ORIENTED_EDGE('',*,*,#1994,.F.);
#2582=ORIENTED_EDGE('',*,*,#1995,.F.);
#2583=ORIENTED_EDGE('',*,*,#1996,.F.);
#2584=ORIENTED_EDGE('',*,*,#1997,.T.);
#2585=ORIENTED_EDGE('',*,*,#1998,.F.);
#2586=ORIENTED_EDGE('',*,*,#1997,.F.);
#2587=ORIENTED_EDGE('',*,*,#1999,.F.);
#2588=ORIENTED_EDGE('',*,*,#2000,.F.);
#2589=ORIENTED_EDGE('',*,*,#2001,.F.);
#2590=ORIENTED_EDGE('',*,*,#2002,.F.);
#2591=ORIENTED_EDGE('',*,*,#2003,.F.);
#2592=ORIENTED_EDGE('',*,*,#1995,.T.);
#2593=ORIENTED_EDGE('',*,*,#2004,.F.);
#2594=ORIENTED_EDGE('',*,*,#2005,.F.);
#2595=ORIENTED_EDGE('',*,*,#2006,.F.);
#2596=ORIENTED_EDGE('',*,*,#2007,.T.);
#2597=ORIENTED_EDGE('',*,*,#2008,.F.);
#2598=ORIENTED_EDGE('',*,*,#2007,.F.);
#2599=ORIENTED_EDGE('',*,*,#2009,.F.);
#2600=ORIENTED_EDGE('',*,*,#2010,.F.);
#2601=ORIENTED_EDGE('',*,*,#2011,.F.);
#2602=ORIENTED_EDGE('',*,*,#2012,.F.);
#2603=ORIENTED_EDGE('',*,*,#2013,.F.);
#2604=ORIENTED_EDGE('',*,*,#2005,.T.);
#2605=ORIENTED_EDGE('',*,*,#2014,.F.);
#2606=ORIENTED_EDGE('',*,*,#2015,.F.);
#2607=ORIENTED_EDGE('',*,*,#2016,.F.);
#2608=ORIENTED_EDGE('',*,*,#2017,.T.);
#2609=ORIENTED_EDGE('',*,*,#2018,.F.);
#2610=ORIENTED_EDGE('',*,*,#2017,.F.);
#2611=ORIENTED_EDGE('',*,*,#2019,.F.);
#2612=ORIENTED_EDGE('',*,*,#2020,.F.);
#2613=ORIENTED_EDGE('',*,*,#2021,.F.);
#2614=ORIENTED_EDGE('',*,*,#2022,.F.);
#2615=ORIENTED_EDGE('',*,*,#2023,.F.);
#2616=ORIENTED_EDGE('',*,*,#2015,.T.);
#2617=ORIENTED_EDGE('',*,*,#2024,.F.);
#2618=ORIENTED_EDGE('',*,*,#2025,.F.);
#2619=ORIENTED_EDGE('',*,*,#2026,.F.);
#2620=ORIENTED_EDGE('',*,*,#2027,.T.);
#2621=ORIENTED_EDGE('',*,*,#2028,.F.);
#2622=ORIENTED_EDGE('',*,*,#2027,.F.);
#2623=ORIENTED_EDGE('',*,*,#2029,.F.);
#2624=ORIENTED_EDGE('',*,*,#2030,.F.);
#2625=ORIENTED_EDGE('',*,*,#2031,.F.);
#2626=ORIENTED_EDGE('',*,*,#2032,.F.);
#2627=ORIENTED_EDGE('',*,*,#2033,.F.);
#2628=ORIENTED_EDGE('',*,*,#2025,.T.);
#2629=ORIENTED_EDGE('',*,*,#2034,.F.);
#2630=ORIENTED_EDGE('',*,*,#2035,.F.);
#2631=ORIENTED_EDGE('',*,*,#2036,.F.);
#2632=ORIENTED_EDGE('',*,*,#2037,.T.);
#2633=ORIENTED_EDGE('',*,*,#2038,.F.);
#2634=ORIENTED_EDGE('',*,*,#2037,.F.);
#2635=ORIENTED_EDGE('',*,*,#2039,.F.);
#2636=ORIENTED_EDGE('',*,*,#2040,.F.);
#2637=ORIENTED_EDGE('',*,*,#2041,.F.);
#2638=ORIENTED_EDGE('',*,*,#2042,.F.);
#2639=ORIENTED_EDGE('',*,*,#2043,.F.);
#2640=ORIENTED_EDGE('',*,*,#2035,.T.);
#2641=ORIENTED_EDGE('',*,*,#2044,.F.);
#2642=ORIENTED_EDGE('',*,*,#2045,.F.);
#2643=ORIENTED_EDGE('',*,*,#2046,.F.);
#2644=ORIENTED_EDGE('',*,*,#2047,.T.);
#2645=ORIENTED_EDGE('',*,*,#2048,.F.);
#2646=ORIENTED_EDGE('',*,*,#2047,.F.);
#2647=ORIENTED_EDGE('',*,*,#2049,.F.);
#2648=ORIENTED_EDGE('',*,*,#2050,.F.);
#2649=ORIENTED_EDGE('',*,*,#2051,.F.);
#2650=ORIENTED_EDGE('',*,*,#2052,.F.);
#2651=ORIENTED_EDGE('',*,*,#2053,.F.);
#2652=ORIENTED_EDGE('',*,*,#2045,.T.);
#2653=ORIENTED_EDGE('',*,*,#2054,.F.);
#2654=ORIENTED_EDGE('',*,*,#2055,.F.);
#2655=ORIENTED_EDGE('',*,*,#2056,.F.);
#2656=ORIENTED_EDGE('',*,*,#2057,.T.);
#2657=ORIENTED_EDGE('',*,*,#2058,.F.);
#2658=ORIENTED_EDGE('',*,*,#2057,.F.);
#2659=ORIENTED_EDGE('',*,*,#2059,.F.);
#2660=ORIENTED_EDGE('',*,*,#2060,.F.);
#2661=ORIENTED_EDGE('',*,*,#2061,.F.);
#2662=ORIENTED_EDGE('',*,*,#2062,.F.);
#2663=ORIENTED_EDGE('',*,*,#2063,.F.);
#2664=ORIENTED_EDGE('',*,*,#2055,.T.);
#2665=ORIENTED_EDGE('',*,*,#2064,.F.);
#2666=ORIENTED_EDGE('',*,*,#2065,.F.);
#2667=ORIENTED_EDGE('',*,*,#2066,.F.);
#2668=ORIENTED_EDGE('',*,*,#2067,.T.);
#2669=ORIENTED_EDGE('',*,*,#2068,.F.);
#2670=ORIENTED_EDGE('',*,*,#2067,.F.);
#2671=ORIENTED_EDGE('',*,*,#2069,.F.);
#2672=ORIENTED_EDGE('',*,*,#2070,.F.);
#2673=ORIENTED_EDGE('',*,*,#2071,.F.);
#2674=ORIENTED_EDGE('',*,*,#2072,.F.);
#2675=ORIENTED_EDGE('',*,*,#2073,.F.);
#2676=ORIENTED_EDGE('',*,*,#2065,.T.);
#2677=ORIENTED_EDGE('',*,*,#2074,.F.);
#2678=ORIENTED_EDGE('',*,*,#2075,.F.);
#2679=ORIENTED_EDGE('',*,*,#2076,.F.);
#2680=ORIENTED_EDGE('',*,*,#2077,.T.);
#2681=ORIENTED_EDGE('',*,*,#2078,.F.);
#2682=ORIENTED_EDGE('',*,*,#2077,.F.);
#2683=ORIENTED_EDGE('',*,*,#2079,.F.);
#2684=ORIENTED_EDGE('',*,*,#2080,.F.);
#2685=ORIENTED_EDGE('',*,*,#2081,.F.);
#2686=ORIENTED_EDGE('',*,*,#2082,.F.);
#2687=ORIENTED_EDGE('',*,*,#2083,.F.);
#2688=ORIENTED_EDGE('',*,*,#2075,.T.);
#2689=ORIENTED_EDGE('',*,*,#2084,.F.);
#2690=ORIENTED_EDGE('',*,*,#2085,.F.);
#2691=ORIENTED_EDGE('',*,*,#2086,.F.);
#2692=ORIENTED_EDGE('',*,*,#2087,.T.);
#2693=ORIENTED_EDGE('',*,*,#2088,.F.);
#2694=ORIENTED_EDGE('',*,*,#2087,.F.);
#2695=ORIENTED_EDGE('',*,*,#2089,.F.);
#2696=ORIENTED_EDGE('',*,*,#2090,.F.);
#2697=ORIENTED_EDGE('',*,*,#2091,.F.);
#2698=ORIENTED_EDGE('',*,*,#2092,.F.);
#2699=ORIENTED_EDGE('',*,*,#2093,.F.);
#2700=ORIENTED_EDGE('',*,*,#2085,.T.);
#2701=ORIENTED_EDGE('',*,*,#2094,.F.);
#2702=ORIENTED_EDGE('',*,*,#2095,.F.);
#2703=ORIENTED_EDGE('',*,*,#2096,.F.);
#2704=ORIENTED_EDGE('',*,*,#2097,.T.);
#2705=ORIENTED_EDGE('',*,*,#2098,.F.);
#2706=ORIENTED_EDGE('',*,*,#2097,.F.);
#2707=ORIENTED_EDGE('',*,*,#2099,.F.);
#2708=ORIENTED_EDGE('',*,*,#2100,.F.);
#2709=ORIENTED_EDGE('',*,*,#2101,.F.);
#2710=ORIENTED_EDGE('',*,*,#2102,.F.);
#2711=ORIENTED_EDGE('',*,*,#2103,.F.);
#2712=ORIENTED_EDGE('',*,*,#2095,.T.);
#2713=ORIENTED_EDGE('',*,*,#2104,.F.);
#2714=ORIENTED_EDGE('',*,*,#2105,.F.);
#2715=ORIENTED_EDGE('',*,*,#2106,.F.);
#2716=ORIENTED_EDGE('',*,*,#2107,.T.);
#2717=ORIENTED_EDGE('',*,*,#2108,.F.);
#2718=ORIENTED_EDGE('',*,*,#2107,.F.);
#2719=ORIENTED_EDGE('',*,*,#2109,.F.);
#2720=ORIENTED_EDGE('',*,*,#2110,.F.);
#2721=ORIENTED_EDGE('',*,*,#2111,.F.);
#2722=ORIENTED_EDGE('',*,*,#2112,.F.);
#2723=ORIENTED_EDGE('',*,*,#2113,.F.);
#2724=ORIENTED_EDGE('',*,*,#2105,.T.);
#2725=ORIENTED_EDGE('',*,*,#2114,.F.);
#2726=ORIENTED_EDGE('',*,*,#2115,.F.);
#2727=ORIENTED_EDGE('',*,*,#2116,.F.);
#2728=ORIENTED_EDGE('',*,*,#2117,.T.);
#2729=ORIENTED_EDGE('',*,*,#2118,.F.);
#2730=ORIENTED_EDGE('',*,*,#2117,.F.);
#2731=ORIENTED_EDGE('',*,*,#2119,.F.);
#2732=ORIENTED_EDGE('',*,*,#2120,.F.);
#2733=ORIENTED_EDGE('',*,*,#2121,.F.);
#2734=ORIENTED_EDGE('',*,*,#2122,.F.);
#2735=ORIENTED_EDGE('',*,*,#2123,.F.);
#2736=ORIENTED_EDGE('',*,*,#2115,.T.);
#2737=ORIENTED_EDGE('',*,*,#2124,.F.);
#2738=ORIENTED_EDGE('',*,*,#2125,.F.);
#2739=ORIENTED_EDGE('',*,*,#2126,.F.);
#2740=ORIENTED_EDGE('',*,*,#2127,.T.);
#2741=ORIENTED_EDGE('',*,*,#2128,.F.);
#2742=ORIENTED_EDGE('',*,*,#2127,.F.);
#2743=ORIENTED_EDGE('',*,*,#2129,.F.);
#2744=ORIENTED_EDGE('',*,*,#2130,.F.);
#2745=ORIENTED_EDGE('',*,*,#2131,.F.);
#2746=ORIENTED_EDGE('',*,*,#2132,.F.);
#2747=ORIENTED_EDGE('',*,*,#2133,.F.);
#2748=ORIENTED_EDGE('',*,*,#2125,.T.);
#2749=ORIENTED_EDGE('',*,*,#2134,.F.);
#2750=ORIENTED_EDGE('',*,*,#2135,.F.);
#2751=ORIENTED_EDGE('',*,*,#2136,.F.);
#2752=ORIENTED_EDGE('',*,*,#2137,.T.);
#2753=ORIENTED_EDGE('',*,*,#2138,.F.);
#2754=ORIENTED_EDGE('',*,*,#2137,.F.);
#2755=ORIENTED_EDGE('',*,*,#2139,.F.);
#2756=ORIENTED_EDGE('',*,*,#2140,.F.);
#2757=ORIENTED_EDGE('',*,*,#2141,.F.);
#2758=ORIENTED_EDGE('',*,*,#2142,.F.);
#2759=ORIENTED_EDGE('',*,*,#2143,.F.);
#2760=ORIENTED_EDGE('',*,*,#2135,.T.);
#2761=ORIENTED_EDGE('',*,*,#2144,.F.);
#2762=ORIENTED_EDGE('',*,*,#2145,.F.);
#2763=ORIENTED_EDGE('',*,*,#2146,.F.);
#2764=ORIENTED_EDGE('',*,*,#2147,.T.);
#2765=ORIENTED_EDGE('',*,*,#2148,.F.);
#2766=ORIENTED_EDGE('',*,*,#2147,.F.);
#2767=ORIENTED_EDGE('',*,*,#2149,.F.);
#2768=ORIENTED_EDGE('',*,*,#2150,.F.);
#2769=ORIENTED_EDGE('',*,*,#2151,.F.);
#2770=ORIENTED_EDGE('',*,*,#2152,.F.);
#2771=ORIENTED_EDGE('',*,*,#2153,.F.);
#2772=ORIENTED_EDGE('',*,*,#2145,.T.);
#2773=ORIENTED_EDGE('',*,*,#2154,.F.);
#2774=ORIENTED_EDGE('',*,*,#2155,.F.);
#2775=ORIENTED_EDGE('',*,*,#2156,.F.);
#2776=ORIENTED_EDGE('',*,*,#2157,.T.);
#2777=ORIENTED_EDGE('',*,*,#2158,.F.);
#2778=ORIENTED_EDGE('',*,*,#2157,.F.);
#2779=ORIENTED_EDGE('',*,*,#2159,.F.);
#2780=ORIENTED_EDGE('',*,*,#2160,.F.);
#2781=ORIENTED_EDGE('',*,*,#2161,.F.);
#2782=ORIENTED_EDGE('',*,*,#2162,.F.);
#2783=ORIENTED_EDGE('',*,*,#2163,.F.);
#2784=ORIENTED_EDGE('',*,*,#2155,.T.);
#2785=ORIENTED_EDGE('',*,*,#2164,.F.);
#2786=ORIENTED_EDGE('',*,*,#2165,.F.);
#2787=ORIENTED_EDGE('',*,*,#2166,.F.);
#2788=ORIENTED_EDGE('',*,*,#2167,.T.);
#2789=ORIENTED_EDGE('',*,*,#2168,.F.);
#2790=ORIENTED_EDGE('',*,*,#2167,.F.);
#2791=ORIENTED_EDGE('',*,*,#2169,.F.);
#2792=ORIENTED_EDGE('',*,*,#2170,.F.);
#2793=ORIENTED_EDGE('',*,*,#2171,.F.);
#2794=ORIENTED_EDGE('',*,*,#2172,.F.);
#2795=ORIENTED_EDGE('',*,*,#2173,.F.);
#2796=ORIENTED_EDGE('',*,*,#2165,.T.);
#2797=ORIENTED_EDGE('',*,*,#2174,.F.);
#2798=ORIENTED_EDGE('',*,*,#2175,.F.);
#2799=ORIENTED_EDGE('',*,*,#2176,.F.);
#2800=ORIENTED_EDGE('',*,*,#2177,.T.);
#2801=ORIENTED_EDGE('',*,*,#2178,.F.);
#2802=ORIENTED_EDGE('',*,*,#2177,.F.);
#2803=ORIENTED_EDGE('',*,*,#2179,.F.);
#2804=ORIENTED_EDGE('',*,*,#2180,.F.);
#2805=ORIENTED_EDGE('',*,*,#2181,.F.);
#2806=ORIENTED_EDGE('',*,*,#2182,.F.);
#2807=ORIENTED_EDGE('',*,*,#2183,.F.);
#2808=ORIENTED_EDGE('',*,*,#2175,.T.);
#2809=ORIENTED_EDGE('',*,*,#2184,.F.);
#2810=ORIENTED_EDGE('',*,*,#2185,.F.);
#2811=ORIENTED_EDGE('',*,*,#2186,.F.);
#2812=ORIENTED_EDGE('',*,*,#2187,.T.);
#2813=ORIENTED_EDGE('',*,*,#2188,.F.);
#2814=ORIENTED_EDGE('',*,*,#2187,.F.);
#2815=ORIENTED_EDGE('',*,*,#2189,.F.);
#2816=ORIENTED_EDGE('',*,*,#2190,.F.);
#2817=ORIENTED_EDGE('',*,*,#2191,.F.);
#2818=ORIENTED_EDGE('',*,*,#2192,.F.);
#2819=ORIENTED_EDGE('',*,*,#2193,.F.);
#2820=ORIENTED_EDGE('',*,*,#2185,.T.);
#2821=ORIENTED_EDGE('',*,*,#2194,.F.);
#2822=ORIENTED_EDGE('',*,*,#2195,.F.);
#2823=ORIENTED_EDGE('',*,*,#2196,.F.);
#2824=ORIENTED_EDGE('',*,*,#2197,.T.);
#2825=ORIENTED_EDGE('',*,*,#2198,.F.);
#2826=ORIENTED_EDGE('',*,*,#2197,.F.);
#2827=ORIENTED_EDGE('',*,*,#2199,.F.);
#2828=ORIENTED_EDGE('',*,*,#2200,.F.);
#2829=ORIENTED_EDGE('',*,*,#2201,.F.);
#2830=ORIENTED_EDGE('',*,*,#2202,.F.);
#2831=ORIENTED_EDGE('',*,*,#2203,.F.);
#2832=ORIENTED_EDGE('',*,*,#2195,.T.);
#2833=ORIENTED_EDGE('',*,*,#2204,.F.);
#2834=ORIENTED_EDGE('',*,*,#2205,.F.);
#2835=ORIENTED_EDGE('',*,*,#2206,.F.);
#2836=ORIENTED_EDGE('',*,*,#2207,.T.);
#2837=ORIENTED_EDGE('',*,*,#2208,.F.);
#2838=ORIENTED_EDGE('',*,*,#2207,.F.);
#2839=ORIENTED_EDGE('',*,*,#2209,.F.);
#2840=ORIENTED_EDGE('',*,*,#2210,.F.);
#2841=ORIENTED_EDGE('',*,*,#2211,.F.);
#2842=ORIENTED_EDGE('',*,*,#2212,.F.);
#2843=ORIENTED_EDGE('',*,*,#2213,.F.);
#2844=ORIENTED_EDGE('',*,*,#2205,.T.);
#2845=ORIENTED_EDGE('',*,*,#2214,.F.);
#2846=ORIENTED_EDGE('',*,*,#2215,.F.);
#2847=ORIENTED_EDGE('',*,*,#2216,.F.);
#2848=ORIENTED_EDGE('',*,*,#2217,.T.);
#2849=ORIENTED_EDGE('',*,*,#2218,.F.);
#2850=ORIENTED_EDGE('',*,*,#2217,.F.);
#2851=ORIENTED_EDGE('',*,*,#2219,.F.);
#2852=ORIENTED_EDGE('',*,*,#2220,.F.);
#2853=ORIENTED_EDGE('',*,*,#2221,.F.);
#2854=ORIENTED_EDGE('',*,*,#2222,.F.);
#2855=ORIENTED_EDGE('',*,*,#2223,.F.);
#2856=ORIENTED_EDGE('',*,*,#2215,.T.);
#2857=ORIENTED_EDGE('',*,*,#2224,.F.);
#2858=ORIENTED_EDGE('',*,*,#2225,.F.);
#2859=ORIENTED_EDGE('',*,*,#2226,.F.);
#2860=ORIENTED_EDGE('',*,*,#2227,.T.);
#2861=ORIENTED_EDGE('',*,*,#2228,.F.);
#2862=ORIENTED_EDGE('',*,*,#2227,.F.);
#2863=ORIENTED_EDGE('',*,*,#2229,.F.);
#2864=ORIENTED_EDGE('',*,*,#2230,.F.);
#2865=ORIENTED_EDGE('',*,*,#2231,.F.);
#2866=ORIENTED_EDGE('',*,*,#2232,.F.);
#2867=ORIENTED_EDGE('',*,*,#2233,.F.);
#2868=ORIENTED_EDGE('',*,*,#2225,.T.);
#2869=ORIENTED_EDGE('',*,*,#2234,.F.);
#2870=ORIENTED_EDGE('',*,*,#2235,.F.);
#2871=ORIENTED_EDGE('',*,*,#2236,.F.);
#2872=ORIENTED_EDGE('',*,*,#2237,.T.);
#2873=ORIENTED_EDGE('',*,*,#2238,.F.);
#2874=ORIENTED_EDGE('',*,*,#2237,.F.);
#2875=ORIENTED_EDGE('',*,*,#2239,.F.);
#2876=ORIENTED_EDGE('',*,*,#2240,.F.);
#2877=ORIENTED_EDGE('',*,*,#2241,.F.);
#2878=ORIENTED_EDGE('',*,*,#2242,.F.);
#2879=ORIENTED_EDGE('',*,*,#2243,.F.);
#2880=ORIENTED_EDGE('',*,*,#2235,.T.);
#2881=ORIENTED_EDGE('',*,*,#2244,.F.);
#2882=ORIENTED_EDGE('',*,*,#2245,.F.);
#2883=ORIENTED_EDGE('',*,*,#2246,.F.);
#2884=ORIENTED_EDGE('',*,*,#2247,.T.);
#2885=ORIENTED_EDGE('',*,*,#2248,.F.);
#2886=ORIENTED_EDGE('',*,*,#2247,.F.);
#2887=ORIENTED_EDGE('',*,*,#2249,.F.);
#2888=ORIENTED_EDGE('',*,*,#2250,.F.);
#2889=ORIENTED_EDGE('',*,*,#2251,.F.);
#2890=ORIENTED_EDGE('',*,*,#2252,.F.);
#2891=ORIENTED_EDGE('',*,*,#2253,.F.);
#2892=ORIENTED_EDGE('',*,*,#2245,.T.);
#2893=ORIENTED_EDGE('',*,*,#2254,.F.);
#2894=ORIENTED_EDGE('',*,*,#2255,.F.);
#2895=ORIENTED_EDGE('',*,*,#2256,.F.);
#2896=ORIENTED_EDGE('',*,*,#2257,.T.);
#2897=ORIENTED_EDGE('',*,*,#2258,.F.);
#2898=ORIENTED_EDGE('',*,*,#2257,.F.);
#2899=ORIENTED_EDGE('',*,*,#2259,.F.);
#2900=ORIENTED_EDGE('',*,*,#2260,.F.);
#2901=ORIENTED_EDGE('',*,*,#2261,.F.);
#2902=ORIENTED_EDGE('',*,*,#2262,.F.);
#2903=ORIENTED_EDGE('',*,*,#2263,.F.);
#2904=ORIENTED_EDGE('',*,*,#2255,.T.);
#2905=ORIENTED_EDGE('',*,*,#2264,.F.);
#2906=ORIENTED_EDGE('',*,*,#2265,.F.);
#2907=ORIENTED_EDGE('',*,*,#2266,.F.);
#2908=ORIENTED_EDGE('',*,*,#2267,.T.);
#2909=ORIENTED_EDGE('',*,*,#2268,.F.);
#2910=ORIENTED_EDGE('',*,*,#2267,.F.);
#2911=ORIENTED_EDGE('',*,*,#2269,.F.);
#2912=ORIENTED_EDGE('',*,*,#2270,.F.);
#2913=ORIENTED_EDGE('',*,*,#2271,.F.);
#2914=ORIENTED_EDGE('',*,*,#2272,.F.);
#2915=ORIENTED_EDGE('',*,*,#2273,.F.);
#2916=ORIENTED_EDGE('',*,*,#2265,.T.);
#2917=ORIENTED_EDGE('',*,*,#1841,.T.);
#2918=ORIENTED_EDGE('',*,*,#1834,.T.);
#2919=ORIENTED_EDGE('',*,*,#1838,.T.);
#2920=ORIENTED_EDGE('',*,*,#2274,.T.);
#2921=ORIENTED_EDGE('',*,*,#1851,.T.);
#2922=ORIENTED_EDGE('',*,*,#1844,.T.);
#2923=ORIENTED_EDGE('',*,*,#1848,.T.);
#2924=ORIENTED_EDGE('',*,*,#2275,.T.);
#2925=ORIENTED_EDGE('',*,*,#1861,.T.);
#2926=ORIENTED_EDGE('',*,*,#1854,.T.);
#2927=ORIENTED_EDGE('',*,*,#1858,.T.);
#2928=ORIENTED_EDGE('',*,*,#2276,.T.);
#2929=ORIENTED_EDGE('',*,*,#1871,.T.);
#2930=ORIENTED_EDGE('',*,*,#1864,.T.);
#2931=ORIENTED_EDGE('',*,*,#1868,.T.);
#2932=ORIENTED_EDGE('',*,*,#2277,.T.);
#2933=ORIENTED_EDGE('',*,*,#1881,.T.);
#2934=ORIENTED_EDGE('',*,*,#1874,.T.);
#2935=ORIENTED_EDGE('',*,*,#1878,.T.);
#2936=ORIENTED_EDGE('',*,*,#2278,.T.);
#2937=ORIENTED_EDGE('',*,*,#1891,.T.);
#2938=ORIENTED_EDGE('',*,*,#1884,.T.);
#2939=ORIENTED_EDGE('',*,*,#1888,.T.);
#2940=ORIENTED_EDGE('',*,*,#2279,.T.);
#2941=ORIENTED_EDGE('',*,*,#1901,.T.);
#2942=ORIENTED_EDGE('',*,*,#1894,.T.);
#2943=ORIENTED_EDGE('',*,*,#1898,.T.);
#2944=ORIENTED_EDGE('',*,*,#2280,.T.);
#2945=ORIENTED_EDGE('',*,*,#1911,.T.);
#2946=ORIENTED_EDGE('',*,*,#1904,.T.);
#2947=ORIENTED_EDGE('',*,*,#1908,.T.);
#2948=ORIENTED_EDGE('',*,*,#2281,.T.);
#2949=ORIENTED_EDGE('',*,*,#1921,.T.);
#2950=ORIENTED_EDGE('',*,*,#1914,.T.);
#2951=ORIENTED_EDGE('',*,*,#1918,.T.);
#2952=ORIENTED_EDGE('',*,*,#2282,.T.);
#2953=ORIENTED_EDGE('',*,*,#1931,.T.);
#2954=ORIENTED_EDGE('',*,*,#1924,.T.);
#2955=ORIENTED_EDGE('',*,*,#1928,.T.);
#2956=ORIENTED_EDGE('',*,*,#2283,.T.);
#2957=ORIENTED_EDGE('',*,*,#1941,.T.);
#2958=ORIENTED_EDGE('',*,*,#1934,.T.);
#2959=ORIENTED_EDGE('',*,*,#1938,.T.);
#2960=ORIENTED_EDGE('',*,*,#2284,.T.);
#2961=ORIENTED_EDGE('',*,*,#1951,.T.);
#2962=ORIENTED_EDGE('',*,*,#1944,.T.);
#2963=ORIENTED_EDGE('',*,*,#1948,.T.);
#2964=ORIENTED_EDGE('',*,*,#2285,.T.);
#2965=ORIENTED_EDGE('',*,*,#1961,.T.);
#2966=ORIENTED_EDGE('',*,*,#1954,.T.);
#2967=ORIENTED_EDGE('',*,*,#1958,.T.);
#2968=ORIENTED_EDGE('',*,*,#2286,.T.);
#2969=ORIENTED_EDGE('',*,*,#1971,.T.);
#2970=ORIENTED_EDGE('',*,*,#1964,.T.);
#2971=ORIENTED_EDGE('',*,*,#1968,.T.);
#2972=ORIENTED_EDGE('',*,*,#2287,.T.);
#2973=ORIENTED_EDGE('',*,*,#1981,.T.);
#2974=ORIENTED_EDGE('',*,*,#1974,.T.);
#2975=ORIENTED_EDGE('',*,*,#1978,.T.);
#2976=ORIENTED_EDGE('',*,*,#2288,.T.);
#2977=ORIENTED_EDGE('',*,*,#1991,.T.);
#2978=ORIENTED_EDGE('',*,*,#1984,.T.);
#2979=ORIENTED_EDGE('',*,*,#1988,.T.);
#2980=ORIENTED_EDGE('',*,*,#2289,.T.);
#2981=ORIENTED_EDGE('',*,*,#2001,.T.);
#2982=ORIENTED_EDGE('',*,*,#1994,.T.);
#2983=ORIENTED_EDGE('',*,*,#1998,.T.);
#2984=ORIENTED_EDGE('',*,*,#2290,.T.);
#2985=ORIENTED_EDGE('',*,*,#2011,.T.);
#2986=ORIENTED_EDGE('',*,*,#2004,.T.);
#2987=ORIENTED_EDGE('',*,*,#2008,.T.);
#2988=ORIENTED_EDGE('',*,*,#2291,.T.);
#2989=ORIENTED_EDGE('',*,*,#2021,.T.);
#2990=ORIENTED_EDGE('',*,*,#2014,.T.);
#2991=ORIENTED_EDGE('',*,*,#2018,.T.);
#2992=ORIENTED_EDGE('',*,*,#2292,.T.);
#2993=ORIENTED_EDGE('',*,*,#2031,.T.);
#2994=ORIENTED_EDGE('',*,*,#2024,.T.);
#2995=ORIENTED_EDGE('',*,*,#2028,.T.);
#2996=ORIENTED_EDGE('',*,*,#2293,.T.);
#2997=ORIENTED_EDGE('',*,*,#2041,.T.);
#2998=ORIENTED_EDGE('',*,*,#2034,.T.);
#2999=ORIENTED_EDGE('',*,*,#2038,.T.);
#3000=ORIENTED_EDGE('',*,*,#2294,.T.);
#3001=ORIENTED_EDGE('',*,*,#2051,.T.);
#3002=ORIENTED_EDGE('',*,*,#2044,.T.);
#3003=ORIENTED_EDGE('',*,*,#2048,.T.);
#3004=ORIENTED_EDGE('',*,*,#2295,.T.);
#3005=ORIENTED_EDGE('',*,*,#2061,.T.);
#3006=ORIENTED_EDGE('',*,*,#2054,.T.);
#3007=ORIENTED_EDGE('',*,*,#2058,.T.);
#3008=ORIENTED_EDGE('',*,*,#2296,.T.);
#3009=ORIENTED_EDGE('',*,*,#2071,.T.);
#3010=ORIENTED_EDGE('',*,*,#2064,.T.);
#3011=ORIENTED_EDGE('',*,*,#2068,.T.);
#3012=ORIENTED_EDGE('',*,*,#2297,.T.);
#3013=ORIENTED_EDGE('',*,*,#2081,.T.);
#3014=ORIENTED_EDGE('',*,*,#2074,.T.);
#3015=ORIENTED_EDGE('',*,*,#2078,.T.);
#3016=ORIENTED_EDGE('',*,*,#2298,.T.);
#3017=ORIENTED_EDGE('',*,*,#2091,.T.);
#3018=ORIENTED_EDGE('',*,*,#2084,.T.);
#3019=ORIENTED_EDGE('',*,*,#2088,.T.);
#3020=ORIENTED_EDGE('',*,*,#2299,.T.);
#3021=ORIENTED_EDGE('',*,*,#2101,.T.);
#3022=ORIENTED_EDGE('',*,*,#2094,.T.);
#3023=ORIENTED_EDGE('',*,*,#2098,.T.);
#3024=ORIENTED_EDGE('',*,*,#2300,.T.);
#3025=ORIENTED_EDGE('',*,*,#2111,.T.);
#3026=ORIENTED_EDGE('',*,*,#2104,.T.);
#3027=ORIENTED_EDGE('',*,*,#2108,.T.);
#3028=ORIENTED_EDGE('',*,*,#2301,.T.);
#3029=ORIENTED_EDGE('',*,*,#2121,.T.);
#3030=ORIENTED_EDGE('',*,*,#2114,.T.);
#3031=ORIENTED_EDGE('',*,*,#2118,.T.);
#3032=ORIENTED_EDGE('',*,*,#2302,.T.);
#3033=ORIENTED_EDGE('',*,*,#2131,.T.);
#3034=ORIENTED_EDGE('',*,*,#2124,.T.);
#3035=ORIENTED_EDGE('',*,*,#2128,.T.);
#3036=ORIENTED_EDGE('',*,*,#2303,.T.);
#3037=ORIENTED_EDGE('',*,*,#2141,.T.);
#3038=ORIENTED_EDGE('',*,*,#2134,.T.);
#3039=ORIENTED_EDGE('',*,*,#2138,.T.);
#3040=ORIENTED_EDGE('',*,*,#2304,.T.);
#3041=ORIENTED_EDGE('',*,*,#2151,.T.);
#3042=ORIENTED_EDGE('',*,*,#2144,.T.);
#3043=ORIENTED_EDGE('',*,*,#2148,.T.);
#3044=ORIENTED_EDGE('',*,*,#2305,.T.);
#3045=ORIENTED_EDGE('',*,*,#2161,.T.);
#3046=ORIENTED_EDGE('',*,*,#2154,.T.);
#3047=ORIENTED_EDGE('',*,*,#2158,.T.);
#3048=ORIENTED_EDGE('',*,*,#2306,.T.);
#3049=ORIENTED_EDGE('',*,*,#2171,.T.);
#3050=ORIENTED_EDGE('',*,*,#2164,.T.);
#3051=ORIENTED_EDGE('',*,*,#2168,.T.);
#3052=ORIENTED_EDGE('',*,*,#2307,.T.);
#3053=ORIENTED_EDGE('',*,*,#2181,.T.);
#3054=ORIENTED_EDGE('',*,*,#2174,.T.);
#3055=ORIENTED_EDGE('',*,*,#2178,.T.);
#3056=ORIENTED_EDGE('',*,*,#2308,.T.);
#3057=ORIENTED_EDGE('',*,*,#2191,.T.);
#3058=ORIENTED_EDGE('',*,*,#2184,.T.);
#3059=ORIENTED_EDGE('',*,*,#2188,.T.);
#3060=ORIENTED_EDGE('',*,*,#2309,.T.);
#3061=ORIENTED_EDGE('',*,*,#2201,.T.);
#3062=ORIENTED_EDGE('',*,*,#2194,.T.);
#3063=ORIENTED_EDGE('',*,*,#2198,.T.);
#3064=ORIENTED_EDGE('',*,*,#2310,.T.);
#3065=ORIENTED_EDGE('',*,*,#2211,.T.);
#3066=ORIENTED_EDGE('',*,*,#2204,.T.);
#3067=ORIENTED_EDGE('',*,*,#2208,.T.);
#3068=ORIENTED_EDGE('',*,*,#2311,.T.);
#3069=ORIENTED_EDGE('',*,*,#2221,.T.);
#3070=ORIENTED_EDGE('',*,*,#2214,.T.);
#3071=ORIENTED_EDGE('',*,*,#2218,.T.);
#3072=ORIENTED_EDGE('',*,*,#2312,.T.);
#3073=ORIENTED_EDGE('',*,*,#2231,.T.);
#3074=ORIENTED_EDGE('',*,*,#2224,.T.);
#3075=ORIENTED_EDGE('',*,*,#2228,.T.);
#3076=ORIENTED_EDGE('',*,*,#2313,.T.);
#3077=ORIENTED_EDGE('',*,*,#2241,.T.);
#3078=ORIENTED_EDGE('',*,*,#2234,.T.);
#3079=ORIENTED_EDGE('',*,*,#2238,.T.);
#3080=ORIENTED_EDGE('',*,*,#2314,.T.);
#3081=ORIENTED_EDGE('',*,*,#2251,.T.);
#3082=ORIENTED_EDGE('',*,*,#2244,.T.);
#3083=ORIENTED_EDGE('',*,*,#2248,.T.);
#3084=ORIENTED_EDGE('',*,*,#2315,.T.);
#3085=ORIENTED_EDGE('',*,*,#2261,.T.);
#3086=ORIENTED_EDGE('',*,*,#2254,.T.);
#3087=ORIENTED_EDGE('',*,*,#2258,.T.);
#3088=ORIENTED_EDGE('',*,*,#2316,.T.);
#3089=ORIENTED_EDGE('',*,*,#2271,.T.);
#3090=ORIENTED_EDGE('',*,*,#2264,.T.);
#3091=ORIENTED_EDGE('',*,*,#2268,.T.);
#3092=ORIENTED_EDGE('',*,*,#2317,.T.);
#3093=ORIENTED_EDGE('',*,*,#2318,.T.);
#3094=ORIENTED_EDGE('',*,*,#2319,.T.);
#3095=ORIENTED_EDGE('',*,*,#2320,.T.);
#3096=ORIENTED_EDGE('',*,*,#2321,.T.);
#3097=ORIENTED_EDGE('',*,*,#2322,.T.);
#3098=ORIENTED_EDGE('',*,*,#2270,.T.);
#3099=ORIENTED_EDGE('',*,*,#2323,.F.);
#3100=ORIENTED_EDGE('',*,*,#2324,.T.);
#3101=ORIENTED_EDGE('',*,*,#2317,.F.);
#3102=ORIENTED_EDGE('',*,*,#2260,.T.);
#3103=ORIENTED_EDGE('',*,*,#2325,.F.);
#3104=ORIENTED_EDGE('',*,*,#2272,.T.);
#3105=ORIENTED_EDGE('',*,*,#2316,.F.);
#3106=ORIENTED_EDGE('',*,*,#2250,.T.);
#3107=ORIENTED_EDGE('',*,*,#2326,.F.);
#3108=ORIENTED_EDGE('',*,*,#2262,.T.);
#3109=ORIENTED_EDGE('',*,*,#2315,.F.);
#3110=ORIENTED_EDGE('',*,*,#2240,.T.);
#3111=ORIENTED_EDGE('',*,*,#2327,.F.);
#3112=ORIENTED_EDGE('',*,*,#2252,.T.);
#3113=ORIENTED_EDGE('',*,*,#2314,.F.);
#3114=ORIENTED_EDGE('',*,*,#2230,.T.);
#3115=ORIENTED_EDGE('',*,*,#2328,.F.);
#3116=ORIENTED_EDGE('',*,*,#2242,.T.);
#3117=ORIENTED_EDGE('',*,*,#2313,.F.);
#3118=ORIENTED_EDGE('',*,*,#2220,.T.);
#3119=ORIENTED_EDGE('',*,*,#2329,.F.);
#3120=ORIENTED_EDGE('',*,*,#2232,.T.);
#3121=ORIENTED_EDGE('',*,*,#2312,.F.);
#3122=ORIENTED_EDGE('',*,*,#2210,.T.);
#3123=ORIENTED_EDGE('',*,*,#2330,.F.);
#3124=ORIENTED_EDGE('',*,*,#2222,.T.);
#3125=ORIENTED_EDGE('',*,*,#2311,.F.);
#3126=ORIENTED_EDGE('',*,*,#2200,.T.);
#3127=ORIENTED_EDGE('',*,*,#2331,.F.);
#3128=ORIENTED_EDGE('',*,*,#2212,.T.);
#3129=ORIENTED_EDGE('',*,*,#2310,.F.);
#3130=ORIENTED_EDGE('',*,*,#2190,.T.);
#3131=ORIENTED_EDGE('',*,*,#2332,.F.);
#3132=ORIENTED_EDGE('',*,*,#2202,.T.);
#3133=ORIENTED_EDGE('',*,*,#2309,.F.);
#3134=ORIENTED_EDGE('',*,*,#2180,.T.);
#3135=ORIENTED_EDGE('',*,*,#2333,.F.);
#3136=ORIENTED_EDGE('',*,*,#2192,.T.);
#3137=ORIENTED_EDGE('',*,*,#2308,.F.);
#3138=ORIENTED_EDGE('',*,*,#2170,.T.);
#3139=ORIENTED_EDGE('',*,*,#2334,.F.);
#3140=ORIENTED_EDGE('',*,*,#2182,.T.);
#3141=ORIENTED_EDGE('',*,*,#2307,.F.);
#3142=ORIENTED_EDGE('',*,*,#2160,.T.);
#3143=ORIENTED_EDGE('',*,*,#2335,.F.);
#3144=ORIENTED_EDGE('',*,*,#2172,.T.);
#3145=ORIENTED_EDGE('',*,*,#2306,.F.);
#3146=ORIENTED_EDGE('',*,*,#2150,.T.);
#3147=ORIENTED_EDGE('',*,*,#2336,.F.);
#3148=ORIENTED_EDGE('',*,*,#2162,.T.);
#3149=ORIENTED_EDGE('',*,*,#2305,.F.);
#3150=ORIENTED_EDGE('',*,*,#2140,.T.);
#3151=ORIENTED_EDGE('',*,*,#2337,.F.);
#3152=ORIENTED_EDGE('',*,*,#2152,.T.);
#3153=ORIENTED_EDGE('',*,*,#2304,.F.);
#3154=ORIENTED_EDGE('',*,*,#2130,.T.);
#3155=ORIENTED_EDGE('',*,*,#2338,.F.);
#3156=ORIENTED_EDGE('',*,*,#2142,.T.);
#3157=ORIENTED_EDGE('',*,*,#2303,.F.);
#3158=ORIENTED_EDGE('',*,*,#2120,.T.);
#3159=ORIENTED_EDGE('',*,*,#2339,.F.);
#3160=ORIENTED_EDGE('',*,*,#2132,.T.);
#3161=ORIENTED_EDGE('',*,*,#2302,.F.);
#3162=ORIENTED_EDGE('',*,*,#2110,.T.);
#3163=ORIENTED_EDGE('',*,*,#2340,.F.);
#3164=ORIENTED_EDGE('',*,*,#2122,.T.);
#3165=ORIENTED_EDGE('',*,*,#2301,.F.);
#3166=ORIENTED_EDGE('',*,*,#2100,.T.);
#3167=ORIENTED_EDGE('',*,*,#2341,.F.);
#3168=ORIENTED_EDGE('',*,*,#2112,.T.);
#3169=ORIENTED_EDGE('',*,*,#2300,.F.);
#3170=ORIENTED_EDGE('',*,*,#2090,.T.);
#3171=ORIENTED_EDGE('',*,*,#2342,.F.);
#3172=ORIENTED_EDGE('',*,*,#2102,.T.);
#3173=ORIENTED_EDGE('',*,*,#2299,.F.);
#3174=ORIENTED_EDGE('',*,*,#2080,.T.);
#3175=ORIENTED_EDGE('',*,*,#2343,.F.);
#3176=ORIENTED_EDGE('',*,*,#2092,.T.);
#3177=ORIENTED_EDGE('',*,*,#2298,.F.);
#3178=ORIENTED_EDGE('',*,*,#2070,.T.);
#3179=ORIENTED_EDGE('',*,*,#2344,.F.);
#3180=ORIENTED_EDGE('',*,*,#2082,.T.);
#3181=ORIENTED_EDGE('',*,*,#2297,.F.);
#3182=ORIENTED_EDGE('',*,*,#2060,.T.);
#3183=ORIENTED_EDGE('',*,*,#2345,.F.);
#3184=ORIENTED_EDGE('',*,*,#2072,.T.);
#3185=ORIENTED_EDGE('',*,*,#2296,.F.);
#3186=ORIENTED_EDGE('',*,*,#2050,.T.);
#3187=ORIENTED_EDGE('',*,*,#2346,.F.);
#3188=ORIENTED_EDGE('',*,*,#2062,.T.);
#3189=ORIENTED_EDGE('',*,*,#2295,.F.);
#3190=ORIENTED_EDGE('',*,*,#2040,.T.);
#3191=ORIENTED_EDGE('',*,*,#2347,.F.);
#3192=ORIENTED_EDGE('',*,*,#2052,.T.);
#3193=ORIENTED_EDGE('',*,*,#2294,.F.);
#3194=ORIENTED_EDGE('',*,*,#2030,.T.);
#3195=ORIENTED_EDGE('',*,*,#2348,.F.);
#3196=ORIENTED_EDGE('',*,*,#2042,.T.);
#3197=ORIENTED_EDGE('',*,*,#2293,.F.);
#3198=ORIENTED_EDGE('',*,*,#2020,.T.);
#3199=ORIENTED_EDGE('',*,*,#2349,.F.);
#3200=ORIENTED_EDGE('',*,*,#2032,.T.);
#3201=ORIENTED_EDGE('',*,*,#2292,.F.);
#3202=ORIENTED_EDGE('',*,*,#2010,.T.);
#3203=ORIENTED_EDGE('',*,*,#2350,.F.);
#3204=ORIENTED_EDGE('',*,*,#2022,.T.);
#3205=ORIENTED_EDGE('',*,*,#2291,.F.);
#3206=ORIENTED_EDGE('',*,*,#2000,.T.);
#3207=ORIENTED_EDGE('',*,*,#2351,.F.);
#3208=ORIENTED_EDGE('',*,*,#2012,.T.);
#3209=ORIENTED_EDGE('',*,*,#2290,.F.);
#3210=ORIENTED_EDGE('',*,*,#1990,.T.);
#3211=ORIENTED_EDGE('',*,*,#2352,.F.);
#3212=ORIENTED_EDGE('',*,*,#2002,.T.);
#3213=ORIENTED_EDGE('',*,*,#2289,.F.);
#3214=ORIENTED_EDGE('',*,*,#1980,.T.);
#3215=ORIENTED_EDGE('',*,*,#2353,.F.);
#3216=ORIENTED_EDGE('',*,*,#1992,.T.);
#3217=ORIENTED_EDGE('',*,*,#2288,.F.);
#3218=ORIENTED_EDGE('',*,*,#1970,.T.);
#3219=ORIENTED_EDGE('',*,*,#2354,.F.);
#3220=ORIENTED_EDGE('',*,*,#1982,.T.);
#3221=ORIENTED_EDGE('',*,*,#2287,.F.);
#3222=ORIENTED_EDGE('',*,*,#1960,.T.);
#3223=ORIENTED_EDGE('',*,*,#2355,.F.);
#3224=ORIENTED_EDGE('',*,*,#1972,.T.);
#3225=ORIENTED_EDGE('',*,*,#2286,.F.);
#3226=ORIENTED_EDGE('',*,*,#1950,.T.);
#3227=ORIENTED_EDGE('',*,*,#2356,.F.);
#3228=ORIENTED_EDGE('',*,*,#1962,.T.);
#3229=ORIENTED_EDGE('',*,*,#2285,.F.);
#3230=ORIENTED_EDGE('',*,*,#1940,.T.);
#3231=ORIENTED_EDGE('',*,*,#2357,.F.);
#3232=ORIENTED_EDGE('',*,*,#1952,.T.);
#3233=ORIENTED_EDGE('',*,*,#2284,.F.);
#3234=ORIENTED_EDGE('',*,*,#1930,.T.);
#3235=ORIENTED_EDGE('',*,*,#2358,.F.);
#3236=ORIENTED_EDGE('',*,*,#1942,.T.);
#3237=ORIENTED_EDGE('',*,*,#2283,.F.);
#3238=ORIENTED_EDGE('',*,*,#1920,.T.);
#3239=ORIENTED_EDGE('',*,*,#2359,.F.);
#3240=ORIENTED_EDGE('',*,*,#1932,.T.);
#3241=ORIENTED_EDGE('',*,*,#2282,.F.);
#3242=ORIENTED_EDGE('',*,*,#1910,.T.);
#3243=ORIENTED_EDGE('',*,*,#2360,.F.);
#3244=ORIENTED_EDGE('',*,*,#1922,.T.);
#3245=ORIENTED_EDGE('',*,*,#2281,.F.);
#3246=ORIENTED_EDGE('',*,*,#1900,.T.);
#3247=ORIENTED_EDGE('',*,*,#2361,.F.);
#3248=ORIENTED_EDGE('',*,*,#1912,.T.);
#3249=ORIENTED_EDGE('',*,*,#2280,.F.);
#3250=ORIENTED_EDGE('',*,*,#1890,.T.);
#3251=ORIENTED_EDGE('',*,*,#2362,.F.);
#3252=ORIENTED_EDGE('',*,*,#1902,.T.);
#3253=ORIENTED_EDGE('',*,*,#2279,.F.);
#3254=ORIENTED_EDGE('',*,*,#1880,.T.);
#3255=ORIENTED_EDGE('',*,*,#2363,.F.);
#3256=ORIENTED_EDGE('',*,*,#1892,.T.);
#3257=ORIENTED_EDGE('',*,*,#2278,.F.);
#3258=ORIENTED_EDGE('',*,*,#1870,.T.);
#3259=ORIENTED_EDGE('',*,*,#2364,.F.);
#3260=ORIENTED_EDGE('',*,*,#1882,.T.);
#3261=ORIENTED_EDGE('',*,*,#2277,.F.);
#3262=ORIENTED_EDGE('',*,*,#1860,.T.);
#3263=ORIENTED_EDGE('',*,*,#2365,.F.);
#3264=ORIENTED_EDGE('',*,*,#1872,.T.);
#3265=ORIENTED_EDGE('',*,*,#2276,.F.);
#3266=ORIENTED_EDGE('',*,*,#1850,.T.);
#3267=ORIENTED_EDGE('',*,*,#2366,.F.);
#3268=ORIENTED_EDGE('',*,*,#1862,.T.);
#3269=ORIENTED_EDGE('',*,*,#2275,.F.);
#3270=ORIENTED_EDGE('',*,*,#1840,.T.);
#3271=ORIENTED_EDGE('',*,*,#2367,.F.);
#3272=ORIENTED_EDGE('',*,*,#1852,.T.);
#3273=ORIENTED_EDGE('',*,*,#2274,.F.);
#3274=ORIENTED_EDGE('',*,*,#2319,.F.);
#3275=ORIENTED_EDGE('',*,*,#2368,.F.);
#3276=ORIENTED_EDGE('',*,*,#2369,.F.);
#3277=ORIENTED_EDGE('',*,*,#2370,.T.);
#3278=ORIENTED_EDGE('',*,*,#2320,.F.);
#3279=ORIENTED_EDGE('',*,*,#2370,.F.);
#3280=ORIENTED_EDGE('',*,*,#2371,.F.);
#3281=ORIENTED_EDGE('',*,*,#2372,.F.);
#3282=ORIENTED_EDGE('',*,*,#2318,.F.);
#3283=ORIENTED_EDGE('',*,*,#2324,.F.);
#3284=ORIENTED_EDGE('',*,*,#2373,.F.);
#3285=ORIENTED_EDGE('',*,*,#2368,.T.);
#3286=ORIENTED_EDGE('',*,*,#2374,.F.);
#3287=ORIENTED_EDGE('',*,*,#2375,.T.);
#3288=ORIENTED_EDGE('',*,*,#1830,.F.);
#3289=ORIENTED_EDGE('',*,*,#2376,.T.);
#3290=ORIENTED_EDGE('',*,*,#2377,.F.);
#3291=ORIENTED_EDGE('',*,*,#2378,.T.);
#3292=ORIENTED_EDGE('',*,*,#1831,.F.);
#3293=ORIENTED_EDGE('',*,*,#2375,.F.);
#3294=ORIENTED_EDGE('',*,*,#2322,.F.);
#3295=ORIENTED_EDGE('',*,*,#2379,.T.);
#3296=ORIENTED_EDGE('',*,*,#1829,.F.);
#3297=ORIENTED_EDGE('',*,*,#2379,.F.);
#3298=ORIENTED_EDGE('',*,*,#2380,.F.);
#3299=ORIENTED_EDGE('',*,*,#2381,.T.);
#3300=ORIENTED_EDGE('',*,*,#1832,.F.);
#3301=ORIENTED_EDGE('',*,*,#2378,.F.);
#3302=ORIENTED_EDGE('',*,*,#2382,.F.);
#3303=ORIENTED_EDGE('',*,*,#2376,.F.);
#3304=ORIENTED_EDGE('',*,*,#1833,.F.);
#3305=ORIENTED_EDGE('',*,*,#2381,.F.);
#3306=ORIENTED_EDGE('',*,*,#1842,.T.);
#3307=ORIENTED_EDGE('',*,*,#2321,.F.);
#3308=ORIENTED_EDGE('',*,*,#2372,.T.);
#3309=ORIENTED_EDGE('',*,*,#2383,.F.);
#3310=ORIENTED_EDGE('',*,*,#2377,.T.);
#3311=ORIENTED_EDGE('',*,*,#2374,.T.);
#3312=ORIENTED_EDGE('',*,*,#2382,.T.);
#3313=ORIENTED_EDGE('',*,*,#2380,.T.);
#3314=ORIENTED_EDGE('',*,*,#1843,.T.);
#3315=ORIENTED_EDGE('',*,*,#2383,.T.);
#3316=ORIENTED_EDGE('',*,*,#2371,.T.);
#3317=ORIENTED_EDGE('',*,*,#2369,.T.);
#3318=ORIENTED_EDGE('',*,*,#2373,.T.);
#3319=ORIENTED_EDGE('',*,*,#2323,.T.);
#3320=ORIENTED_EDGE('',*,*,#2269,.T.);
#3321=ORIENTED_EDGE('',*,*,#2266,.T.);
#3322=ORIENTED_EDGE('',*,*,#2273,.T.);
#3323=ORIENTED_EDGE('',*,*,#2325,.T.);
#3324=ORIENTED_EDGE('',*,*,#2259,.T.);
#3325=ORIENTED_EDGE('',*,*,#2256,.T.);
#3326=ORIENTED_EDGE('',*,*,#2263,.T.);
#3327=ORIENTED_EDGE('',*,*,#2326,.T.);
#3328=ORIENTED_EDGE('',*,*,#2249,.T.);
#3329=ORIENTED_EDGE('',*,*,#2246,.T.);
#3330=ORIENTED_EDGE('',*,*,#2253,.T.);
#3331=ORIENTED_EDGE('',*,*,#2327,.T.);
#3332=ORIENTED_EDGE('',*,*,#2239,.T.);
#3333=ORIENTED_EDGE('',*,*,#2236,.T.);
#3334=ORIENTED_EDGE('',*,*,#2243,.T.);
#3335=ORIENTED_EDGE('',*,*,#2328,.T.);
#3336=ORIENTED_EDGE('',*,*,#2229,.T.);
#3337=ORIENTED_EDGE('',*,*,#2226,.T.);
#3338=ORIENTED_EDGE('',*,*,#2233,.T.);
#3339=ORIENTED_EDGE('',*,*,#2329,.T.);
#3340=ORIENTED_EDGE('',*,*,#2219,.T.);
#3341=ORIENTED_EDGE('',*,*,#2216,.T.);
#3342=ORIENTED_EDGE('',*,*,#2223,.T.);
#3343=ORIENTED_EDGE('',*,*,#2330,.T.);
#3344=ORIENTED_EDGE('',*,*,#2209,.T.);
#3345=ORIENTED_EDGE('',*,*,#2206,.T.);
#3346=ORIENTED_EDGE('',*,*,#2213,.T.);
#3347=ORIENTED_EDGE('',*,*,#2331,.T.);
#3348=ORIENTED_EDGE('',*,*,#2199,.T.);
#3349=ORIENTED_EDGE('',*,*,#2196,.T.);
#3350=ORIENTED_EDGE('',*,*,#2203,.T.);
#3351=ORIENTED_EDGE('',*,*,#2332,.T.);
#3352=ORIENTED_EDGE('',*,*,#2189,.T.);
#3353=ORIENTED_EDGE('',*,*,#2186,.T.);
#3354=ORIENTED_EDGE('',*,*,#2193,.T.);
#3355=ORIENTED_EDGE('',*,*,#2333,.T.);
#3356=ORIENTED_EDGE('',*,*,#2179,.T.);
#3357=ORIENTED_EDGE('',*,*,#2176,.T.);
#3358=ORIENTED_EDGE('',*,*,#2183,.T.);
#3359=ORIENTED_EDGE('',*,*,#2334,.T.);
#3360=ORIENTED_EDGE('',*,*,#2169,.T.);
#3361=ORIENTED_EDGE('',*,*,#2166,.T.);
#3362=ORIENTED_EDGE('',*,*,#2173,.T.);
#3363=ORIENTED_EDGE('',*,*,#2335,.T.);
#3364=ORIENTED_EDGE('',*,*,#2159,.T.);
#3365=ORIENTED_EDGE('',*,*,#2156,.T.);
#3366=ORIENTED_EDGE('',*,*,#2163,.T.);
#3367=ORIENTED_EDGE('',*,*,#2336,.T.);
#3368=ORIENTED_EDGE('',*,*,#2149,.T.);
#3369=ORIENTED_EDGE('',*,*,#2146,.T.);
#3370=ORIENTED_EDGE('',*,*,#2153,.T.);
#3371=ORIENTED_EDGE('',*,*,#2337,.T.);
#3372=ORIENTED_EDGE('',*,*,#2139,.T.);
#3373=ORIENTED_EDGE('',*,*,#2136,.T.);
#3374=ORIENTED_EDGE('',*,*,#2143,.T.);
#3375=ORIENTED_EDGE('',*,*,#2338,.T.);
#3376=ORIENTED_EDGE('',*,*,#2129,.T.);
#3377=ORIENTED_EDGE('',*,*,#2126,.T.);
#3378=ORIENTED_EDGE('',*,*,#2133,.T.);
#3379=ORIENTED_EDGE('',*,*,#2339,.T.);
#3380=ORIENTED_EDGE('',*,*,#2119,.T.);
#3381=ORIENTED_EDGE('',*,*,#2116,.T.);
#3382=ORIENTED_EDGE('',*,*,#2123,.T.);
#3383=ORIENTED_EDGE('',*,*,#2340,.T.);
#3384=ORIENTED_EDGE('',*,*,#2109,.T.);
#3385=ORIENTED_EDGE('',*,*,#2106,.T.);
#3386=ORIENTED_EDGE('',*,*,#2113,.T.);
#3387=ORIENTED_EDGE('',*,*,#2341,.T.);
#3388=ORIENTED_EDGE('',*,*,#2099,.T.);
#3389=ORIENTED_EDGE('',*,*,#2096,.T.);
#3390=ORIENTED_EDGE('',*,*,#2103,.T.);
#3391=ORIENTED_EDGE('',*,*,#2342,.T.);
#3392=ORIENTED_EDGE('',*,*,#2089,.T.);
#3393=ORIENTED_EDGE('',*,*,#2086,.T.);
#3394=ORIENTED_EDGE('',*,*,#2093,.T.);
#3395=ORIENTED_EDGE('',*,*,#2343,.T.);
#3396=ORIENTED_EDGE('',*,*,#2079,.T.);
#3397=ORIENTED_EDGE('',*,*,#2076,.T.);
#3398=ORIENTED_EDGE('',*,*,#2083,.T.);
#3399=ORIENTED_EDGE('',*,*,#2344,.T.);
#3400=ORIENTED_EDGE('',*,*,#2069,.T.);
#3401=ORIENTED_EDGE('',*,*,#2066,.T.);
#3402=ORIENTED_EDGE('',*,*,#2073,.T.);
#3403=ORIENTED_EDGE('',*,*,#2345,.T.);
#3404=ORIENTED_EDGE('',*,*,#2059,.T.);
#3405=ORIENTED_EDGE('',*,*,#2056,.T.);
#3406=ORIENTED_EDGE('',*,*,#2063,.T.);
#3407=ORIENTED_EDGE('',*,*,#2346,.T.);
#3408=ORIENTED_EDGE('',*,*,#2049,.T.);
#3409=ORIENTED_EDGE('',*,*,#2046,.T.);
#3410=ORIENTED_EDGE('',*,*,#2053,.T.);
#3411=ORIENTED_EDGE('',*,*,#2347,.T.);
#3412=ORIENTED_EDGE('',*,*,#2039,.T.);
#3413=ORIENTED_EDGE('',*,*,#2036,.T.);
#3414=ORIENTED_EDGE('',*,*,#2043,.T.);
#3415=ORIENTED_EDGE('',*,*,#2348,.T.);
#3416=ORIENTED_EDGE('',*,*,#2029,.T.);
#3417=ORIENTED_EDGE('',*,*,#2026,.T.);
#3418=ORIENTED_EDGE('',*,*,#2033,.T.);
#3419=ORIENTED_EDGE('',*,*,#2349,.T.);
#3420=ORIENTED_EDGE('',*,*,#2019,.T.);
#3421=ORIENTED_EDGE('',*,*,#2016,.T.);
#3422=ORIENTED_EDGE('',*,*,#2023,.T.);
#3423=ORIENTED_EDGE('',*,*,#2350,.T.);
#3424=ORIENTED_EDGE('',*,*,#2009,.T.);
#3425=ORIENTED_EDGE('',*,*,#2006,.T.);
#3426=ORIENTED_EDGE('',*,*,#2013,.T.);
#3427=ORIENTED_EDGE('',*,*,#2351,.T.);
#3428=ORIENTED_EDGE('',*,*,#1999,.T.);
#3429=ORIENTED_EDGE('',*,*,#1996,.T.);
#3430=ORIENTED_EDGE('',*,*,#2003,.T.);
#3431=ORIENTED_EDGE('',*,*,#2352,.T.);
#3432=ORIENTED_EDGE('',*,*,#1989,.T.);
#3433=ORIENTED_EDGE('',*,*,#1986,.T.);
#3434=ORIENTED_EDGE('',*,*,#1993,.T.);
#3435=ORIENTED_EDGE('',*,*,#2353,.T.);
#3436=ORIENTED_EDGE('',*,*,#1979,.T.);
#3437=ORIENTED_EDGE('',*,*,#1976,.T.);
#3438=ORIENTED_EDGE('',*,*,#1983,.T.);
#3439=ORIENTED_EDGE('',*,*,#2354,.T.);
#3440=ORIENTED_EDGE('',*,*,#1969,.T.);
#3441=ORIENTED_EDGE('',*,*,#1966,.T.);
#3442=ORIENTED_EDGE('',*,*,#1973,.T.);
#3443=ORIENTED_EDGE('',*,*,#2355,.T.);
#3444=ORIENTED_EDGE('',*,*,#1959,.T.);
#3445=ORIENTED_EDGE('',*,*,#1956,.T.);
#3446=ORIENTED_EDGE('',*,*,#1963,.T.);
#3447=ORIENTED_EDGE('',*,*,#2356,.T.);
#3448=ORIENTED_EDGE('',*,*,#1949,.T.);
#3449=ORIENTED_EDGE('',*,*,#1946,.T.);
#3450=ORIENTED_EDGE('',*,*,#1953,.T.);
#3451=ORIENTED_EDGE('',*,*,#2357,.T.);
#3452=ORIENTED_EDGE('',*,*,#1939,.T.);
#3453=ORIENTED_EDGE('',*,*,#1936,.T.);
#3454=ORIENTED_EDGE('',*,*,#1943,.T.);
#3455=ORIENTED_EDGE('',*,*,#2358,.T.);
#3456=ORIENTED_EDGE('',*,*,#1929,.T.);
#3457=ORIENTED_EDGE('',*,*,#1926,.T.);
#3458=ORIENTED_EDGE('',*,*,#1933,.T.);
#3459=ORIENTED_EDGE('',*,*,#2359,.T.);
#3460=ORIENTED_EDGE('',*,*,#1919,.T.);
#3461=ORIENTED_EDGE('',*,*,#1916,.T.);
#3462=ORIENTED_EDGE('',*,*,#1923,.T.);
#3463=ORIENTED_EDGE('',*,*,#2360,.T.);
#3464=ORIENTED_EDGE('',*,*,#1909,.T.);
#3465=ORIENTED_EDGE('',*,*,#1906,.T.);
#3466=ORIENTED_EDGE('',*,*,#1913,.T.);
#3467=ORIENTED_EDGE('',*,*,#2361,.T.);
#3468=ORIENTED_EDGE('',*,*,#1899,.T.);
#3469=ORIENTED_EDGE('',*,*,#1896,.T.);
#3470=ORIENTED_EDGE('',*,*,#1903,.T.);
#3471=ORIENTED_EDGE('',*,*,#2362,.T.);
#3472=ORIENTED_EDGE('',*,*,#1889,.T.);
#3473=ORIENTED_EDGE('',*,*,#1886,.T.);
#3474=ORIENTED_EDGE('',*,*,#1893,.T.);
#3475=ORIENTED_EDGE('',*,*,#2363,.T.);
#3476=ORIENTED_EDGE('',*,*,#1879,.T.);
#3477=ORIENTED_EDGE('',*,*,#1876,.T.);
#3478=ORIENTED_EDGE('',*,*,#1883,.T.);
#3479=ORIENTED_EDGE('',*,*,#2364,.T.);
#3480=ORIENTED_EDGE('',*,*,#1869,.T.);
#3481=ORIENTED_EDGE('',*,*,#1866,.T.);
#3482=ORIENTED_EDGE('',*,*,#1873,.T.);
#3483=ORIENTED_EDGE('',*,*,#2365,.T.);
#3484=ORIENTED_EDGE('',*,*,#1859,.T.);
#3485=ORIENTED_EDGE('',*,*,#1856,.T.);
#3486=ORIENTED_EDGE('',*,*,#1863,.T.);
#3487=ORIENTED_EDGE('',*,*,#2366,.T.);
#3488=ORIENTED_EDGE('',*,*,#1849,.T.);
#3489=ORIENTED_EDGE('',*,*,#1846,.T.);
#3490=ORIENTED_EDGE('',*,*,#1853,.T.);
#3491=ORIENTED_EDGE('',*,*,#2367,.T.);
#3492=ORIENTED_EDGE('',*,*,#1839,.T.);
#3493=ORIENTED_EDGE('',*,*,#1836,.T.);
#3494=PLANE('',#3838);
#3495=PLANE('',#3842);
#3496=PLANE('',#3843);
#3497=PLANE('',#3844);
#3498=PLANE('',#3845);
#3499=PLANE('',#3846);
#3500=PLANE('',#3847);
#3501=PLANE('',#3848);
#3502=PLANE('',#3849);
#3503=PLANE('',#3850);
#3504=PLANE('',#3851);
#3505=PLANE('',#3852);
#3506=PLANE('',#3853);
#3507=PLANE('',#3854);
#3508=PLANE('',#3855);
#3509=PLANE('',#3856);
#3510=PLANE('',#3857);
#3511=PLANE('',#3858);
#3512=PLANE('',#3859);
#3513=PLANE('',#3860);
#3514=PLANE('',#3861);
#3515=PLANE('',#3862);
#3516=PLANE('',#3863);
#3517=PLANE('',#3864);
#3518=PLANE('',#3865);
#3519=PLANE('',#3866);
#3520=PLANE('',#3867);
#3521=PLANE('',#3868);
#3522=PLANE('',#3869);
#3523=PLANE('',#3870);
#3524=PLANE('',#3871);
#3525=PLANE('',#3872);
#3526=PLANE('',#3873);
#3527=PLANE('',#3874);
#3528=PLANE('',#3875);
#3529=PLANE('',#3876);
#3530=PLANE('',#3877);
#3531=PLANE('',#3878);
#3532=PLANE('',#3879);
#3533=PLANE('',#3880);
#3534=PLANE('',#3881);
#3535=PLANE('',#3882);
#3536=PLANE('',#3883);
#3537=PLANE('',#3884);
#3538=PLANE('',#3885);
#3539=PLANE('',#3886);
#3540=PLANE('',#3887);
#3541=PLANE('',#3888);
#3542=PLANE('',#3889);
#3543=PLANE('',#3890);
#3544=PLANE('',#3891);
#3545=PLANE('',#3892);
#3546=PLANE('',#3893);
#3547=PLANE('',#3894);
#3548=PLANE('',#3895);
#3549=PLANE('',#3896);
#3550=PLANE('',#3897);
#3551=PLANE('',#3898);
#3552=PLANE('',#3899);
#3553=PLANE('',#3900);
#3554=PLANE('',#3901);
#3555=PLANE('',#3902);
#3556=PLANE('',#3903);
#3557=PLANE('',#3904);
#3558=PLANE('',#3905);
#3559=PLANE('',#3906);
#3560=PLANE('',#3907);
#3561=PLANE('',#3908);
#3562=PLANE('',#3909);
#3563=PLANE('',#3910);
#3564=PLANE('',#3911);
#3565=PLANE('',#3912);
#3566=PLANE('',#3913);
#3567=PLANE('',#3914);
#3568=PLANE('',#3915);
#3569=PLANE('',#3916);
#3570=PLANE('',#3917);
#3571=PLANE('',#3918);
#3572=PLANE('',#3919);
#3573=PLANE('',#3920);
#3574=PLANE('',#3921);
#3575=PLANE('',#3922);
#3576=PLANE('',#3923);
#3577=PLANE('',#3924);
#3578=PLANE('',#3925);
#3579=PLANE('',#3926);
#3580=PLANE('',#3927);
#3581=PLANE('',#3928);
#3582=PLANE('',#3929);
#3583=PLANE('',#3930);
#3584=PLANE('',#3931);
#3585=PLANE('',#3932);
#3586=PLANE('',#3933);
#3587=PLANE('',#3934);
#3588=PLANE('',#3935);
#3589=PLANE('',#3936);
#3590=PLANE('',#3937);
#3591=PLANE('',#3938);
#3592=PLANE('',#3939);
#3593=PLANE('',#3940);
#3594=PLANE('',#3941);
#3595=PLANE('',#3942);
#3596=PLANE('',#3943);
#3597=PLANE('',#3944);
#3598=PLANE('',#3945);
#3599=PLANE('',#3946);
#3600=PLANE('',#3947);
#3601=PLANE('',#3948);
#3602=PLANE('',#3949);
#3603=PLANE('',#3950);
#3604=PLANE('',#3951);
#3605=PLANE('',#3952);
#3606=PLANE('',#3953);
#3607=PLANE('',#3954);
#3608=PLANE('',#3955);
#3609=PLANE('',#3956);
#3610=PLANE('',#3957);
#3611=PLANE('',#3958);
#3612=PLANE('',#3959);
#3613=PLANE('',#3960);
#3614=PLANE('',#3961);
#3615=PLANE('',#3962);
#3616=PLANE('',#3963);
#3617=PLANE('',#3964);
#3618=PLANE('',#3965);
#3619=PLANE('',#3966);
#3620=PLANE('',#3967);
#3621=PLANE('',#3968);
#3622=PLANE('',#3969);
#3623=PLANE('',#3970);
#3624=PLANE('',#3971);
#3625=PLANE('',#3972);
#3626=PLANE('',#3973);
#3627=PLANE('',#3974);
#3628=PLANE('',#4109);
#3629=PLANE('',#4110);
#3630=PLANE('',#4111);
#3631=PLANE('',#4114);
#3632=PLANE('',#4118);
#3633=PLANE('',#4121);
#3634=PLANE('',#4122);
#3635=ADVANCED_FACE('',(#983,#63),#3494,.T.);
#3636=ADVANCED_FACE('',(#984),#3495,.F.);
#3637=ADVANCED_FACE('',(#985),#3496,.F.);
#3638=ADVANCED_FACE('',(#986),#3497,.F.);
#3639=ADVANCED_FACE('',(#987),#3498,.F.);
#3640=ADVANCED_FACE('',(#988),#3499,.F.);
#3641=ADVANCED_FACE('',(#989),#3500,.F.);
#3642=ADVANCED_FACE('',(#990),#3501,.F.);
#3643=ADVANCED_FACE('',(#991),#3502,.F.);
#3644=ADVANCED_FACE('',(#992),#3503,.F.);
#3645=ADVANCED_FACE('',(#993),#3504,.F.);
#3646=ADVANCED_FACE('',(#994),#3505,.F.);
#3647=ADVANCED_FACE('',(#995),#3506,.F.);
#3648=ADVANCED_FACE('',(#996),#3507,.F.);
#3649=ADVANCED_FACE('',(#997),#3508,.F.);
#3650=ADVANCED_FACE('',(#998),#3509,.F.);
#3651=ADVANCED_FACE('',(#999),#3510,.F.);
#3652=ADVANCED_FACE('',(#1000),#3511,.F.);
#3653=ADVANCED_FACE('',(#1001),#3512,.F.);
#3654=ADVANCED_FACE('',(#1002),#3513,.F.);
#3655=ADVANCED_FACE('',(#1003),#3514,.F.);
#3656=ADVANCED_FACE('',(#1004),#3515,.F.);
#3657=ADVANCED_FACE('',(#1005),#3516,.F.);
#3658=ADVANCED_FACE('',(#1006),#3517,.F.);
#3659=ADVANCED_FACE('',(#1007),#3518,.F.);
#3660=ADVANCED_FACE('',(#1008),#3519,.F.);
#3661=ADVANCED_FACE('',(#1009),#3520,.F.);
#3662=ADVANCED_FACE('',(#1010),#3521,.F.);
#3663=ADVANCED_FACE('',(#1011),#3522,.F.);
#3664=ADVANCED_FACE('',(#1012),#3523,.F.);
#3665=ADVANCED_FACE('',(#1013),#3524,.F.);
#3666=ADVANCED_FACE('',(#1014),#3525,.F.);
#3667=ADVANCED_FACE('',(#1015),#3526,.F.);
#3668=ADVANCED_FACE('',(#1016),#3527,.F.);
#3669=ADVANCED_FACE('',(#1017),#3528,.F.);
#3670=ADVANCED_FACE('',(#1018),#3529,.F.);
#3671=ADVANCED_FACE('',(#1019),#3530,.F.);
#3672=ADVANCED_FACE('',(#1020),#3531,.F.);
#3673=ADVANCED_FACE('',(#1021),#3532,.F.);
#3674=ADVANCED_FACE('',(#1022),#3533,.F.);
#3675=ADVANCED_FACE('',(#1023),#3534,.F.);
#3676=ADVANCED_FACE('',(#1024),#3535,.F.);
#3677=ADVANCED_FACE('',(#1025),#3536,.F.);
#3678=ADVANCED_FACE('',(#1026),#3537,.F.);
#3679=ADVANCED_FACE('',(#1027),#3538,.F.);
#3680=ADVANCED_FACE('',(#1028),#3539,.F.);
#3681=ADVANCED_FACE('',(#1029),#3540,.F.);
#3682=ADVANCED_FACE('',(#1030),#3541,.F.);
#3683=ADVANCED_FACE('',(#1031),#3542,.F.);
#3684=ADVANCED_FACE('',(#1032),#3543,.F.);
#3685=ADVANCED_FACE('',(#1033),#3544,.F.);
#3686=ADVANCED_FACE('',(#1034),#3545,.F.);
#3687=ADVANCED_FACE('',(#1035),#3546,.F.);
#3688=ADVANCED_FACE('',(#1036),#3547,.F.);
#3689=ADVANCED_FACE('',(#1037),#3548,.F.);
#3690=ADVANCED_FACE('',(#1038),#3549,.F.);
#3691=ADVANCED_FACE('',(#1039),#3550,.F.);
#3692=ADVANCED_FACE('',(#1040),#3551,.F.);
#3693=ADVANCED_FACE('',(#1041),#3552,.F.);
#3694=ADVANCED_FACE('',(#1042),#3553,.F.);
#3695=ADVANCED_FACE('',(#1043),#3554,.F.);
#3696=ADVANCED_FACE('',(#1044),#3555,.F.);
#3697=ADVANCED_FACE('',(#1045),#3556,.F.);
#3698=ADVANCED_FACE('',(#1046),#3557,.F.);
#3699=ADVANCED_FACE('',(#1047),#3558,.F.);
#3700=ADVANCED_FACE('',(#1048),#3559,.F.);
#3701=ADVANCED_FACE('',(#1049),#3560,.F.);
#3702=ADVANCED_FACE('',(#1050),#3561,.F.);
#3703=ADVANCED_FACE('',(#1051),#3562,.F.);
#3704=ADVANCED_FACE('',(#1052),#3563,.F.);
#3705=ADVANCED_FACE('',(#1053),#3564,.F.);
#3706=ADVANCED_FACE('',(#1054),#3565,.F.);
#3707=ADVANCED_FACE('',(#1055),#3566,.F.);
#3708=ADVANCED_FACE('',(#1056),#3567,.F.);
#3709=ADVANCED_FACE('',(#1057),#3568,.F.);
#3710=ADVANCED_FACE('',(#1058),#3569,.F.);
#3711=ADVANCED_FACE('',(#1059),#3570,.F.);
#3712=ADVANCED_FACE('',(#1060),#3571,.F.);
#3713=ADVANCED_FACE('',(#1061),#3572,.F.);
#3714=ADVANCED_FACE('',(#1062),#3573,.F.);
#3715=ADVANCED_FACE('',(#1063),#3574,.F.);
#3716=ADVANCED_FACE('',(#1064),#3575,.F.);
#3717=ADVANCED_FACE('',(#1065),#3576,.F.);
#3718=ADVANCED_FACE('',(#1066),#3577,.F.);
#3719=ADVANCED_FACE('',(#1067),#3578,.F.);
#3720=ADVANCED_FACE('',(#1068),#3579,.F.);
#3721=ADVANCED_FACE('',(#1069),#3580,.F.);
#3722=ADVANCED_FACE('',(#1070),#3581,.F.);
#3723=ADVANCED_FACE('',(#1071),#3582,.F.);
#3724=ADVANCED_FACE('',(#1072),#3583,.F.);
#3725=ADVANCED_FACE('',(#1073),#3584,.F.);
#3726=ADVANCED_FACE('',(#1074),#3585,.F.);
#3727=ADVANCED_FACE('',(#1075),#3586,.F.);
#3728=ADVANCED_FACE('',(#1076),#3587,.F.);
#3729=ADVANCED_FACE('',(#1077),#3588,.F.);
#3730=ADVANCED_FACE('',(#1078),#3589,.F.);
#3731=ADVANCED_FACE('',(#1079),#3590,.F.);
#3732=ADVANCED_FACE('',(#1080),#3591,.F.);
#3733=ADVANCED_FACE('',(#1081),#3592,.F.);
#3734=ADVANCED_FACE('',(#1082),#3593,.F.);
#3735=ADVANCED_FACE('',(#1083),#3594,.F.);
#3736=ADVANCED_FACE('',(#1084),#3595,.F.);
#3737=ADVANCED_FACE('',(#1085),#3596,.F.);
#3738=ADVANCED_FACE('',(#1086),#3597,.F.);
#3739=ADVANCED_FACE('',(#1087),#3598,.F.);
#3740=ADVANCED_FACE('',(#1088),#3599,.F.);
#3741=ADVANCED_FACE('',(#1089),#3600,.F.);
#3742=ADVANCED_FACE('',(#1090),#3601,.F.);
#3743=ADVANCED_FACE('',(#1091),#3602,.F.);
#3744=ADVANCED_FACE('',(#1092),#3603,.F.);
#3745=ADVANCED_FACE('',(#1093),#3604,.F.);
#3746=ADVANCED_FACE('',(#1094),#3605,.F.);
#3747=ADVANCED_FACE('',(#1095),#3606,.F.);
#3748=ADVANCED_FACE('',(#1096),#3607,.F.);
#3749=ADVANCED_FACE('',(#1097),#3608,.F.);
#3750=ADVANCED_FACE('',(#1098),#3609,.F.);
#3751=ADVANCED_FACE('',(#1099),#3610,.F.);
#3752=ADVANCED_FACE('',(#1100),#3611,.F.);
#3753=ADVANCED_FACE('',(#1101),#3612,.F.);
#3754=ADVANCED_FACE('',(#1102),#3613,.F.);
#3755=ADVANCED_FACE('',(#1103),#3614,.F.);
#3756=ADVANCED_FACE('',(#1104),#3615,.F.);
#3757=ADVANCED_FACE('',(#1105),#3616,.F.);
#3758=ADVANCED_FACE('',(#1106),#3617,.F.);
#3759=ADVANCED_FACE('',(#1107),#3618,.F.);
#3760=ADVANCED_FACE('',(#1108),#3619,.F.);
#3761=ADVANCED_FACE('',(#1109),#3620,.F.);
#3762=ADVANCED_FACE('',(#1110),#3621,.F.);
#3763=ADVANCED_FACE('',(#1111),#3622,.F.);
#3764=ADVANCED_FACE('',(#1112),#3623,.F.);
#3765=ADVANCED_FACE('',(#1113),#3624,.F.);
#3766=ADVANCED_FACE('',(#1114),#3625,.F.);
#3767=ADVANCED_FACE('',(#1115),#3626,.F.);
#3768=ADVANCED_FACE('',(#1116,#64),#3627,.T.);
#3769=ADVANCED_FACE('',(#1117),#15,.T.);
#3770=ADVANCED_FACE('',(#1118),#16,.T.);
#3771=ADVANCED_FACE('',(#1119),#17,.T.);
#3772=ADVANCED_FACE('',(#1120),#18,.T.);
#3773=ADVANCED_FACE('',(#1121),#19,.T.);
#3774=ADVANCED_FACE('',(#1122),#20,.T.);
#3775=ADVANCED_FACE('',(#1123),#21,.T.);
#3776=ADVANCED_FACE('',(#1124),#22,.T.);
#3777=ADVANCED_FACE('',(#1125),#23,.T.);
#3778=ADVANCED_FACE('',(#1126),#24,.T.);
#3779=ADVANCED_FACE('',(#1127),#25,.T.);
#3780=ADVANCED_FACE('',(#1128),#26,.T.);
#3781=ADVANCED_FACE('',(#1129),#27,.T.);
#3782=ADVANCED_FACE('',(#1130),#28,.T.);
#3783=ADVANCED_FACE('',(#1131),#29,.T.);
#3784=ADVANCED_FACE('',(#1132),#30,.T.);
#3785=ADVANCED_FACE('',(#1133),#31,.T.);
#3786=ADVANCED_FACE('',(#1134),#32,.T.);
#3787=ADVANCED_FACE('',(#1135),#33,.T.);
#3788=ADVANCED_FACE('',(#1136),#34,.T.);
#3789=ADVANCED_FACE('',(#1137),#35,.T.);
#3790=ADVANCED_FACE('',(#1138),#36,.T.);
#3791=ADVANCED_FACE('',(#1139),#37,.T.);
#3792=ADVANCED_FACE('',(#1140),#38,.T.);
#3793=ADVANCED_FACE('',(#1141),#39,.T.);
#3794=ADVANCED_FACE('',(#1142),#40,.T.);
#3795=ADVANCED_FACE('',(#1143),#41,.T.);
#3796=ADVANCED_FACE('',(#1144),#42,.T.);
#3797=ADVANCED_FACE('',(#1145),#43,.T.);
#3798=ADVANCED_FACE('',(#1146),#44,.T.);
#3799=ADVANCED_FACE('',(#1147),#45,.T.);
#3800=ADVANCED_FACE('',(#1148),#46,.T.);
#3801=ADVANCED_FACE('',(#1149),#47,.T.);
#3802=ADVANCED_FACE('',(#1150),#48,.T.);
#3803=ADVANCED_FACE('',(#1151),#49,.T.);
#3804=ADVANCED_FACE('',(#1152),#50,.T.);
#3805=ADVANCED_FACE('',(#1153),#51,.T.);
#3806=ADVANCED_FACE('',(#1154),#52,.T.);
#3807=ADVANCED_FACE('',(#1155),#53,.T.);
#3808=ADVANCED_FACE('',(#1156),#54,.T.);
#3809=ADVANCED_FACE('',(#1157),#55,.T.);
#3810=ADVANCED_FACE('',(#1158),#56,.T.);
#3811=ADVANCED_FACE('',(#1159),#57,.T.);
#3812=ADVANCED_FACE('',(#1160),#58,.T.);
#3813=ADVANCED_FACE('',(#1161),#3628,.F.);
#3814=ADVANCED_FACE('',(#1162),#3629,.F.);
#3815=ADVANCED_FACE('',(#1163),#3630,.F.);
#3816=ADVANCED_FACE('',(#1164),#59,.F.);
#3817=ADVANCED_FACE('',(#1165),#3631,.T.);
#3818=ADVANCED_FACE('',(#1166),#60,.T.);
#3819=ADVANCED_FACE('',(#1167),#61,.F.);
#3820=ADVANCED_FACE('',(#1168),#3632,.T.);
#3821=ADVANCED_FACE('',(#1169),#62,.T.);
#3822=ADVANCED_FACE('',(#1170),#3633,.T.);
#3823=ADVANCED_FACE('',(#1171),#3634,.F.);
#3824=CLOSED_SHELL('',(#3635,#3636,#3637,#3638,#3639,#3640,#3641,#3642,
#3643,#3644,#3645,#3646,#3647,#3648,#3649,#3650,#3651,#3652,#3653,#3654,
#3655,#3656,#3657,#3658,#3659,#3660,#3661,#3662,#3663,#3664,#3665,#3666,
#3667,#3668,#3669,#3670,#3671,#3672,#3673,#3674,#3675,#3676,#3677,#3678,
#3679,#3680,#3681,#3682,#3683,#3684,#3685,#3686,#3687,#3688,#3689,#3690,
#3691,#3692,#3693,#3694,#3695,#3696,#3697,#3698,#3699,#3700,#3701,#3702,
#3703,#3704,#3705,#3706,#3707,#3708,#3709,#3710,#3711,#3712,#3713,#3714,
#3715,#3716,#3717,#3718,#3719,#3720,#3721,#3722,#3723,#3724,#3725,#3726,
#3727,#3728,#3729,#3730,#3731,#3732,#3733,#3734,#3735,#3736,#3737,#3738,
#3739,#3740,#3741,#3742,#3743,#3744,#3745,#3746,#3747,#3748,#3749,#3750,
#3751,#3752,#3753,#3754,#3755,#3756,#3757,#3758,#3759,#3760,#3761,#3762,
#3763,#3764,#3765,#3766,#3767,#3768,#3769,#3770,#3771,#3772,#3773,#3774,
#3775,#3776,#3777,#3778,#3779,#3780,#3781,#3782,#3783,#3784,#3785,#3786,
#3787,#3788,#3789,#3790,#3791,#3792,#3793,#3794,#3795,#3796,#3797,#3798,
#3799,#3800,#3801,#3802,#3803,#3804,#3805,#3806,#3807,#3808,#3809,#3810,
#3811,#3812,#3813,#3814,#3815,#3816,#3817,#3818,#3819,#3820,#3821,#3822,
#3823));
#3825=DERIVED_UNIT_ELEMENT(#3827,1.);
#3826=DERIVED_UNIT_ELEMENT(#6274,-3.);
#3827=(
MASS_UNIT()
NAMED_UNIT(*)
SI_UNIT(.KILO.,.GRAM.)
);
#3828=DERIVED_UNIT((#3825,#3826));
#3829=MEASURE_REPRESENTATION_ITEM('density measure',
POSITIVE_RATIO_MEASURE(7850.),#3828);
#3830=PROPERTY_DEFINITION_REPRESENTATION(#3835,#3832);
#3831=PROPERTY_DEFINITION_REPRESENTATION(#3836,#3833);
#3832=REPRESENTATION('material name',(#3834),#6271);
#3833=REPRESENTATION('density',(#3829),#6271);
#3834=DESCRIPTIVE_REPRESENTATION_ITEM('Steel','Steel');
#3835=PROPERTY_DEFINITION('material property','material name',#6281);
#3836=PROPERTY_DEFINITION('material property','density of part',#6281);
#3837=AXIS2_PLACEMENT_3D('',#5154,#4123,#4124);
#3838=AXIS2_PLACEMENT_3D('',#5155,#4125,#4126);
#3839=AXIS2_PLACEMENT_3D('',#5157,#4127,#4128);
#3840=AXIS2_PLACEMENT_3D('',#5160,#4129,#4130);
#3841=AXIS2_PLACEMENT_3D('',#5164,#4132,#4133);
#3842=AXIS2_PLACEMENT_3D('',#5166,#4135,#4136);
#3843=AXIS2_PLACEMENT_3D('',#5175,#4141,#4142);
#3844=AXIS2_PLACEMENT_3D('',#5181,#4146,#4147);
#3845=AXIS2_PLACEMENT_3D('',#5187,#4151,#4152);
#3846=AXIS2_PLACEMENT_3D('',#5196,#4157,#4158);
#3847=AXIS2_PLACEMENT_3D('',#5202,#4162,#4163);
#3848=AXIS2_PLACEMENT_3D('',#5208,#4167,#4168);
#3849=AXIS2_PLACEMENT_3D('',#5217,#4173,#4174);
#3850=AXIS2_PLACEMENT_3D('',#5223,#4178,#4179);
#3851=AXIS2_PLACEMENT_3D('',#5229,#4183,#4184);
#3852=AXIS2_PLACEMENT_3D('',#5238,#4189,#4190);
#3853=AXIS2_PLACEMENT_3D('',#5244,#4194,#4195);
#3854=AXIS2_PLACEMENT_3D('',#5250,#4199,#4200);
#3855=AXIS2_PLACEMENT_3D('',#5259,#4205,#4206);
#3856=AXIS2_PLACEMENT_3D('',#5265,#4210,#4211);
#3857=AXIS2_PLACEMENT_3D('',#5271,#4215,#4216);
#3858=AXIS2_PLACEMENT_3D('',#5280,#4221,#4222);
#3859=AXIS2_PLACEMENT_3D('',#5286,#4226,#4227);
#3860=AXIS2_PLACEMENT_3D('',#5292,#4231,#4232);
#3861=AXIS2_PLACEMENT_3D('',#5301,#4237,#4238);
#3862=AXIS2_PLACEMENT_3D('',#5307,#4242,#4243);
#3863=AXIS2_PLACEMENT_3D('',#5313,#4247,#4248);
#3864=AXIS2_PLACEMENT_3D('',#5322,#4253,#4254);
#3865=AXIS2_PLACEMENT_3D('',#5328,#4258,#4259);
#3866=AXIS2_PLACEMENT_3D('',#5334,#4263,#4264);
#3867=AXIS2_PLACEMENT_3D('',#5343,#4269,#4270);
#3868=AXIS2_PLACEMENT_3D('',#5349,#4274,#4275);
#3869=AXIS2_PLACEMENT_3D('',#5355,#4279,#4280);
#3870=AXIS2_PLACEMENT_3D('',#5364,#4285,#4286);
#3871=AXIS2_PLACEMENT_3D('',#5370,#4290,#4291);
#3872=AXIS2_PLACEMENT_3D('',#5376,#4295,#4296);
#3873=AXIS2_PLACEMENT_3D('',#5385,#4301,#4302);
#3874=AXIS2_PLACEMENT_3D('',#5391,#4306,#4307);
#3875=AXIS2_PLACEMENT_3D('',#5397,#4311,#4312);
#3876=AXIS2_PLACEMENT_3D('',#5406,#4317,#4318);
#3877=AXIS2_PLACEMENT_3D('',#5412,#4322,#4323);
#3878=AXIS2_PLACEMENT_3D('',#5418,#4327,#4328);
#3879=AXIS2_PLACEMENT_3D('',#5427,#4333,#4334);
#3880=AXIS2_PLACEMENT_3D('',#5433,#4338,#4339);
#3881=AXIS2_PLACEMENT_3D('',#5439,#4343,#4344);
#3882=AXIS2_PLACEMENT_3D('',#5448,#4349,#4350);
#3883=AXIS2_PLACEMENT_3D('',#5454,#4354,#4355);
#3884=AXIS2_PLACEMENT_3D('',#5460,#4359,#4360);
#3885=AXIS2_PLACEMENT_3D('',#5469,#4365,#4366);
#3886=AXIS2_PLACEMENT_3D('',#5475,#4370,#4371);
#3887=AXIS2_PLACEMENT_3D('',#5481,#4375,#4376);
#3888=AXIS2_PLACEMENT_3D('',#5490,#4381,#4382);
#3889=AXIS2_PLACEMENT_3D('',#5496,#4386,#4387);
#3890=AXIS2_PLACEMENT_3D('',#5502,#4391,#4392);
#3891=AXIS2_PLACEMENT_3D('',#5511,#4397,#4398);
#3892=AXIS2_PLACEMENT_3D('',#5517,#4402,#4403);
#3893=AXIS2_PLACEMENT_3D('',#5523,#4407,#4408);
#3894=AXIS2_PLACEMENT_3D('',#5532,#4413,#4414);
#3895=AXIS2_PLACEMENT_3D('',#5538,#4418,#4419);
#3896=AXIS2_PLACEMENT_3D('',#5544,#4423,#4424);
#3897=AXIS2_PLACEMENT_3D('',#5553,#4429,#4430);
#3898=AXIS2_PLACEMENT_3D('',#5559,#4434,#4435);
#3899=AXIS2_PLACEMENT_3D('',#5565,#4439,#4440);
#3900=AXIS2_PLACEMENT_3D('',#5574,#4445,#4446);
#3901=AXIS2_PLACEMENT_3D('',#5580,#4450,#4451);
#3902=AXIS2_PLACEMENT_3D('',#5586,#4455,#4456);
#3903=AXIS2_PLACEMENT_3D('',#5595,#4461,#4462);
#3904=AXIS2_PLACEMENT_3D('',#5601,#4466,#4467);
#3905=AXIS2_PLACEMENT_3D('',#5607,#4471,#4472);
#3906=AXIS2_PLACEMENT_3D('',#5616,#4477,#4478);
#3907=AXIS2_PLACEMENT_3D('',#5622,#4482,#4483);
#3908=AXIS2_PLACEMENT_3D('',#5628,#4487,#4488);
#3909=AXIS2_PLACEMENT_3D('',#5637,#4493,#4494);
#3910=AXIS2_PLACEMENT_3D('',#5643,#4498,#4499);
#3911=AXIS2_PLACEMENT_3D('',#5649,#4503,#4504);
#3912=AXIS2_PLACEMENT_3D('',#5658,#4509,#4510);
#3913=AXIS2_PLACEMENT_3D('',#5664,#4514,#4515);
#3914=AXIS2_PLACEMENT_3D('',#5670,#4519,#4520);
#3915=AXIS2_PLACEMENT_3D('',#5679,#4525,#4526);
#3916=AXIS2_PLACEMENT_3D('',#5685,#4530,#4531);
#3917=AXIS2_PLACEMENT_3D('',#5691,#4535,#4536);
#3918=AXIS2_PLACEMENT_3D('',#5700,#4541,#4542);
#3919=AXIS2_PLACEMENT_3D('',#5706,#4546,#4547);
#3920=AXIS2_PLACEMENT_3D('',#5712,#4551,#4552);
#3921=AXIS2_PLACEMENT_3D('',#5721,#4557,#4558);
#3922=AXIS2_PLACEMENT_3D('',#5727,#4562,#4563);
#3923=AXIS2_PLACEMENT_3D('',#5733,#4567,#4568);
#3924=AXIS2_PLACEMENT_3D('',#5742,#4573,#4574);
#3925=AXIS2_PLACEMENT_3D('',#5748,#4578,#4579);
#3926=AXIS2_PLACEMENT_3D('',#5754,#4583,#4584);
#3927=AXIS2_PLACEMENT_3D('',#5763,#4589,#4590);
#3928=AXIS2_PLACEMENT_3D('',#5769,#4594,#4595);
#3929=AXIS2_PLACEMENT_3D('',#5775,#4599,#4600);
#3930=AXIS2_PLACEMENT_3D('',#5784,#4605,#4606);
#3931=AXIS2_PLACEMENT_3D('',#5790,#4610,#4611);
#3932=AXIS2_PLACEMENT_3D('',#5796,#4615,#4616);
#3933=AXIS2_PLACEMENT_3D('',#5805,#4621,#4622);
#3934=AXIS2_PLACEMENT_3D('',#5811,#4626,#4627);
#3935=AXIS2_PLACEMENT_3D('',#5817,#4631,#4632);
#3936=AXIS2_PLACEMENT_3D('',#5826,#4637,#4638);
#3937=AXIS2_PLACEMENT_3D('',#5832,#4642,#4643);
#3938=AXIS2_PLACEMENT_3D('',#5838,#4647,#4648);
#3939=AXIS2_PLACEMENT_3D('',#5847,#4653,#4654);
#3940=AXIS2_PLACEMENT_3D('',#5853,#4658,#4659);
#3941=AXIS2_PLACEMENT_3D('',#5859,#4663,#4664);
#3942=AXIS2_PLACEMENT_3D('',#5868,#4669,#4670);
#3943=AXIS2_PLACEMENT_3D('',#5874,#4674,#4675);
#3944=AXIS2_PLACEMENT_3D('',#5880,#4679,#4680);
#3945=AXIS2_PLACEMENT_3D('',#5889,#4685,#4686);
#3946=AXIS2_PLACEMENT_3D('',#5895,#4690,#4691);
#3947=AXIS2_PLACEMENT_3D('',#5901,#4695,#4696);
#3948=AXIS2_PLACEMENT_3D('',#5910,#4701,#4702);
#3949=AXIS2_PLACEMENT_3D('',#5916,#4706,#4707);
#3950=AXIS2_PLACEMENT_3D('',#5922,#4711,#4712);
#3951=AXIS2_PLACEMENT_3D('',#5931,#4717,#4718);
#3952=AXIS2_PLACEMENT_3D('',#5937,#4722,#4723);
#3953=AXIS2_PLACEMENT_3D('',#5943,#4727,#4728);
#3954=AXIS2_PLACEMENT_3D('',#5952,#4733,#4734);
#3955=AXIS2_PLACEMENT_3D('',#5958,#4738,#4739);
#3956=AXIS2_PLACEMENT_3D('',#5964,#4743,#4744);
#3957=AXIS2_PLACEMENT_3D('',#5973,#4749,#4750);
#3958=AXIS2_PLACEMENT_3D('',#5979,#4754,#4755);
#3959=AXIS2_PLACEMENT_3D('',#5985,#4759,#4760);
#3960=AXIS2_PLACEMENT_3D('',#5994,#4765,#4766);
#3961=AXIS2_PLACEMENT_3D('',#6000,#4770,#4771);
#3962=AXIS2_PLACEMENT_3D('',#6006,#4775,#4776);
#3963=AXIS2_PLACEMENT_3D('',#6015,#4781,#4782);
#3964=AXIS2_PLACEMENT_3D('',#6021,#4786,#4787);
#3965=AXIS2_PLACEMENT_3D('',#6027,#4791,#4792);
#3966=AXIS2_PLACEMENT_3D('',#6036,#4797,#4798);
#3967=AXIS2_PLACEMENT_3D('',#6042,#4802,#4803);
#3968=AXIS2_PLACEMENT_3D('',#6048,#4807,#4808);
#3969=AXIS2_PLACEMENT_3D('',#6057,#4813,#4814);
#3970=AXIS2_PLACEMENT_3D('',#6063,#4818,#4819);
#3971=AXIS2_PLACEMENT_3D('',#6069,#4823,#4824);
#3972=AXIS2_PLACEMENT_3D('',#6078,#4829,#4830);
#3973=AXIS2_PLACEMENT_3D('',#6084,#4834,#4835);
#3974=AXIS2_PLACEMENT_3D('',#6090,#4839,#4840);
#3975=AXIS2_PLACEMENT_3D('',#6091,#4841,#4842);
#3976=AXIS2_PLACEMENT_3D('',#6092,#4843,#4844);
#3977=AXIS2_PLACEMENT_3D('',#6093,#4845,#4846);
#3978=AXIS2_PLACEMENT_3D('',#6094,#4847,#4848);
#3979=AXIS2_PLACEMENT_3D('',#6095,#4849,#4850);
#3980=AXIS2_PLACEMENT_3D('',#6096,#4851,#4852);
#3981=AXIS2_PLACEMENT_3D('',#6097,#4853,#4854);
#3982=AXIS2_PLACEMENT_3D('',#6098,#4855,#4856);
#3983=AXIS2_PLACEMENT_3D('',#6099,#4857,#4858);
#3984=AXIS2_PLACEMENT_3D('',#6100,#4859,#4860);
#3985=AXIS2_PLACEMENT_3D('',#6101,#4861,#4862);
#3986=AXIS2_PLACEMENT_3D('',#6102,#4863,#4864);
#3987=AXIS2_PLACEMENT_3D('',#6103,#4865,#4866);
#3988=AXIS2_PLACEMENT_3D('',#6104,#4867,#4868);
#3989=AXIS2_PLACEMENT_3D('',#6105,#4869,#4870);
#3990=AXIS2_PLACEMENT_3D('',#6106,#4871,#4872);
#3991=AXIS2_PLACEMENT_3D('',#6107,#4873,#4874);
#3992=AXIS2_PLACEMENT_3D('',#6108,#4875,#4876);
#3993=AXIS2_PLACEMENT_3D('',#6109,#4877,#4878);
#3994=AXIS2_PLACEMENT_3D('',#6110,#4879,#4880);
#3995=AXIS2_PLACEMENT_3D('',#6111,#4881,#4882);
#3996=AXIS2_PLACEMENT_3D('',#6112,#4883,#4884);
#3997=AXIS2_PLACEMENT_3D('',#6113,#4885,#4886);
#3998=AXIS2_PLACEMENT_3D('',#6114,#4887,#4888);
#3999=AXIS2_PLACEMENT_3D('',#6115,#4889,#4890);
#4000=AXIS2_PLACEMENT_3D('',#6116,#4891,#4892);
#4001=AXIS2_PLACEMENT_3D('',#6117,#4893,#4894);
#4002=AXIS2_PLACEMENT_3D('',#6118,#4895,#4896);
#4003=AXIS2_PLACEMENT_3D('',#6119,#4897,#4898);
#4004=AXIS2_PLACEMENT_3D('',#6120,#4899,#4900);
#4005=AXIS2_PLACEMENT_3D('',#6121,#4901,#4902);
#4006=AXIS2_PLACEMENT_3D('',#6122,#4903,#4904);
#4007=AXIS2_PLACEMENT_3D('',#6123,#4905,#4906);
#4008=AXIS2_PLACEMENT_3D('',#6124,#4907,#4908);
#4009=AXIS2_PLACEMENT_3D('',#6125,#4909,#4910);
#4010=AXIS2_PLACEMENT_3D('',#6126,#4911,#4912);
#4011=AXIS2_PLACEMENT_3D('',#6127,#4913,#4914);
#4012=AXIS2_PLACEMENT_3D('',#6128,#4915,#4916);
#4013=AXIS2_PLACEMENT_3D('',#6129,#4917,#4918);
#4014=AXIS2_PLACEMENT_3D('',#6130,#4919,#4920);
#4015=AXIS2_PLACEMENT_3D('',#6131,#4921,#4922);
#4016=AXIS2_PLACEMENT_3D('',#6132,#4923,#4924);
#4017=AXIS2_PLACEMENT_3D('',#6133,#4925,#4926);
#4018=AXIS2_PLACEMENT_3D('',#6135,#4927,#4928);
#4019=AXIS2_PLACEMENT_3D('',#6142,#4932,#4933);
#4020=AXIS2_PLACEMENT_3D('',#6144,#4934,#4935);
#4021=AXIS2_PLACEMENT_3D('',#6145,#4936,#4937);
#4022=AXIS2_PLACEMENT_3D('',#6147,#4938,#4939);
#4023=AXIS2_PLACEMENT_3D('',#6149,#4941,#4942);
#4024=AXIS2_PLACEMENT_3D('',#6150,#4943,#4944);
#4025=AXIS2_PLACEMENT_3D('',#6151,#4945,#4946);
#4026=AXIS2_PLACEMENT_3D('',#6152,#4947,#4948);
#4027=AXIS2_PLACEMENT_3D('',#6153,#4949,#4950);
#4028=AXIS2_PLACEMENT_3D('',#6154,#4951,#4952);
#4029=AXIS2_PLACEMENT_3D('',#6155,#4953,#4954);
#4030=AXIS2_PLACEMENT_3D('',#6156,#4955,#4956);
#4031=AXIS2_PLACEMENT_3D('',#6157,#4957,#4958);
#4032=AXIS2_PLACEMENT_3D('',#6158,#4959,#4960);
#4033=AXIS2_PLACEMENT_3D('',#6159,#4961,#4962);
#4034=AXIS2_PLACEMENT_3D('',#6160,#4963,#4964);
#4035=AXIS2_PLACEMENT_3D('',#6161,#4965,#4966);
#4036=AXIS2_PLACEMENT_3D('',#6162,#4967,#4968);
#4037=AXIS2_PLACEMENT_3D('',#6163,#4969,#4970);
#4038=AXIS2_PLACEMENT_3D('',#6164,#4971,#4972);
#4039=AXIS2_PLACEMENT_3D('',#6165,#4973,#4974);
#4040=AXIS2_PLACEMENT_3D('',#6166,#4975,#4976);
#4041=AXIS2_PLACEMENT_3D('',#6167,#4977,#4978);
#4042=AXIS2_PLACEMENT_3D('',#6168,#4979,#4980);
#4043=AXIS2_PLACEMENT_3D('',#6169,#4981,#4982);
#4044=AXIS2_PLACEMENT_3D('',#6170,#4983,#4984);
#4045=AXIS2_PLACEMENT_3D('',#6171,#4985,#4986);
#4046=AXIS2_PLACEMENT_3D('',#6172,#4987,#4988);
#4047=AXIS2_PLACEMENT_3D('',#6173,#4989,#4990);
#4048=AXIS2_PLACEMENT_3D('',#6174,#4991,#4992);
#4049=AXIS2_PLACEMENT_3D('',#6175,#4993,#4994);
#4050=AXIS2_PLACEMENT_3D('',#6176,#4995,#4996);
#4051=AXIS2_PLACEMENT_3D('',#6177,#4997,#4998);
#4052=AXIS2_PLACEMENT_3D('',#6178,#4999,#5000);
#4053=AXIS2_PLACEMENT_3D('',#6179,#5001,#5002);
#4054=AXIS2_PLACEMENT_3D('',#6180,#5003,#5004);
#4055=AXIS2_PLACEMENT_3D('',#6181,#5005,#5006);
#4056=AXIS2_PLACEMENT_3D('',#6182,#5007,#5008);
#4057=AXIS2_PLACEMENT_3D('',#6183,#5009,#5010);
#4058=AXIS2_PLACEMENT_3D('',#6184,#5011,#5012);
#4059=AXIS2_PLACEMENT_3D('',#6185,#5013,#5014);
#4060=AXIS2_PLACEMENT_3D('',#6186,#5015,#5016);
#4061=AXIS2_PLACEMENT_3D('',#6187,#5017,#5018);
#4062=AXIS2_PLACEMENT_3D('',#6188,#5019,#5020);
#4063=AXIS2_PLACEMENT_3D('',#6189,#5021,#5022);
#4064=AXIS2_PLACEMENT_3D('',#6190,#5023,#5024);
#4065=AXIS2_PLACEMENT_3D('',#6191,#5025,#5026);
#4066=AXIS2_PLACEMENT_3D('',#6192,#5027,#5028);
#4067=AXIS2_PLACEMENT_3D('',#6193,#5029,#5030);
#4068=AXIS2_PLACEMENT_3D('',#6194,#5031,#5032);
#4069=AXIS2_PLACEMENT_3D('',#6195,#5033,#5034);
#4070=AXIS2_PLACEMENT_3D('',#6196,#5035,#5036);
#4071=AXIS2_PLACEMENT_3D('',#6197,#5037,#5038);
#4072=AXIS2_PLACEMENT_3D('',#6198,#5039,#5040);
#4073=AXIS2_PLACEMENT_3D('',#6199,#5041,#5042);
#4074=AXIS2_PLACEMENT_3D('',#6200,#5043,#5044);
#4075=AXIS2_PLACEMENT_3D('',#6201,#5045,#5046);
#4076=AXIS2_PLACEMENT_3D('',#6202,#5047,#5048);
#4077=AXIS2_PLACEMENT_3D('',#6203,#5049,#5050);
#4078=AXIS2_PLACEMENT_3D('',#6204,#5051,#5052);
#4079=AXIS2_PLACEMENT_3D('',#6205,#5053,#5054);
#4080=AXIS2_PLACEMENT_3D('',#6206,#5055,#5056);
#4081=AXIS2_PLACEMENT_3D('',#6207,#5057,#5058);
#4082=AXIS2_PLACEMENT_3D('',#6208,#5059,#5060);
#4083=AXIS2_PLACEMENT_3D('',#6209,#5061,#5062);
#4084=AXIS2_PLACEMENT_3D('',#6210,#5063,#5064);
#4085=AXIS2_PLACEMENT_3D('',#6211,#5065,#5066);
#4086=AXIS2_PLACEMENT_3D('',#6212,#5067,#5068);
#4087=AXIS2_PLACEMENT_3D('',#6213,#5069,#5070);
#4088=AXIS2_PLACEMENT_3D('',#6214,#5071,#5072);
#4089=AXIS2_PLACEMENT_3D('',#6215,#5073,#5074);
#4090=AXIS2_PLACEMENT_3D('',#6216,#5075,#5076);
#4091=AXIS2_PLACEMENT_3D('',#6217,#5077,#5078);
#4092=AXIS2_PLACEMENT_3D('',#6218,#5079,#5080);
#4093=AXIS2_PLACEMENT_3D('',#6219,#5081,#5082);
#4094=AXIS2_PLACEMENT_3D('',#6220,#5083,#5084);
#4095=AXIS2_PLACEMENT_3D('',#6221,#5085,#5086);
#4096=AXIS2_PLACEMENT_3D('',#6222,#5087,#5088);
#4097=AXIS2_PLACEMENT_3D('',#6223,#5089,#5090);
#4098=AXIS2_PLACEMENT_3D('',#6224,#5091,#5092);
#4099=AXIS2_PLACEMENT_3D('',#6225,#5093,#5094);
#4100=AXIS2_PLACEMENT_3D('',#6226,#5095,#5096);
#4101=AXIS2_PLACEMENT_3D('',#6227,#5097,#5098);
#4102=AXIS2_PLACEMENT_3D('',#6228,#5099,#5100);
#4103=AXIS2_PLACEMENT_3D('',#6229,#5101,#5102);
#4104=AXIS2_PLACEMENT_3D('',#6230,#5103,#5104);
#4105=AXIS2_PLACEMENT_3D('',#6231,#5105,#5106);
#4106=AXIS2_PLACEMENT_3D('',#6232,#5107,#5108);
#4107=AXIS2_PLACEMENT_3D('',#6233,#5109,#5110);
#4108=AXIS2_PLACEMENT_3D('',#6234,#5111,#5112);
#4109=AXIS2_PLACEMENT_3D('',#6235,#5113,#5114);
#4110=AXIS2_PLACEMENT_3D('',#6241,#5118,#5119);
#4111=AXIS2_PLACEMENT_3D('',#6245,#5122,#5123);
#4112=AXIS2_PLACEMENT_3D('',#6247,#5125,#5126);
#4113=AXIS2_PLACEMENT_3D('',#6250,#5127,#5128);
#4114=AXIS2_PLACEMENT_3D('',#6253,#5131,#5132);
#4115=AXIS2_PLACEMENT_3D('',#6257,#5135,#5136);
#4116=AXIS2_PLACEMENT_3D('',#6259,#5138,#5139);
#4117=AXIS2_PLACEMENT_3D('',#6261,#5140,#5141);
#4118=AXIS2_PLACEMENT_3D('',#6263,#5143,#5144);
#4119=AXIS2_PLACEMENT_3D('',#6265,#5146,#5147);
#4120=AXIS2_PLACEMENT_3D('',#6266,#5148,#5149);
#4121=AXIS2_PLACEMENT_3D('',#6267,#5150,#5151);
#4122=AXIS2_PLACEMENT_3D('',#6268,#5152,#5153);
#4123=DIRECTION('axis',(0.,0.,1.));
#4124=DIRECTION('refdir',(1.,0.,0.));
#4125=DIRECTION('center_axis',(-1.,4.89885912159066E-15,2.17807123822121E-18));
#4126=DIRECTION('ref_axis',(-4.89885912159066E-15,-1.,1.71819524861903E-48));
#4127=DIRECTION('center_axis',(-1.,4.89885912159066E-15,2.17807123822121E-18));
#4128=DIRECTION('ref_axis',(-4.89885912159066E-15,-1.,1.71819524861903E-48));
#4129=DIRECTION('center_axis',(1.,-4.89885912159066E-15,-2.17807123822164E-18));
#4130=DIRECTION('ref_axis',(-2.78549075233812E-15,-0.56896551724138,0.822361380531849));
#4131=DIRECTION('',(-2.1780712382214E-18,1.06700641528351E-32,-1.));
#4132=DIRECTION('center_axis',(1.,-4.89885912159066E-15,-2.17807123822133E-18));
#4133=DIRECTION('ref_axis',(2.78549075233812E-15,0.568965517241381,-0.822361380531849));
#4134=DIRECTION('',(2.17807123822128E-18,-1.06700641528346E-32,1.));
#4135=DIRECTION('center_axis',(-3.88194129905229E-16,0.781077501304127,
-0.624434093364946));
#4136=DIRECTION('ref_axis',(-5.61331302908505E-16,-0.624434093364946,-0.781077501304127));
#4137=DIRECTION('',(3.06071589655347E-15,0.624434093364946,0.781077501304127));
#4138=DIRECTION('',(-1.,4.73047022017299E-17,6.80844901036531E-16));
#4139=DIRECTION('',(-3.06071589655347E-15,-0.624434093364946,-0.781077501304127));
#4140=DIRECTION('',(-1.,4.73047022017299E-17,6.80844901036531E-16));
#4141=DIRECTION('center_axis',(5.61331302908514E-16,0.624434093364927,0.781077501304142));
#4142=DIRECTION('ref_axis',(-3.88194129905215E-16,0.781077501304142,-0.624434093364926));
#4143=DIRECTION('',(-3.82502857999412E-15,-0.781077501304142,0.624434093364926));
#4144=DIRECTION('',(3.82502857999412E-15,0.781077501304142,-0.624434093364926));
#4145=DIRECTION('',(1.,-4.90718576884319E-15,0.));
#4146=DIRECTION('center_axis',(-5.61331302908513E-16,-0.62443409336493,
-0.781077501304139));
#4147=DIRECTION('ref_axis',(3.88194129905218E-16,-0.781077501304139,0.62443409336493));
#4148=DIRECTION('',(3.8250285799941E-15,0.781077501304139,-0.62443409336493));
#4149=DIRECTION('',(-1.,4.90718576884319E-15,0.));
#4150=DIRECTION('',(-3.8250285799941E-15,-0.781077501304139,0.62443409336493));
#4151=DIRECTION('center_axis',(-8.50732599315019E-16,0.686571679635143,
-0.727062121639533));
#4152=DIRECTION('ref_axis',(-1.06317358733049E-15,-0.727062121639533,-0.686571679635143));
#4153=DIRECTION('',(3.56327030858527E-15,0.727062121639533,0.686571679635143));
#4154=DIRECTION('',(-1.,1.88904334443533E-16,1.34848032420311E-15));
#4155=DIRECTION('',(-3.56327030858527E-15,-0.727062121639533,-0.686571679635143));
#4156=DIRECTION('',(-1.,1.88904334443533E-16,1.34848032420311E-15));
#4157=DIRECTION('center_axis',(1.06317358733051E-15,0.727062121639516,0.686571679635161));
#4158=DIRECTION('ref_axis',(-8.50732599314993E-16,0.686571679635161,-0.727062121639516));
#4159=DIRECTION('',(-3.36183434231099E-15,-0.686571679635161,0.727062121639516));
#4160=DIRECTION('',(3.36183434231099E-15,0.686571679635161,-0.727062121639516));
#4161=DIRECTION('',(1.,-4.90718576884319E-15,0.));
#4162=DIRECTION('center_axis',(-1.06317358733051E-15,-0.727062121639519,
-0.686571679635157));
#4163=DIRECTION('ref_axis',(8.50732599314999E-16,-0.686571679635157,0.727062121639519));
#4164=DIRECTION('',(3.36183434231097E-15,0.686571679635157,-0.727062121639519));
#4165=DIRECTION('',(-1.,4.90718576884319E-15,0.));
#4166=DIRECTION('',(-3.36183434231097E-15,-0.686571679635157,0.727062121639519));
#4167=DIRECTION('center_axis',(-1.37861262305203E-15,0.578702521185771,
-0.815538712737312));
#4168=DIRECTION('ref_axis',(-1.49575906403683E-15,-0.815538712737312,-0.578702521185771));
#4169=DIRECTION('',(3.99646971722037E-15,0.815538712737312,0.578702521185771));
#4170=DIRECTION('',(-1.,4.22042820951021E-16,1.98991150541185E-15));
#4171=DIRECTION('',(-3.99646971722037E-15,-0.815538712737312,-0.578702521185771));
#4172=DIRECTION('',(-1.,4.22042820951021E-16,1.98991150541185E-15));
#4173=DIRECTION('center_axis',(1.49575906403686E-15,0.815538712737298,0.578702521185791));
#4174=DIRECTION('ref_axis',(-1.37861262305199E-15,0.578702521185791,-0.815538712737298));
#4175=DIRECTION('',(-2.83320582318466E-15,-0.578702521185791,0.815538712737298));
#4176=DIRECTION('',(2.83320582318466E-15,0.578702521185791,-0.815538712737298));
#4177=DIRECTION('',(1.,-4.90718576884319E-15,0.));
#4178=DIRECTION('center_axis',(-1.49575906403686E-15,-0.815538712737301,
-0.578702521185787));
#4179=DIRECTION('ref_axis',(1.378612623052E-15,-0.578702521185787,0.815538712737301));
#4180=DIRECTION('',(2.83320582318463E-15,0.578702521185787,-0.815538712737301));
#4181=DIRECTION('',(-1.,4.90718576884319E-15,0.));
#4182=DIRECTION('',(-2.83320582318463E-15,-0.578702521185787,0.815538712737301));
#4183=DIRECTION('center_axis',(-1.96155961690884E-15,0.459569576425879,
-0.888141770453196));
#4184=DIRECTION('ref_axis',(-1.85066794878211E-15,-0.888141770453196,-0.459569576425879));
#4185=DIRECTION('',(4.35188238872669E-15,0.888141770453196,0.459569576425879));
#4186=DIRECTION('',(-1.,7.4218238627542E-16,2.59265371633766E-15));
#4187=DIRECTION('',(-4.35188238872669E-15,-0.888141770453196,-0.459569576425879));
#4188=DIRECTION('',(-1.,7.4218238627542E-16,2.59265371633766E-15));
#4189=DIRECTION('center_axis',(1.85066794878216E-15,0.888141770453185,0.459569576425901));
#4190=DIRECTION('ref_axis',(-1.9615596169088E-15,0.459569576425901,-0.888141770453185));
#4191=DIRECTION('',(-2.24943217543389E-15,-0.459569576425901,0.888141770453185));
#4192=DIRECTION('',(2.24943217543389E-15,0.459569576425901,-0.888141770453185));
#4193=DIRECTION('',(1.,-4.90718576884319E-15,0.));
#4194=DIRECTION('center_axis',(-1.85066794878215E-15,-0.888141770453187,
-0.459569576425897));
#4195=DIRECTION('ref_axis',(1.96155961690881E-15,-0.459569576425897,0.888141770453187));
#4196=DIRECTION('',(2.24943217543387E-15,0.459569576425897,-0.888141770453187));
#4197=DIRECTION('',(-1.,4.90718576884319E-15,0.));
#4198=DIRECTION('',(-2.24943217543387E-15,-0.459569576425897,0.888141770453187));
#4199=DIRECTION('center_axis',(-2.58822718074241E-15,0.331491632613503,
-0.943458158853499));
#4200=DIRECTION('ref_axis',(-2.12099234382765E-15,-0.943458158853499,-0.331491632613503));
#4201=DIRECTION('',(4.6225906197293E-15,0.943458158853499,0.331491632613503));
#4202=DIRECTION('',(-1.,1.14309187793105E-15,3.14497526545399E-15));
#4203=DIRECTION('',(-4.6225906197293E-15,-0.943458158853499,-0.331491632613503));
#4204=DIRECTION('',(-1.,1.14309187793105E-15,3.14497526545399E-15));
#4205=DIRECTION('center_axis',(2.12099234382771E-15,0.943458158853491,0.331491632613526));
#4206=DIRECTION('ref_axis',(-2.58822718074236E-15,0.331491632613526,-0.943458158853491));
#4207=DIRECTION('',(-1.62187588907949E-15,-0.331491632613526,0.943458158853491));
#4208=DIRECTION('',(1.62187588907949E-15,0.331491632613526,-0.943458158853491));
#4209=DIRECTION('',(1.,-4.90718576884319E-15,0.));
#4210=DIRECTION('center_axis',(-2.1209923438277E-15,-0.943458158853493,
-0.331491632613521));
#4211=DIRECTION('ref_axis',(2.58822718074237E-15,-0.331491632613521,0.943458158853493));
#4212=DIRECTION('',(1.62187588907946E-15,0.331491632613521,-0.943458158853493));
#4213=DIRECTION('',(-1.,4.90718576884319E-15,0.));
#4214=DIRECTION('',(-1.62187588907946E-15,-0.331491632613521,0.943458158853493));
#4215=DIRECTION('center_axis',(-3.24641794324651E-15,0.196961581238448,
-0.980411207359468));
#4216=DIRECTION('ref_axis',(-2.30147069231331E-15,-0.980411207359468,-0.196961581238448));
#4217=DIRECTION('',(4.80332538243777E-15,0.980411207359468,0.196961581238448));
#4218=DIRECTION('',(-1.,1.61696804869062E-15,3.63612584206373E-15));
#4219=DIRECTION('',(-4.80332538243777E-15,-0.980411207359468,-0.196961581238448));
#4220=DIRECTION('',(-1.,1.61696804869062E-15,3.63612584206373E-15));
#4221=DIRECTION('center_axis',(2.30147069231339E-15,0.980411207359464,0.196961581238472));
#4222=DIRECTION('ref_axis',(-3.24641794324645E-15,0.196961581238472,-0.980411207359463));
#4223=DIRECTION('',(-9.62751633400629E-16,-0.196961581238472,0.980411207359463));
#4224=DIRECTION('',(9.62751633400629E-16,0.196961581238472,-0.980411207359463));
#4225=DIRECTION('',(1.,-4.90718576884319E-15,0.));
#4226=DIRECTION('center_axis',(-2.30147069231338E-15,-0.980411207359464,
-0.196961581238467));
#4227=DIRECTION('ref_axis',(3.24641794324646E-15,-0.196961581238467,0.980411207359464));
#4228=DIRECTION('',(9.62751633400605E-16,0.196961581238467,-0.980411207359465));
#4229=DIRECTION('',(-1.,4.90718576884319E-15,0.));
#4230=DIRECTION('',(-9.62751633400605E-16,-0.196961581238467,0.980411207359465));
#4231=DIRECTION('center_axis',(-3.92332096990988E-15,0.0585978967250655,
-0.998281666915405));
#4232=DIRECTION('ref_axis',(-2.38859018847692E-15,-0.998281666915405,-0.0585978967250655));
#4233=DIRECTION('',(4.89056888027874E-15,0.998281666915405,0.0585978967250655));
#4234=DIRECTION('',(-1.,2.15458743791646E-15,4.05654575886867E-15));
#4235=DIRECTION('',(-4.89056888027874E-15,-0.998281666915405,-0.0585978967250655));
#4236=DIRECTION('',(-1.,2.15458743791646E-15,4.05654575886867E-15));
#4237=DIRECTION('center_axis',(2.38859018847701E-15,0.998281666915403,0.05859789672509));
#4238=DIRECTION('ref_axis',(-3.92332096990982E-15,0.05859789672509,-0.998281666915403));
#4239=DIRECTION('',(-2.84888512291383E-16,-0.05859789672509,0.998281666915403));
#4240=DIRECTION('',(2.84888512291383E-16,0.05859789672509,-0.998281666915403));
#4241=DIRECTION('',(1.,-4.90718576884319E-15,0.));
#4242=DIRECTION('center_axis',(-2.388590188477E-15,-0.998281666915403,-0.058597896725085));
#4243=DIRECTION('ref_axis',(3.92332096990983E-15,-0.058597896725085,0.998281666915403));
#4244=DIRECTION('',(2.84888512291358E-16,0.058597896725085,-0.998281666915403));
#4245=DIRECTION('',(-1.,4.90718576884319E-15,0.));
#4246=DIRECTION('',(-2.84888512291358E-16,-0.058597896725085,0.998281666915403));
#4247=DIRECTION('center_axis',(-4.60576111328431E-15,-0.0809063291939516,
-0.996721709353398));
#4248=DIRECTION('ref_axis',(-2.3806551504226E-15,-0.996721709353398,0.0809063291939516));
#4249=DIRECTION('',(4.88262301780472E-15,0.996721709353398,-0.0809063291939516));
#4250=DIRECTION('',(-1.,2.74548589573026E-15,4.39805202040878E-15));
#4251=DIRECTION('',(-4.88262301780472E-15,-0.996721709353398,0.0809063291939516));
#4252=DIRECTION('',(-1.,2.74548589573026E-15,4.39805202040878E-15));
#4253=DIRECTION('center_axis',(2.38065515042271E-15,0.9967217093534,-0.0809063291939271));
#4254=DIRECTION('ref_axis',(-4.60576111328425E-15,-0.0809063291939271,-0.9967217093534));
#4255=DIRECTION('',(3.9851963965374E-16,0.0809063291939271,0.9967217093534));
#4256=DIRECTION('',(-3.9851963965374E-16,-0.0809063291939271,-0.9967217093534));
#4257=DIRECTION('',(1.,-4.90718576884319E-15,0.));
#4258=DIRECTION('center_axis',(-2.38065515042269E-15,-0.9967217093534,0.0809063291939321));
#4259=DIRECTION('ref_axis',(4.60576111328426E-15,0.0809063291939321,0.9967217093534));
#4260=DIRECTION('',(-3.98519639653764E-16,-0.0809063291939321,-0.9967217093534));
#4261=DIRECTION('',(-1.,4.90718576884319E-15,0.));
#4262=DIRECTION('',(3.98519639653764E-16,0.0809063291939321,0.9967217093534));
#4263=DIRECTION('center_axis',(-5.28045545224317E-15,-0.218835805444794,
-0.975761697472968));
#4264=DIRECTION('ref_axis',(-2.2778200246401E-15,-0.975761697472968,0.218835805444794));
#4265=DIRECTION('',(4.7796424521905E-15,0.975761697472968,-0.218835805444794));
#4266=DIRECTION('',(-1.,3.37816225578773E-15,4.65399759576079E-15));
#4267=DIRECTION('',(-4.7796424521905E-15,-0.975761697472968,0.218835805444794));
#4268=DIRECTION('',(-1.,3.37816225578773E-15,4.65399759576079E-15));
#4269=DIRECTION('center_axis',(2.27782002464023E-15,0.975761697472974,-0.21883580544477));
#4270=DIRECTION('ref_axis',(-5.28045545224311E-15,-0.21883580544477,-0.975761697472974));
#4271=DIRECTION('',(1.07417106012237E-15,0.21883580544477,0.975761697472974));
#4272=DIRECTION('',(-1.07417106012237E-15,-0.21883580544477,-0.975761697472974));
#4273=DIRECTION('',(1.,-4.90718576884319E-15,0.));
#4274=DIRECTION('center_axis',(-2.2778200246402E-15,-0.975761697472972,
0.218835805444775));
#4275=DIRECTION('ref_axis',(5.28045545224312E-15,0.218835805444775,0.975761697472972));
#4276=DIRECTION('',(-1.0741710601224E-15,-0.218835805444775,-0.975761697472972));
#4277=DIRECTION('',(-1.,4.90718576884319E-15,0.));
#4278=DIRECTION('',(1.0741710601224E-15,0.218835805444775,0.975761697472972));
#4279=DIRECTION('center_axis',(-5.93427182893206E-15,-0.352505891664692,
-0.935809594063707));
#4280=DIRECTION('ref_axis',(-2.08208637987956E-15,-0.935809594063707,0.352505891664692));
#4281=DIRECTION('',(4.58363158300711E-15,0.935809594063707,-0.352505891664692));
#4282=DIRECTION('',(-1.,4.04030219239903E-15,4.81940079543425E-15));
#4283=DIRECTION('',(-4.58363158300711E-15,-0.935809594063707,0.352505891664692));
#4284=DIRECTION('',(-1.,4.04030219239903E-15,4.81940079543425E-15));
#4285=DIRECTION('center_axis',(2.08208637987971E-15,0.935809594063716,-0.35250589166467));
#4286=DIRECTION('ref_axis',(-5.93427182893201E-15,-0.352505891664669,-0.935809594063716));
#4287=DIRECTION('',(1.7289149627572E-15,0.352505891664669,0.935809594063716));
#4288=DIRECTION('',(-1.7289149627572E-15,-0.352505891664669,-0.935809594063716));
#4289=DIRECTION('',(1.,-4.90718576884319E-15,0.));
#4290=DIRECTION('center_axis',(-2.08208637987968E-15,-0.935809594063714,
0.352505891664674));
#4291=DIRECTION('ref_axis',(5.93427182893202E-15,0.352505891664674,0.935809594063714));
#4292=DIRECTION('',(-1.72891496275722E-15,-0.352505891664674,-0.935809594063714));
#4293=DIRECTION('',(-1.,4.90718576884319E-15,0.));
#4294=DIRECTION('',(1.72891496275722E-15,0.352505891664674,0.935809594063714));
#4295=DIRECTION('center_axis',(-6.55448445128384E-15,-0.479314851672846,
-0.877643021373632));
#4296=DIRECTION('ref_axis',(-1.79726394889253E-15,-0.877643021373632,0.479314851672846));
#4297=DIRECTION('',(4.29840553886412E-15,0.877643021373632,-0.479314851672846));
#4298=DIRECTION('',(-1.,4.71901790487103E-15,4.89104223429086E-15));
#4299=DIRECTION('',(-4.29840553886412E-15,-0.877643021373632,0.479314851672846));
#4300=DIRECTION('',(-1.,4.71901790487103E-15,4.89104223429086E-15));
#4301=DIRECTION('center_axis',(1.79726394889269E-15,0.877643021373644,-0.479314851672824));
#4302=DIRECTION('ref_axis',(-6.55448445128379E-15,-0.479314851672824,-0.877643021373644));
#4303=DIRECTION('',(2.35000750225357E-15,0.479314851672824,0.877643021373644));
#4304=DIRECTION('',(-2.35000750225357E-15,-0.479314851672824,-0.877643021373644));
#4305=DIRECTION('',(1.,-4.90718576884319E-15,0.));
#4306=DIRECTION('center_axis',(-1.79726394889266E-15,-0.877643021373642,
0.479314851672829));
#4307=DIRECTION('ref_axis',(6.5544844512838E-15,0.479314851672829,0.877643021373642));
#4308=DIRECTION('',(-2.35000750225359E-15,-0.479314851672829,-0.877643021373642));
#4309=DIRECTION('',(-1.,4.90718576884319E-15,0.));
#4310=DIRECTION('',(2.35000750225359E-15,0.479314851672829,0.877643021373642));
#4311=DIRECTION('center_axis',(-7.12902158608583E-15,-0.596794493305751,
-0.80239412557666));
#4312=DIRECTION('ref_axis',(-1.42889647631746E-15,-0.80239412557666,0.596794493305751));
#4313=DIRECTION('',(3.92951592027098E-15,0.80239412557666,-0.596794493305751));
#4314=DIRECTION('',(-1.,5.40109896388817E-15,4.86752749321422E-15));
#4315=DIRECTION('',(-3.92951592027098E-15,-0.80239412557666,0.596794493305751));
#4316=DIRECTION('',(-1.,5.40109896388817E-15,4.86752749321422E-15));
#4317=DIRECTION('center_axis',(1.42889647631763E-15,0.802394125576674,-0.596794493305731));
#4318=DIRECTION('ref_axis',(-7.1290215860858E-15,-0.596794493305731,-0.802394125576674));
#4319=DIRECTION('',(2.92535981881249E-15,0.596794493305731,0.802394125576674));
#4320=DIRECTION('',(-2.92535981881249E-15,-0.596794493305731,-0.802394125576674));
#4321=DIRECTION('',(1.,-4.90718576884319E-15,0.));
#4322=DIRECTION('center_axis',(-1.4288964763176E-15,-0.802394125576671,
0.596794493305735));
#4323=DIRECTION('ref_axis',(7.1290215860858E-15,0.596794493305735,0.802394125576671));
#4324=DIRECTION('',(-2.92535981881251E-15,-0.596794493305735,-0.802394125576671));
#4325=DIRECTION('',(-1.,4.90718576884319E-15,0.));
#4326=DIRECTION('',(2.92535981881251E-15,0.596794493305735,0.802394125576671));
#4327=DIRECTION('center_axis',(-7.64670052153542E-15,-0.702658208970134,
-0.711527540835127));
#4328=DIRECTION('ref_axis',(-9.84153815996216E-16,-0.711527540835127,0.702658208970134));
#4329=DIRECTION('',(3.48414274404788E-15,0.711527540835127,-0.702658208970134));
#4330=DIRECTION('',(-1.,6.07326943749236E-15,4.74931425989176E-15));
#4331=DIRECTION('',(-3.48414274404788E-15,-0.711527540835127,0.702658208970134));
#4332=DIRECTION('',(-1.,6.07326943749236E-15,4.74931425989176E-15));
#4333=DIRECTION('center_axis',(9.84153815996403E-16,0.711527540835145,-0.702658208970116));
#4334=DIRECTION('ref_axis',(-7.6467005215354E-15,-0.702658208970116,-0.711527540835145));
#4335=DIRECTION('',(3.4437733340457E-15,0.702658208970116,0.711527540835145));
#4336=DIRECTION('',(-3.4437733340457E-15,-0.702658208970116,-0.711527540835145));
#4337=DIRECTION('',(1.,-4.90718576884319E-15,0.));
#4338=DIRECTION('center_axis',(-9.84153815996365E-16,-0.711527540835141,
0.70265820897012));
#4339=DIRECTION('ref_axis',(7.6467005215354E-15,0.70265820897012,0.711527540835141));
#4340=DIRECTION('',(-3.44377333404572E-15,-0.70265820897012,-0.711527540835141));
#4341=DIRECTION('',(-1.,4.90718576884319E-15,0.));
#4342=DIRECTION('',(3.44377333404572E-15,0.70265820897012,0.711527540835141));
#4343=DIRECTION('center_axis',(-8.09744522600515E-15,-0.79484548185878,
-0.606811881861821));
#4344=DIRECTION('ref_axis',(-4.71692377924689E-16,-0.606811881861821,0.794845481858779));
#4345=DIRECTION('',(2.97095469246551E-15,0.606811881861821,-0.79484548185878));
#4346=DIRECTION('',(-1.,6.72244629199749E-15,4.53870342044454E-15));
#4347=DIRECTION('',(-2.97095469246551E-15,-0.606811881861821,0.79484548185878));
#4348=DIRECTION('',(-1.,6.72244629199749E-15,4.53870342044454E-15));
#4349=DIRECTION('center_axis',(4.71692377924887E-16,0.60681188186184,-0.794845481858765));
#4350=DIRECTION('ref_axis',(-8.09744522600513E-15,-0.794845481858765,-0.60681188186184));
#4351=DIRECTION('',(3.89515771856583E-15,0.794845481858765,0.60681188186184));
#4352=DIRECTION('',(-3.89515771856583E-15,-0.794845481858765,-0.60681188186184));
#4353=DIRECTION('',(1.,-4.90718576884319E-15,0.));
#4354=DIRECTION('center_axis',(-4.71692377924847E-16,-0.606811881861837,
0.794845481858768));
#4355=DIRECTION('ref_axis',(8.09744522600513E-15,0.794845481858768,0.606811881861836));
#4356=DIRECTION('',(-3.89515771856584E-15,-0.794845481858768,-0.606811881861837));
#4357=DIRECTION('',(-1.,4.90718576884319E-15,0.));
#4358=DIRECTION('',(3.89515771856584E-15,0.794845481858768,0.606811881861837));
#4359=DIRECTION('center_axis',(-8.472482466537E-15,-0.871561991566379,-0.490285319846359));
#4360=DIRECTION('ref_axis',(9.85133589213123E-17,-0.490285319846359,0.871561991566379));
#4361=DIRECTION('',(2.39994038720517E-15,0.490285319846359,-0.871561991566379));
#4362=DIRECTION('',(-1.,7.33599403835834E-15,4.23979427529611E-15));
#4363=DIRECTION('',(-2.39994038720517E-15,-0.490285319846359,0.871561991566379));
#4364=DIRECTION('',(-1.,7.33599403835834E-15,4.23979427529611E-15));
#4365=DIRECTION('center_axis',(-9.85133589211048E-17,0.490285319846381,
-0.871561991566367));
#4366=DIRECTION('ref_axis',(-8.472482466537E-15,-0.871561991566367,-0.490285319846381));
#4367=DIRECTION('',(4.2707272887703E-15,0.871561991566367,0.490285319846381));
#4368=DIRECTION('',(-4.2707272887703E-15,-0.871561991566367,-0.490285319846381));
#4369=DIRECTION('',(1.,-4.90718576884319E-15,0.));
#4370=DIRECTION('center_axis',(9.8513358921147E-17,-0.490285319846376,0.87156199156637));
#4371=DIRECTION('ref_axis',(8.472482466537E-15,0.871561991566369,0.490285319846376));
#4372=DIRECTION('',(-4.27072728877031E-15,-0.87156199156637,-0.490285319846376));
#4373=DIRECTION('',(-1.,4.90718576884319E-15,0.));
#4374=DIRECTION('',(4.27072728877031E-15,0.87156199156637,0.490285319846376));
#4375=DIRECTION('center_axis',(-8.76451256984256E-15,-0.93131453849521,
-0.364215911771375));
#4376=DIRECTION('ref_axis',(7.15364988473483E-16,-0.364215911771375,0.93131453849521));
#4377=DIRECTION('',(1.78221397219962E-15,0.364215911771375,-0.93131453849521));
#4378=DIRECTION('',(-1.,7.9019706675922E-15,3.8584047509527E-15));
#4379=DIRECTION('',(-1.78221397219962E-15,-0.364215911771375,0.93131453849521));
#4380=DIRECTION('',(-1.,7.9019706675922E-15,3.8584047509527E-15));
#4381=DIRECTION('center_axis',(-7.15364988473268E-16,0.364215911771398,
-0.931314538495201));
#4382=DIRECTION('ref_axis',(-8.76451256984258E-15,-0.931314538495201,-0.364215911771398));
#4383=DIRECTION('',(4.56317201017914E-15,0.931314538495201,0.364215911771398));
#4384=DIRECTION('',(-4.56317201017914E-15,-0.931314538495201,-0.364215911771398));
#4385=DIRECTION('',(1.,-4.90718576884319E-15,0.));
#4386=DIRECTION('center_axis',(7.15364988473312E-16,-0.364215911771393,
0.931314538495203));
#4387=DIRECTION('ref_axis',(8.76451256984258E-15,0.931314538495203,0.364215911771393));
#4388=DIRECTION('',(-4.56317201017915E-15,-0.931314538495203,-0.364215911771393));
#4389=DIRECTION('',(-1.,4.90718576884319E-15,0.));
#4390=DIRECTION('',(4.56317201017915E-15,0.931314538495203,0.364215911771393));
#4391=DIRECTION('center_axis',(-8.96785150214032E-15,-0.972940107286818,
-0.231057455263219));
#4392=DIRECTION('ref_axis',(1.36685619542093E-15,-0.231057455263219,0.972940107286818));
#4393=DIRECTION('',(1.12979878946355E-15,0.231057455263219,-0.972940107286818));
#4394=DIRECTION('',(-1.,8.40936008839994E-15,3.40195816068147E-15));
#4395=DIRECTION('',(-1.12979878946355E-15,-0.231057455263219,0.972940107286818));
#4396=DIRECTION('',(-1.,8.40936008839994E-15,3.40195816068147E-15));
#4397=DIRECTION('center_axis',(-1.36685619542071E-15,0.231057455263243,
-0.972940107286813));
#4398=DIRECTION('ref_axis',(-8.96785150214036E-15,-0.972940107286813,-0.231057455263242));
#4399=DIRECTION('',(4.76679977894108E-15,0.972940107286813,0.231057455263242));
#4400=DIRECTION('',(-4.76679977894108E-15,-0.972940107286813,-0.231057455263242));
#4401=DIRECTION('',(1.,-4.90718576884319E-15,0.));
#4402=DIRECTION('center_axis',(1.36685619542076E-15,-0.231057455263238,
0.972940107286814));
#4403=DIRECTION('ref_axis',(8.96785150214035E-15,0.972940107286814,0.231057455263238));
#4404=DIRECTION('',(-4.76679977894109E-15,-0.972940107286814,-0.231057455263238));
#4405=DIRECTION('',(-1.,4.90718576884319E-15,0.));
#4406=DIRECTION('',(4.76679977894109E-15,0.972940107286814,0.231057455263238));
#4407=DIRECTION('center_axis',(-9.07854150240771E-15,-0.995628503593058,
-0.0934017282123239));
#4408=DIRECTION('ref_axis',(2.04030644448068E-15,-0.0934017282123239,0.995628503593058));
#4409=DIRECTION('',(4.55393358417645E-16,0.0934017282123239,-0.995628503593058));
#4410=DIRECTION('',(-1.,8.84828654285242E-15,2.87933871816176E-15));
#4411=DIRECTION('',(-4.55393358417645E-16,-0.0934017282123239,0.995628503593058));
#4412=DIRECTION('',(-1.,8.84828654285242E-15,2.87933871816176E-15));
#4413=DIRECTION('center_axis',(-2.04030644448046E-15,0.0934017282123483,
-0.995628503593055));
#4414=DIRECTION('ref_axis',(-9.07854150240776E-15,-0.995628503593055,-0.0934017282123484));
#4415=DIRECTION('',(4.87764721216032E-15,0.995628503593055,0.0934017282123483));
#4416=DIRECTION('',(-4.87764721216032E-15,-0.995628503593055,-0.0934017282123483));
#4417=DIRECTION('',(1.,-4.90718576884319E-15,0.));
#4418=DIRECTION('center_axis',(2.04030644448051E-15,-0.0934017282123433,
0.995628503593056));
#4419=DIRECTION('ref_axis',(9.07854150240775E-15,0.995628503593056,0.0934017282123433));
#4420=DIRECTION('',(-4.87764721216032E-15,-0.995628503593056,-0.0934017282123433));
#4421=DIRECTION('',(-1.,4.90718576884319E-15,0.));
#4422=DIRECTION('',(4.87764721216032E-15,0.995628503593056,0.0934017282123433));
#4423=DIRECTION('center_axis',(-9.09442811569752E-15,-0.998938123587495,
0.0460719572353323));
#4424=DIRECTION('ref_axis',(2.72260779259309E-15,0.0460719572353323,0.998938123587495));
#4425=DIRECTION('',(-2.27875786347591E-16,-0.0460719572353323,-0.998938123587495));
#4426=DIRECTION('',(-1.,9.21020682678517E-15,2.30071861637142E-15));
#4427=DIRECTION('',(2.27875786347591E-16,0.0460719572353323,0.998938123587495));
#4428=DIRECTION('',(-1.,9.21020682678517E-15,2.30071861637142E-15));
#4429=DIRECTION('center_axis',(-2.72260779259287E-15,-0.0460719572353078,
-0.998938123587496));
#4430=DIRECTION('ref_axis',(-9.09442811569759E-15,-0.998938123587496,0.0460719572353078));
#4431=DIRECTION('',(4.89355679063632E-15,0.998938123587496,-0.0460719572353078));
#4432=DIRECTION('',(-4.89355679063632E-15,-0.998938123587496,0.0460719572353078));
#4433=DIRECTION('',(1.,-4.90718576884319E-15,0.));
#4434=DIRECTION('center_axis',(2.72260779259292E-15,0.0460719572353128,
0.998938123587496));
#4435=DIRECTION('ref_axis',(9.09442811569757E-15,0.998938123587496,-0.0460719572353128));
#4436=DIRECTION('',(-4.89355679063632E-15,-0.998938123587496,0.0460719572353128));
#4437=DIRECTION('',(-1.,4.90718576884319E-15,0.));
#4438=DIRECTION('',(4.89355679063632E-15,0.998938123587496,-0.0460719572353128));
#4439=DIRECTION('center_axis',(-9.01520212715283E-15,-0.982804549281576,
0.184648904441478));
#4440=DIRECTION('ref_axis',(3.40048002012344E-15,0.184648904441478,0.982804549281576));
#4441=DIRECTION('',(-9.06709588136438E-16,-0.184648904441478,-0.982804549281576));
#4442=DIRECTION('',(-1.,9.48807657354967E-15,1.67736003742117E-15));
#4443=DIRECTION('',(9.06709588136438E-16,0.184648904441478,0.982804549281576));
#4444=DIRECTION('',(-1.,9.48807657354967E-15,1.67736003742117E-15));
#4445=DIRECTION('center_axis',(-3.40048002012322E-15,-0.184648904441454,
-0.982804549281581));
#4446=DIRECTION('ref_axis',(-9.01520212715291E-15,-0.982804549281581,0.184648904441454));
#4447=DIRECTION('',(4.81421885252094E-15,0.982804549281581,-0.184648904441454));
#4448=DIRECTION('',(-4.81421885252094E-15,-0.982804549281581,0.184648904441454));
#4449=DIRECTION('',(1.,-4.90718576884319E-15,0.));
#4450=DIRECTION('center_axis',(3.40048002012326E-15,0.184648904441459,0.98280454928158));
#4451=DIRECTION('ref_axis',(9.0152021271529E-15,0.98280454928158,-0.184648904441459));
#4452=DIRECTION('',(-4.81421885252093E-15,-0.98280454928158,0.184648904441459));
#4453=DIRECTION('',(-1.,4.90718576884319E-15,0.));
#4454=DIRECTION('',(4.81421885252093E-15,0.98280454928158,-0.184648904441459));
#4455=DIRECTION('center_axis',(-8.84240558052243E-15,-0.947541802347497,
0.319631870757685));
#4456=DIRECTION('ref_axis',(4.06072911523107E-15,0.319631870757685,0.947541802347497));
#4457=DIRECTION('',(-1.56789531915908E-15,-0.319631870757685,-0.947541802347497));
#4458=DIRECTION('',(-1.,9.67648736459729E-15,1.02139594699042E-15));
#4459=DIRECTION('',(1.56789531915908E-15,0.319631870757685,0.947541802347497));
#4460=DIRECTION('',(-1.,9.67648736459729E-15,1.02139594699042E-15));
#4461=DIRECTION('center_axis',(-4.06072911523085E-15,-0.319631870757662,
-0.947541802347505));
#4462=DIRECTION('ref_axis',(-8.84240558052253E-15,-0.947541802347505,0.319631870757662));
#4463=DIRECTION('',(4.64117762053401E-15,0.947541802347505,-0.319631870757662));
#4464=DIRECTION('',(-4.64117762053401E-15,-0.947541802347505,0.319631870757662));
#4465=DIRECTION('',(1.,-4.90718576884319E-15,0.));
#4466=DIRECTION('center_axis',(4.0607291152309E-15,0.319631870757667,0.947541802347503));
#4467=DIRECTION('ref_axis',(8.84240558052251E-15,0.947541802347503,-0.319631870757667));
#4468=DIRECTION('',(-4.641177620534E-15,-0.947541802347503,0.319631870757667));
#4469=DIRECTION('',(-1.,4.90718576884319E-15,0.));
#4470=DIRECTION('',(4.641177620534E-15,0.947541802347503,-0.319631870757667));
#4471=DIRECTION('center_axis',(-8.57940176403333E-15,-0.893836232043548,
0.448393566285459));
#4472=DIRECTION('ref_axis',(4.69050408030193E-15,0.448393566285459,0.893836232043548));
#4473=DIRECTION('',(-2.19856375124878E-15,-0.448393566285459,-0.893836232043548));
#4474=DIRECTION('',(-1.,9.7717719981944E-15,3.45593939951304E-16));
#4475=DIRECTION('',(2.19856375124878E-15,0.448393566285459,0.893836232043548));
#4476=DIRECTION('',(-1.,9.7717719981944E-15,3.45593939951304E-16));
#4477=DIRECTION('center_axis',(-4.69050408030172E-15,-0.448393566285437,
-0.893836232043559));
#4478=DIRECTION('ref_axis',(-8.57940176403344E-15,-0.893836232043559,0.448393566285437));
#4479=DIRECTION('',(4.37780114542469E-15,0.893836232043559,-0.448393566285437));
#4480=DIRECTION('',(-4.37780114542469E-15,-0.893836232043559,0.448393566285437));
#4481=DIRECTION('',(1.,-4.90718576884319E-15,0.));
#4482=DIRECTION('center_axis',(4.69050408030176E-15,0.448393566285441,0.893836232043557));
#4483=DIRECTION('ref_axis',(8.57940176403342E-15,0.893836232043557,-0.448393566285441));
#4484=DIRECTION('',(-4.37780114542467E-15,-0.893836232043557,0.448393566285441));
#4485=DIRECTION('',(-1.,4.90718576884319E-15,0.));
#4486=DIRECTION('',(4.37780114542467E-15,0.893836232043557,-0.448393566285441));
#4487=DIRECTION('center_axis',(-8.23130974781107E-15,-0.822733156206517,
0.568427791085608));
#4488=DIRECTION('ref_axis',(5.27754706199932E-15,0.568427791085608,0.822733156206517));
#4489=DIRECTION('',(-2.78643964074962E-15,-0.568427791085608,-0.822733156206517));
#4490=DIRECTION('',(-1.,9.77207586733268E-15,-3.36892266342554E-16));
#4491=DIRECTION('',(2.78643964074962E-15,0.568427791085608,0.822733156206517));
#4492=DIRECTION('',(-1.,9.77207586733268E-15,-3.36892266342554E-16));
#4493=DIRECTION('center_axis',(-5.27754706199912E-15,-0.568427791085588,
-0.822733156206531));
#4494=DIRECTION('ref_axis',(-8.2313097478112E-15,-0.822733156206531,0.568427791085588));
#4495=DIRECTION('',(4.02921575069467E-15,0.822733156206531,-0.568427791085588));
#4496=DIRECTION('',(-4.02921575069467E-15,-0.822733156206531,0.568427791085588));
#4497=DIRECTION('',(1.,-4.90718576884319E-15,0.));
#4498=DIRECTION('center_axis',(5.27754706199916E-15,0.568427791085592,0.822733156206528));
#4499=DIRECTION('ref_axis',(8.23130974781118E-15,0.822733156206528,-0.568427791085592));
#4500=DIRECTION('',(-4.02921575069465E-15,-0.822733156206528,0.568427791085592));
#4501=DIRECTION('',(-1.,4.90718576884319E-15,0.));
#4502=DIRECTION('',(4.02921575069465E-15,0.822733156206528,-0.568427791085592));
#4503=DIRECTION('center_axis',(-7.80490474700264E-15,-0.73561651532902,
0.677398215509304));
#4504=DIRECTION('ref_axis',(5.81043193643599E-15,0.677398215509304,0.73561651532902));
#4505=DIRECTION('',(-3.32008065217139E-15,-0.677398215509304,-0.73561651532902));
#4506=DIRECTION('',(-1.,9.67739305754501E-15,-1.01277885420219E-15));
#4507=DIRECTION('',(3.32008065217139E-15,0.677398215509304,0.73561651532902));
#4508=DIRECTION('',(-1.,9.67739305754501E-15,-1.01277885420219E-15));
#4509=DIRECTION('center_axis',(-5.8104319364358E-15,-0.677398215509286,
-0.735616515329037));
#4510=DIRECTION('ref_axis',(-7.80490474700278E-15,-0.735616515329036,0.677398215509286));
#4511=DIRECTION('',(3.60220625454236E-15,0.735616515329036,-0.677398215509286));
#4512=DIRECTION('',(-3.60220625454236E-15,-0.735616515329036,0.677398215509286));
#4513=DIRECTION('',(1.,-4.90718576884319E-15,0.));
#4514=DIRECTION('center_axis',(5.81043193643584E-15,0.67739821550929,0.735616515329033));
#4515=DIRECTION('ref_axis',(7.80490474700275E-15,0.735616515329033,-0.67739821550929));
#4516=DIRECTION('',(-3.60220625454235E-15,-0.735616515329033,0.67739821550929));
#4517=DIRECTION('',(-1.,4.90718576884319E-15,0.));
#4518=DIRECTION('',(3.60220625454235E-15,0.735616515329033,-0.67739821550929));
#4519=DIRECTION('center_axis',(-7.30848624992025E-15,-0.634181935732028,
0.773183854197162));
#4520=DIRECTION('ref_axis',(6.2787867056786E-15,0.773183854197162,0.634181935732027));
#4521=DIRECTION('',(-3.78910007023441E-15,-0.773183854197162,-0.634181935732027));
#4522=DIRECTION('',(-1.,9.48956646202381E-15,-1.66891046000453E-15));
#4523=DIRECTION('',(3.78910007023441E-15,0.773183854197162,0.634181935732027));
#4524=DIRECTION('',(-1.,9.48956646202381E-15,-1.66891046000453E-15));
#4525=DIRECTION('center_axis',(-6.27878670567842E-15,-0.773183854197147,
-0.634181935732046));
#4526=DIRECTION('ref_axis',(-7.3084862499204E-15,-0.634181935732046,0.773183854197147));
#4527=DIRECTION('',(3.10508391109427E-15,0.634181935732046,-0.773183854197147));
#4528=DIRECTION('',(-3.10508391109427E-15,-0.634181935732046,0.773183854197147));
#4529=DIRECTION('',(1.,-4.90718576884319E-15,0.));
#4530=DIRECTION('center_axis',(6.27878670567846E-15,0.77318385419715,0.634181935732043));
#4531=DIRECTION('ref_axis',(7.30848624992037E-15,0.634181935732043,-0.77318385419715));
#4532=DIRECTION('',(-3.10508391109425E-15,-0.634181935732043,0.77318385419715));
#4533=DIRECTION('',(-1.,4.90718576884319E-15,0.));
#4534=DIRECTION('',(3.10508391109425E-15,0.634181935732043,-0.77318385419715));
#4535=DIRECTION('center_axis',(-6.75171647794195E-15,-0.520403726127271,
0.853920348646671));
#4536=DIRECTION('ref_axis',(6.67349537688949E-15,0.853920348646671,0.520403726127271));
#4537=DIRECTION('',(-4.18436896546776E-15,-0.853920348646671,-0.520403726127271));
#4538=DIRECTION('',(-1.,9.2122519118013E-15,-2.29251622838125E-15));
#4539=DIRECTION('',(4.18436896546776E-15,0.853920348646671,0.520403726127271));
#4540=DIRECTION('',(-1.,9.2122519118013E-15,-2.29251622838125E-15));
#4541=DIRECTION('center_axis',(-6.67349537688932E-15,-0.853920348646658,
-0.520403726127292));
#4542=DIRECTION('ref_axis',(-6.75171647794211E-15,-0.520403726127292,0.853920348646658));
#4543=DIRECTION('',(2.54752464129734E-15,0.520403726127292,-0.853920348646658));
#4544=DIRECTION('',(-2.54752464129734E-15,-0.520403726127292,0.853920348646658));
#4545=DIRECTION('',(1.,-4.90718576884319E-15,0.));
#4546=DIRECTION('center_axis',(6.67349537688936E-15,0.853920348646661,0.520403726127288));
#4547=DIRECTION('ref_axis',(6.75171647794208E-15,0.520403726127288,-0.853920348646661));
#4548=DIRECTION('',(-2.54752464129731E-15,-0.520403726127288,0.853920348646661));
#4549=DIRECTION('',(-1.,4.90718576884319E-15,0.));
#4550=DIRECTION('',(2.54752464129731E-15,0.520403726127288,-0.853920348646661));
#4551=DIRECTION('center_axis',(-6.14543232136306E-15,-0.396496449943913,
0.918036254829772));
#4552=DIRECTION('ref_axis',(6.986875394758E-15,0.918036254829772,0.396496449943913));
#4553=DIRECTION('',(-4.49819387843744E-15,-0.918036254829772,-0.396496449943913));
#4554=DIRECTION('',(-1.,8.85084701915695E-15,-2.87145838239196E-15));
#4555=DIRECTION('',(4.49819387843744E-15,0.918036254829772,0.396496449943913));
#4556=DIRECTION('',(-1.,8.85084701915695E-15,-2.87145838239196E-15));
#4557=DIRECTION('center_axis',(-6.98687539475785E-15,-0.918036254829763,
-0.396496449943935));
#4558=DIRECTION('ref_axis',(-6.14543232136323E-15,-0.396496449943935,0.918036254829762));
#4559=DIRECTION('',(1.94038070212387E-15,0.396496449943935,-0.918036254829762));
#4560=DIRECTION('',(-1.94038070212387E-15,-0.396496449943935,0.918036254829762));
#4561=DIRECTION('',(1.,-4.90718576884319E-15,0.));
#4562=DIRECTION('center_axis',(6.98687539475788E-15,0.918036254829764,0.396496449943931));
#4563=DIRECTION('ref_axis',(6.1454323213632E-15,0.396496449943931,-0.918036254829764));
#4564=DIRECTION('',(-1.94038070212385E-15,-0.396496449943931,0.918036254829764));
#4565=DIRECTION('',(-1.,4.90718576884319E-15,0.));
#4566=DIRECTION('',(1.94038070212385E-15,0.396496449943931,-0.918036254829764));
#4567=DIRECTION('center_axis',(-5.5014344116534E-15,-0.264871821370423,
0.964283629563374));
#4568=DIRECTION('ref_axis',(7.21282717370081E-15,0.964283629563374,0.264871821370423));
#4569=DIRECTION('',(-4.72446656418303E-15,-0.964283629563374,-0.264871821370423));
#4570=DIRECTION('',(-1.,8.41238611923411E-15,-3.39446847154578E-15));
#4571=DIRECTION('',(4.72446656418303E-15,0.964283629563374,0.264871821370423));
#4572=DIRECTION('',(-1.,8.41238611923411E-15,-3.39446847154578E-15));
#4573=DIRECTION('center_axis',(-7.21282717370067E-15,-0.964283629563368,
-0.264871821370447));
#4574=DIRECTION('ref_axis',(-5.50143441165358E-15,-0.264871821370447,0.964283629563368));
#4575=DIRECTION('',(1.29546945973391E-15,0.264871821370447,-0.964283629563368));
#4576=DIRECTION('',(-1.29546945973391E-15,-0.264871821370447,0.964283629563368));
#4577=DIRECTION('',(1.,-4.90718576884319E-15,0.));
#4578=DIRECTION('center_axis',(7.2128271737007E-15,0.964283629563369,0.264871821370442));
#4579=DIRECTION('ref_axis',(5.50143441165354E-15,0.264871821370442,-0.964283629563369));
#4580=DIRECTION('',(-1.29546945973388E-15,-0.264871821370442,0.964283629563369));
#4581=DIRECTION('',(-1.,4.90718576884319E-15,0.));
#4582=DIRECTION('',(1.29546945973388E-15,0.264871821370442,-0.964283629563369));
#4583=DIRECTION('center_axis',(-4.83225743558869E-15,-0.128091764081189,
0.991762320303897));
#4584=DIRECTION('ref_axis',(7.34695281935713E-15,0.991762320303897,0.128091764081189));
#4585=DIRECTION('',(-4.85878288225786E-15,-0.991762320303897,-0.128091764081189));
#4586=DIRECTION('',(-1.,7.90540335470789E-15,-3.85136669937248E-15));
#4587=DIRECTION('',(4.85878288225786E-15,0.991762320303897,0.128091764081189));
#4588=DIRECTION('',(-1.,7.90540335470789E-15,-3.85136669937248E-15));
#4589=DIRECTION('center_axis',(-7.34695281935702E-15,-0.991762320303894,
-0.128091764081214));
#4590=DIRECTION('ref_axis',(-4.83225743558887E-15,-0.128091764081214,0.991762320303894));
#4591=DIRECTION('',(6.25343377884886E-16,0.128091764081214,-0.991762320303894));
#4592=DIRECTION('',(-6.25343377884886E-16,-0.128091764081214,0.991762320303894));
#4593=DIRECTION('',(1.,-4.90718576884319E-15,0.));
#4594=DIRECTION('center_axis',(7.34695281935704E-15,0.991762320303894,0.128091764081209));
#4595=DIRECTION('ref_axis',(4.83225743558884E-15,0.128091764081209,-0.991762320303894));
#4596=DIRECTION('',(-6.25343377884862E-16,-0.128091764081209,0.991762320303894));
#4597=DIRECTION('',(-1.,4.90718576884319E-15,0.));
#4598=DIRECTION('',(6.25343377884862E-16,0.128091764081209,-0.991762320303894));
#4599=DIRECTION('center_axis',(-4.15092616183051E-15,0.0111814536936632,
0.999937485592623));
#4600=DIRECTION('ref_axis',(7.38664172859993E-15,0.999937485592623,-0.0111814536936632));
#4601=DIRECTION('',(-4.89852851831316E-15,-0.999937485592623,0.0111814536936632));
#4602=DIRECTION('',(-1.,7.33976656840544E-15,-4.23326006158145E-15));
#4603=DIRECTION('',(4.89852851831316E-15,0.999937485592623,-0.0111814536936632));
#4604=DIRECTION('',(-1.,7.33976656840544E-15,-4.23326006158145E-15));
#4605=DIRECTION('center_axis',(-7.38664172859983E-15,-0.999937485592623,
0.0111814536936386));
#4606=DIRECTION('ref_axis',(-4.15092616183069E-15,0.0111814536936386,0.999937485592623));
#4607=DIRECTION('',(-5.69543014971135E-17,-0.0111814536936386,-0.999937485592623));
#4608=DIRECTION('',(5.69543014971135E-17,0.0111814536936386,0.999937485592623));
#4609=DIRECTION('',(1.,-4.90718576884319E-15,0.));
#4610=DIRECTION('center_axis',(7.38664172859985E-15,0.999937485592623,-0.0111814536936437));
#4611=DIRECTION('ref_axis',(4.15092616183065E-15,-0.0111814536936437,-0.999937485592623));
#4612=DIRECTION('',(5.69543014971384E-17,0.0111814536936437,0.999937485592623));
#4613=DIRECTION('',(-1.,4.90718576884319E-15,0.));
#4614=DIRECTION('',(-5.69543014971384E-17,-0.0111814536936437,-0.999937485592623));
#4615=DIRECTION('center_axis',(-3.47070192861971E-15,0.150237037191083,
0.98865000513632));
#4616=DIRECTION('ref_axis',(7.33112140195626E-15,0.98865000513632,-0.150237037191083));
#4617=DIRECTION('',(-4.84292986875309E-15,-0.98865000513632,0.150237037191083));
#4618=DIRECTION('',(-1.,6.72648523696984E-15,-4.53271543827456E-15));
#4619=DIRECTION('',(4.84292986875309E-15,0.98865000513632,-0.150237037191083));
#4620=DIRECTION('',(-1.,6.72648523696984E-15,-4.53271543827456E-15));
#4621=DIRECTION('center_axis',(-7.33112140195618E-15,-0.988650005136324,
0.150237037191059));
#4622=DIRECTION('ref_axis',(-3.47070192861989E-15,0.150237037191059,0.988650005136324));
#4623=DIRECTION('',(-7.38143430185028E-16,-0.150237037191059,-0.988650005136324));
#4624=DIRECTION('',(7.38143430185028E-16,0.150237037191059,0.988650005136324));
#4625=DIRECTION('',(1.,-4.90718576884319E-15,0.));
#4626=DIRECTION('center_axis',(7.3311214019562E-15,0.988650005136323,-0.150237037191064));
#4627=DIRECTION('ref_axis',(3.47070192861986E-15,-0.150237037191064,-0.988650005136323));
#4628=DIRECTION('',(7.38143430185052E-16,0.150237037191064,0.988650005136323));
#4629=DIRECTION('',(-1.,4.90718576884319E-15,0.));
#4630=DIRECTION('',(-7.38143430185052E-16,-0.150237037191064,-0.988650005136323));
#4631=DIRECTION('center_axis',(-2.80482452691216E-15,0.286368427651675,
0.958119576902751));
#4632=DIRECTION('ref_axis',(7.1814724794308E-15,0.958119576902751,-0.286368427651675));
#4633=DIRECTION('',(-4.69306909804882E-15,-0.958119576902751,0.286368427651675));
#4634=DIRECTION('',(-1.,6.0774961839203E-15,-4.74390427116992E-15));
#4635=DIRECTION('',(4.69306909804882E-15,0.958119576902751,-0.286368427651675));
#4636=DIRECTION('',(-1.,6.0774961839203E-15,-4.74390427116992E-15));
#4637=DIRECTION('center_axis',(-7.18147247943073E-15,-0.958119576902758,
0.286368427651652));
#4638=DIRECTION('ref_axis',(-2.80482452691233E-15,0.286368427651652,0.958119576902758));
#4639=DIRECTION('',(-1.4049654366301E-15,-0.286368427651652,-0.958119576902758));
#4640=DIRECTION('',(1.4049654366301E-15,0.286368427651652,0.958119576902758));
#4641=DIRECTION('',(1.,-4.90718576884319E-15,0.));
#4642=DIRECTION('center_axis',(7.18147247943075E-15,0.958119576902757,-0.286368427651657));
#4643=DIRECTION('ref_axis',(2.8048245269123E-15,-0.286368427651657,-0.958119576902757));
#4644=DIRECTION('',(1.40496543663012E-15,0.286368427651657,0.958119576902757));
#4645=DIRECTION('',(-1.,4.90718576884319E-15,0.));
#4646=DIRECTION('',(-1.40496543663012E-15,-0.286368427651657,-0.958119576902757));
#4647=DIRECTION('center_axis',(-2.16625450290777E-15,0.416925982407287,
0.908940440949636));
#4648=DIRECTION('ref_axis',(6.94060770707739E-15,0.908940440949636,-0.416925982407286));
#4649=DIRECTION('',(-4.45186307563801E-15,-0.908940440949636,0.416925982407287));
#4650=DIRECTION('',(-1.,5.40543124296034E-15,-4.86271600985894E-15));
#4651=DIRECTION('',(4.45186307563801E-15,0.908940440949636,-0.416925982407287));
#4652=DIRECTION('',(-1.,5.40543124296034E-15,-4.86271600985894E-15));
#4653=DIRECTION('center_axis',(-6.94060770707733E-15,-0.908940440949646,
0.416925982407264));
#4654=DIRECTION('ref_axis',(-2.16625450290793E-15,0.416925982407264,0.908940440949646));
#4655=DIRECTION('',(-2.04444138897566E-15,-0.416925982407264,-0.908940440949646));
#4656=DIRECTION('',(2.04444138897566E-15,0.416925982407264,0.908940440949646));
#4657=DIRECTION('',(1.,-4.90718576884319E-15,0.));
#4658=DIRECTION('center_axis',(6.94060770707735E-15,0.908940440949644,-0.416925982407269));
#4659=DIRECTION('ref_axis',(2.1662545029079E-15,-0.416925982407269,-0.908940440949644));
#4660=DIRECTION('',(2.04444138897568E-15,0.416925982407269,0.908940440949644));
#4661=DIRECTION('',(-1.,4.90718576884319E-15,0.));
#4662=DIRECTION('',(-2.04444138897568E-15,-0.416925982407269,-0.908940440949644));
#4663=DIRECTION('center_axis',(-1.56742089576114E-15,0.539368547161616,
0.842069813217864));
#4664=DIRECTION('ref_axis',(6.61321524371026E-15,0.842069813217864,-0.539368547161616));
#4665=DIRECTION('',(-4.1240066023791E-15,-0.842069813217864,0.539368547161616));
#4666=DIRECTION('',(-1.,4.72337139370318E-15,-4.88683811899441E-15));
#4667=DIRECTION('',(4.1240066023791E-15,0.842069813217864,-0.539368547161616));
#4668=DIRECTION('',(-1.,4.72337139370318E-15,-4.88683811899441E-15));
#4669=DIRECTION('center_axis',(-6.61321524371022E-15,-0.842069813217877,
0.539368547161595));
#4670=DIRECTION('ref_axis',(-1.5674208957613E-15,0.539368547161595,0.842069813217877));
#4671=DIRECTION('',(-2.64412461520243E-15,-0.539368547161595,-0.842069813217877));
#4672=DIRECTION('',(2.64412461520243E-15,0.539368547161595,0.842069813217877));
#4673=DIRECTION('',(1.,-4.90718576884319E-15,0.));
#4674=DIRECTION('center_axis',(6.61321524371023E-15,0.842069813217874,-0.539368547161599));
#4675=DIRECTION('ref_axis',(1.56742089576127E-15,-0.539368547161599,-0.842069813217874));
#4676=DIRECTION('',(2.64412461520245E-15,0.539368547161599,0.842069813217874));
#4677=DIRECTION('',(-1.,4.90718576884319E-15,0.));
#4678=DIRECTION('',(-2.64412461520245E-15,-0.539368547161599,-0.842069813217874));
#4679=DIRECTION('center_axis',(-1.01997932047226E-15,0.651312916668073,
0.758809254412021));
#4680=DIRECTION('ref_axis',(6.20566741122545E-15,0.758809254412021,-0.651312916668073));
#4681=DIRECTION('',(-3.71588103159286E-15,-0.758809254412021,0.651312916668073));
#4682=DIRECTION('',(-1.,4.04459215528305E-15,-4.8158010891605E-15));
#4683=DIRECTION('',(3.71588103159286E-15,0.758809254412021,-0.651312916668073));
#4684=DIRECTION('',(-1.,4.04459215528305E-15,-4.8158010891605E-15));
#4685=DIRECTION('center_axis',(-6.20566741122542E-15,-0.758809254412037,
0.651312916668055));
#4686=DIRECTION('ref_axis',(-1.01997932047241E-15,0.651312916668054,0.758809254412037));
#4687=DIRECTION('',(-3.19234296344145E-15,-0.651312916668055,-0.758809254412037));
#4688=DIRECTION('',(3.19234296344145E-15,0.651312916668055,0.758809254412037));
#4689=DIRECTION('',(1.,-4.90718576884319E-15,0.));
#4690=DIRECTION('center_axis',(6.20566741122543E-15,0.758809254412034,-0.651312916668058));
#4691=DIRECTION('ref_axis',(1.01997932047238E-15,-0.651312916668058,-0.758809254412034));
#4692=DIRECTION('',(3.19234296344147E-15,0.651312916668058,0.758809254412034));
#4693=DIRECTION('',(-1.,4.90718576884319E-15,0.));
#4694=DIRECTION('',(-3.19234296344147E-15,-0.651312916668058,-0.758809254412034));
#4695=DIRECTION('center_axis',(-5.34585104598566E-16,0.750580221109048,
0.660779336601783));
#4696=DIRECTION('ref_axis',(5.72589666460349E-15,0.660779336601783,-0.750580221109048));
#4697=DIRECTION('',(-3.23543006327869E-15,-0.660779336601783,0.750580221109048));
#4698=DIRECTION('',(-1.,3.38230519347586E-15,-4.65098757533948E-15));
#4699=DIRECTION('',(3.23543006327869E-15,0.660779336601783,-0.750580221109048));
#4700=DIRECTION('',(-1.,3.38230519347586E-15,-4.65098757533948E-15));
#4701=DIRECTION('center_axis',(-5.72589666460347E-15,-0.660779336601801,
0.750580221109032));
#4702=DIRECTION('ref_axis',(-5.34585104598706E-16,0.750580221109032,0.660779336601801));
#4703=DIRECTION('',(-3.67842598713338E-15,-0.750580221109032,-0.660779336601801));
#4704=DIRECTION('',(3.67842598713338E-15,0.750580221109032,0.660779336601801));
#4705=DIRECTION('',(1.,-4.90718576884319E-15,0.));
#4706=DIRECTION('center_axis',(5.72589666460348E-15,0.660779336601798,-0.750580221109035));
#4707=DIRECTION('ref_axis',(5.34585104598678E-16,-0.750580221109035,-0.660779336601797));
#4708=DIRECTION('',(3.6784259871334E-15,0.750580221109035,0.660779336601797));
#4709=DIRECTION('',(-1.,4.90718576884319E-15,0.));
#4710=DIRECTION('',(-3.6784259871334E-15,-0.750580221109035,-0.660779336601797));
#4711=DIRECTION('center_axis',(-1.20685894424296E-16,0.835238335318483,
0.549888100629946));
#4712=DIRECTION('ref_axis',(5.18324119569624E-15,0.549888100629946,-0.835238335318483));
#4713=DIRECTION('',(-2.69200512902996E-15,-0.549888100629946,0.835238335318483));
#4714=DIRECTION('',(-1.,2.74940117065292E-15,-4.39560548510531E-15));
#4715=DIRECTION('',(2.69200512902996E-15,0.549888100629946,-0.835238335318483));
#4716=DIRECTION('',(-1.,2.74940117065292E-15,-4.39560548510531E-15));
#4717=DIRECTION('center_axis',(-5.18324119569623E-15,-0.549888100629966,
0.83523833531847));
#4718=DIRECTION('ref_axis',(-1.20685894424423E-16,0.83523833531847,0.549888100629966));
#4719=DIRECTION('',(-4.09291263313331E-15,-0.83523833531847,-0.549888100629966));
#4720=DIRECTION('',(4.09291263313331E-15,0.83523833531847,0.549888100629966));
#4721=DIRECTION('',(1.,-4.90718576884319E-15,0.));
#4722=DIRECTION('center_axis',(5.18324119569623E-15,0.549888100629962,-0.835238335318472));
#4723=DIRECTION('ref_axis',(1.20685894424397E-16,-0.835238335318472,-0.549888100629962));
#4724=DIRECTION('',(4.09291263313332E-15,0.835238335318472,0.549888100629962));
#4725=DIRECTION('',(-1.,4.90718576884319E-15,0.));
#4726=DIRECTION('',(-4.09291263313332E-15,-0.835238335318472,-0.549888100629962));
#4727=DIRECTION('center_axis',(2.13662232727877E-16,0.903639485400468,0.428293918267791));
#4728=DIRECTION('ref_axis',(4.58826317594452E-15,0.428293918267791,-0.903639485400468));
#4729=DIRECTION('',(-2.0961833770551E-15,-0.428293918267791,0.903639485400468));
#4730=DIRECTION('',(-1.,2.15819884370083E-15,-4.05462554035156E-15));
#4731=DIRECTION('',(2.0961833770551E-15,0.428293918267791,-0.903639485400468));
#4732=DIRECTION('',(-1.,2.15819884370083E-15,-4.05462554035156E-15));
#4733=DIRECTION('center_axis',(-4.58826317594453E-15,-0.428293918267813,
0.903639485400458));
#4734=DIRECTION('ref_axis',(2.13662232727765E-16,0.903639485400458,0.428293918267813));
#4735=DIRECTION('',(-4.42773539034841E-15,-0.903639485400458,-0.428293918267813));
#4736=DIRECTION('',(4.42773539034841E-15,0.903639485400458,0.428293918267813));
#4737=DIRECTION('',(1.,-4.90718576884319E-15,0.));
#4738=DIRECTION('center_axis',(4.58826317594453E-15,0.428293918267808,-0.90363948540046));
#4739=DIRECTION('ref_axis',(-2.13662232727788E-16,-0.90363948540046,-0.428293918267808));
#4740=DIRECTION('',(4.42773539034842E-15,0.90363948540046,0.428293918267808));
#4741=DIRECTION('',(-1.,4.90718576884319E-15,0.));
#4742=DIRECTION('',(-4.42773539034842E-15,-0.90363948540046,-0.428293918267808));
#4743=DIRECTION('center_axis',(4.61951570878297E-16,0.954452320773813,0.298363481963664));
#4744=DIRECTION('ref_axis',(3.95254317572535E-15,0.298363481963664,-0.954452320773813));
#4745=DIRECTION('',(-1.45956180001911E-15,-0.298363481963664,0.954452320773813));
#4746=DIRECTION('',(-1.,1.62020529343103E-15,-3.63468452784393E-15));
#4747=DIRECTION('',(1.45956180001911E-15,0.298363481963664,-0.954452320773813));
#4748=DIRECTION('',(-1.,1.62020529343103E-15,-3.63468452784393E-15));
#4749=DIRECTION('center_axis',(-3.95254317572537E-15,-0.298363481963687,
0.954452320773806));
#4750=DIRECTION('ref_axis',(4.61951570878201E-16,0.954452320773806,0.298363481963687));
#4751=DIRECTION('',(-4.67637731466474E-15,-0.954452320773806,-0.298363481963687));
#4752=DIRECTION('',(4.67637731466474E-15,0.954452320773806,0.298363481963687));
#4753=DIRECTION('',(1.,-4.90718576884319E-15,0.));
#4754=DIRECTION('center_axis',(3.95254317572536E-15,0.298363481963683,-0.954452320773808));
#4755=DIRECTION('ref_axis',(-4.6195157087822E-16,-0.954452320773808,-0.298363481963683));
#4756=DIRECTION('',(4.67637731466474E-15,0.954452320773808,0.298363481963683));
#4757=DIRECTION('',(-1.,4.90718576884319E-15,0.));
#4758=DIRECTION('',(-4.67637731466474E-15,-0.954452320773808,-0.298363481963683));
#4759=DIRECTION('center_axis',(6.19349450484803E-16,0.98668782739672,0.162625739866545));
#4760=DIRECTION('ref_axis',(3.28845476172221E-15,0.162625739866545,-0.98668782739672));
#4761=DIRECTION('',(-7.94531512772698E-16,-0.162625739866545,0.98668782739672));
#4762=DIRECTION('',(-1.,1.14589195234094E-15,-3.14395612171506E-15));
#4763=DIRECTION('',(7.94531512772698E-16,0.162625739866545,-0.98668782739672));
#4764=DIRECTION('',(-1.,1.14589195234094E-15,-3.14395612171506E-15));
#4765=DIRECTION('center_axis',(-3.28845476172222E-15,-0.162625739866569,
0.986687827396716));
#4766=DIRECTION('ref_axis',(6.19349450484722E-16,0.986687827396716,0.162625739866569));
#4767=DIRECTION('',(-4.83399887385147E-15,-0.986687827396716,-0.162625739866569));
#4768=DIRECTION('',(4.83399887385147E-15,0.986687827396716,0.162625739866569));
#4769=DIRECTION('',(1.,-4.90718576884319E-15,0.));
#4770=DIRECTION('center_axis',(3.28845476172222E-15,0.162625739866564,-0.986687827396716));
#4771=DIRECTION('ref_axis',(-6.19349450484738E-16,-0.986687827396717,-0.162625739866564));
#4772=DIRECTION('',(4.83399887385147E-15,0.986687827396717,0.162625739866564));
#4773=DIRECTION('',(-1.,4.90718576884319E-15,0.));
#4774=DIRECTION('',(-4.83399887385147E-15,-0.986687827396717,-0.162625739866564));
#4775=DIRECTION('center_axis',(6.82792300858283E-16,0.999718577800118,0.0237226727269612));
#4776=DIRECTION('ref_axis',(2.60892365952429E-15,0.0237226727269612,-0.999718577800117));
#4777=DIRECTION('',(-1.14036573396362E-16,-0.0237226727269612,0.999718577800117));
#4778=DIRECTION('',(-1.,7.44490790091432E-16,-2.59199179219495E-15));
#4779=DIRECTION('',(1.14036573396362E-16,0.0237226727269612,-0.999718577800117));
#4780=DIRECTION('',(-1.,7.44490790091432E-16,-2.59199179219495E-15));
#4781=DIRECTION('center_axis',(-2.6089236595243E-15,-0.0237226727269858,
0.999718577800117));
#4782=DIRECTION('ref_axis',(6.82792300858219E-16,0.999718577800117,0.0237226727269858));
#4783=DIRECTION('',(-4.8975321435509E-15,-0.999718577800117,-0.0237226727269858));
#4784=DIRECTION('',(4.8975321435509E-15,0.999718577800117,0.0237226727269858));
#4785=DIRECTION('',(1.,-4.90718576884319E-15,0.));
#4786=DIRECTION('center_axis',(2.6089236595243E-15,0.0237226727269807,-0.999718577800117));
#4787=DIRECTION('ref_axis',(-6.82792300858232E-16,-0.999718577800117,-0.0237226727269807));
#4788=DIRECTION('',(4.8975321435509E-15,0.999718577800117,0.0237226727269807));
#4789=DIRECTION('',(-1.,4.90718576884319E-15,0.));
#4790=DIRECTION('',(-4.8975321435509E-15,-0.999718577800117,-0.0237226727269807));
#4791=DIRECTION('center_axis',(6.51045279081395E-16,0.993290943249664,-0.115642129253112));
#4792=DIRECTION('ref_axis',(1.9271761690807E-15,-0.115642129253112,-0.993290943249664));
#4793=DIRECTION('',(5.68677958166454E-16,0.115642129253112,0.993290943249664));
#4794=DIRECTION('',(-1.,4.23814623718649E-16,-1.9895348971076E-15));
#4795=DIRECTION('',(-5.68677958166454E-16,-0.115642129253112,-0.993290943249664));
#4796=DIRECTION('',(-1.,4.23814623718649E-16,-1.9895348971076E-15));
#4797=DIRECTION('center_axis',(-1.92717616908071E-15,0.115642129253088,
0.993290943249666));
#4798=DIRECTION('ref_axis',(6.51045279081348E-16,0.993290943249666,-0.115642129253088));
#4799=DIRECTION('',(-4.86574052093637E-15,-0.993290943249666,0.115642129253088));
#4800=DIRECTION('',(4.86574052093637E-15,0.993290943249666,-0.115642129253088));
#4801=DIRECTION('',(1.,-4.90718576884319E-15,0.));
#4802=DIRECTION('center_axis',(1.92717616908071E-15,-0.115642129253093,
-0.993290943249666));
#4803=DIRECTION('ref_axis',(-6.51045279081358E-16,-0.993290943249666,0.115642129253093));
#4804=DIRECTION('',(4.86574052093636E-15,0.993290943249666,-0.115642129253093));
#4805=DIRECTION('',(-1.,4.90718576884319E-15,0.));
#4806=DIRECTION('',(-4.86574052093636E-15,-0.993290943249666,0.115642129253093));
#4807=DIRECTION('center_axis',(5.24726304821322E-16,0.967530030340557,-0.252756088728247));
#4808=DIRECTION('ref_axis',(1.25648172981665E-15,-0.252756088728247,-0.967530030340557));
#4809=DIRECTION('',(1.24032382013515E-15,0.252756088728247,0.967530030340557));
#4810=DIRECTION('',(-1.,1.90105050037303E-16,-1.34831157463132E-15));
#4811=DIRECTION('',(-1.24032382013515E-15,-0.252756088728247,-0.967530030340557));
#4812=DIRECTION('',(-1.,1.90105050037303E-16,-1.34831157463132E-15));
#4813=DIRECTION('center_axis',(-1.25648172981666E-15,0.252756088728223,
0.967530030340563));
#4814=DIRECTION('ref_axis',(5.24726304821291E-16,0.967530030340563,-0.252756088728223));
#4815=DIRECTION('',(-4.73924279377961E-15,-0.967530030340563,0.252756088728223));
#4816=DIRECTION('',(4.73924279377961E-15,0.967530030340563,-0.252756088728223));
#4817=DIRECTION('',(1.,-4.90718576884319E-15,0.));
#4818=DIRECTION('center_axis',(1.25648172981666E-15,-0.252756088728228,
-0.967530030340562));
#4819=DIRECTION('ref_axis',(-5.24726304821298E-16,-0.967530030340562,0.252756088728228));
#4820=DIRECTION('',(4.7392427937796E-15,0.967530030340562,-0.252756088728228));
#4821=DIRECTION('',(-1.,4.90718576884319E-15,0.));
#4822=DIRECTION('',(-4.7392427937796E-15,-0.967530030340562,0.252756088728228));
#4823=DIRECTION('center_axis',(3.06294033226334E-16,0.922937245939969,-0.384950438442075));
#4824=DIRECTION('ref_axis',(6.09894646088798E-16,-0.384950438442075,-0.922937245939968));
#4825=DIRECTION('',(1.88782818979235E-15,0.384950438442075,0.922937245939968));
#4826=DIRECTION('',(-1.,4.79109600584001E-17,-6.80802507357396E-16));
#4827=DIRECTION('',(-1.88782818979235E-15,-0.384950438442075,-0.922937245939968));
#4828=DIRECTION('',(-1.,4.79109600584001E-17,-6.80802507357396E-16));
#4829=DIRECTION('center_axis',(-6.09894646088805E-16,0.384950438442053,
0.922937245939978));
#4830=DIRECTION('ref_axis',(3.06294033226319E-16,0.922937245939978,-0.384950438442053));
#4831=DIRECTION('',(-4.52050109645071E-15,-0.922937245939978,0.384950438442053));
#4832=DIRECTION('',(4.52050109645071E-15,0.922937245939978,-0.384950438442053));
#4833=DIRECTION('',(1.,-4.90718576884319E-15,0.));
#4834=DIRECTION('center_axis',(6.09894646088804E-16,-0.384950438442058,
-0.922937245939976));
#4835=DIRECTION('ref_axis',(-3.06294033226322E-16,-0.922937245939976,0.384950438442058));
#4836=DIRECTION('',(4.5205010964507E-15,0.922937245939976,-0.384950438442058));
#4837=DIRECTION('',(-1.,4.90718576884319E-15,0.));
#4838=DIRECTION('',(-4.5205010964507E-15,-0.922937245939976,0.384950438442058));
#4839=DIRECTION('center_axis',(-1.,4.89885912159066E-15,2.17807123822121E-18));
#4840=DIRECTION('ref_axis',(-4.89885912159066E-15,-1.,0.));
#4841=DIRECTION('center_axis',(-1.,4.89885912159066E-15,2.17807123822121E-18));
#4842=DIRECTION('ref_axis',(-4.89885912159066E-15,-1.,0.));
#4843=DIRECTION('center_axis',(-1.,4.89885912159066E-15,2.17807123822121E-18));
#4844=DIRECTION('ref_axis',(-4.89885912159066E-15,-1.,0.));
#4845=DIRECTION('center_axis',(-1.,4.89885912159066E-15,2.17807123822121E-18));
#4846=DIRECTION('ref_axis',(-4.89885912159066E-15,-1.,0.));
#4847=DIRECTION('center_axis',(-1.,4.89885912159066E-15,2.17807123822121E-18));
#4848=DIRECTION('ref_axis',(-4.89885912159066E-15,-1.,0.));
#4849=DIRECTION('center_axis',(-1.,4.89885912159066E-15,2.17807123822121E-18));
#4850=DIRECTION('ref_axis',(-4.89885912159066E-15,-1.,0.));
#4851=DIRECTION('center_axis',(-1.,4.89885912159066E-15,2.17807123822121E-18));
#4852=DIRECTION('ref_axis',(-4.89885912159066E-15,-1.,0.));
#4853=DIRECTION('center_axis',(-1.,4.89885912159066E-15,2.17807123822121E-18));
#4854=DIRECTION('ref_axis',(-4.89885912159066E-15,-1.,0.));
#4855=DIRECTION('center_axis',(-1.,4.89885912159066E-15,2.17807123822121E-18));
#4856=DIRECTION('ref_axis',(-4.89885912159066E-15,-1.,0.));
#4857=DIRECTION('center_axis',(-1.,4.89885912159066E-15,2.17807123822121E-18));
#4858=DIRECTION('ref_axis',(-4.89885912159066E-15,-1.,0.));
#4859=DIRECTION('center_axis',(-1.,4.89885912159066E-15,2.17807123822121E-18));
#4860=DIRECTION('ref_axis',(-4.89885912159066E-15,-1.,0.));
#4861=DIRECTION('center_axis',(-1.,4.89885912159066E-15,2.17807123822121E-18));
#4862=DIRECTION('ref_axis',(-4.89885912159066E-15,-1.,0.));
#4863=DIRECTION('center_axis',(-1.,4.89885912159066E-15,2.17807123822121E-18));
#4864=DIRECTION('ref_axis',(-4.89885912159066E-15,-1.,0.));
#4865=DIRECTION('center_axis',(-1.,4.89885912159066E-15,2.17807123822121E-18));
#4866=DIRECTION('ref_axis',(-4.89885912159066E-15,-1.,0.));
#4867=DIRECTION('center_axis',(-1.,4.89885912159066E-15,2.17807123822121E-18));
#4868=DIRECTION('ref_axis',(-4.89885912159066E-15,-1.,0.));
#4869=DIRECTION('center_axis',(-1.,4.89885912159066E-15,2.17807123822121E-18));
#4870=DIRECTION('ref_axis',(-4.89885912159066E-15,-1.,0.));
#4871=DIRECTION('center_axis',(-1.,4.89885912159066E-15,2.17807123822121E-18));
#4872=DIRECTION('ref_axis',(-4.89885912159066E-15,-1.,0.));
#4873=DIRECTION('center_axis',(-1.,4.89885912159066E-15,2.17807123822121E-18));
#4874=DIRECTION('ref_axis',(-4.89885912159066E-15,-1.,0.));
#4875=DIRECTION('center_axis',(-1.,4.89885912159066E-15,2.17807123822121E-18));
#4876=DIRECTION('ref_axis',(-4.89885912159066E-15,-1.,0.));
#4877=DIRECTION('center_axis',(-1.,4.89885912159066E-15,2.17807123822121E-18));
#4878=DIRECTION('ref_axis',(-4.89885912159066E-15,-1.,0.));
#4879=DIRECTION('center_axis',(-1.,4.89885912159066E-15,2.17807123822121E-18));
#4880=DIRECTION('ref_axis',(-4.89885912159066E-15,-1.,0.));
#4881=DIRECTION('center_axis',(-1.,4.89885912159066E-15,2.17807123822121E-18));
#4882=DIRECTION('ref_axis',(-4.89885912159066E-15,-1.,0.));
#4883=DIRECTION('center_axis',(-1.,4.89885912159066E-15,2.17807123822121E-18));
#4884=DIRECTION('ref_axis',(-4.89885912159066E-15,-1.,0.));
#4885=DIRECTION('center_axis',(-1.,4.89885912159066E-15,2.17807123822121E-18));
#4886=DIRECTION('ref_axis',(-4.89885912159066E-15,-1.,0.));
#4887=DIRECTION('center_axis',(-1.,4.89885912159066E-15,2.17807123822121E-18));
#4888=DIRECTION('ref_axis',(-4.89885912159066E-15,-1.,0.));
#4889=DIRECTION('center_axis',(-1.,4.89885912159066E-15,2.17807123822121E-18));
#4890=DIRECTION('ref_axis',(-4.89885912159066E-15,-1.,0.));
#4891=DIRECTION('center_axis',(-1.,4.89885912159066E-15,2.17807123822121E-18));
#4892=DIRECTION('ref_axis',(-4.89885912159066E-15,-1.,0.));
#4893=DIRECTION('center_axis',(-1.,4.89885912159066E-15,2.17807123822121E-18));
#4894=DIRECTION('ref_axis',(-4.89885912159066E-15,-1.,0.));
#4895=DIRECTION('center_axis',(-1.,4.89885912159066E-15,2.17807123822121E-18));
#4896=DIRECTION('ref_axis',(-4.89885912159066E-15,-1.,0.));
#4897=DIRECTION('center_axis',(-1.,4.89885912159066E-15,2.17807123822121E-18));
#4898=DIRECTION('ref_axis',(-4.89885912159066E-15,-1.,0.));
#4899=DIRECTION('center_axis',(-1.,4.89885912159066E-15,2.17807123822121E-18));
#4900=DIRECTION('ref_axis',(-4.89885912159066E-15,-1.,0.));
#4901=DIRECTION('center_axis',(-1.,4.89885912159066E-15,2.17807123822121E-18));
#4902=DIRECTION('ref_axis',(-4.89885912159066E-15,-1.,0.));
#4903=DIRECTION('center_axis',(-1.,4.89885912159066E-15,2.17807123822121E-18));
#4904=DIRECTION('ref_axis',(-4.89885912159066E-15,-1.,0.));
#4905=DIRECTION('center_axis',(-1.,4.89885912159066E-15,2.17807123822121E-18));
#4906=DIRECTION('ref_axis',(-4.89885912159066E-15,-1.,0.));
#4907=DIRECTION('center_axis',(-1.,4.89885912159066E-15,2.17807123822121E-18));
#4908=DIRECTION('ref_axis',(-4.89885912159066E-15,-1.,0.));
#4909=DIRECTION('center_axis',(-1.,4.89885912159066E-15,2.17807123822121E-18));
#4910=DIRECTION('ref_axis',(-4.89885912159066E-15,-1.,0.));
#4911=DIRECTION('center_axis',(-1.,4.89885912159066E-15,2.17807123822121E-18));
#4912=DIRECTION('ref_axis',(-4.89885912159066E-15,-1.,0.));
#4913=DIRECTION('center_axis',(-1.,4.89885912159066E-15,2.17807123822121E-18));
#4914=DIRECTION('ref_axis',(-4.89885912159066E-15,-1.,0.));
#4915=DIRECTION('center_axis',(-1.,4.89885912159066E-15,2.17807123822121E-18));
#4916=DIRECTION('ref_axis',(-4.89885912159066E-15,-1.,0.));
#4917=DIRECTION('center_axis',(-1.,4.89885912159066E-15,2.17807123822121E-18));
#4918=DIRECTION('ref_axis',(-4.89885912159066E-15,-1.,0.));
#4919=DIRECTION('center_axis',(-1.,4.89885912159066E-15,2.17807123822121E-18));
#4920=DIRECTION('ref_axis',(-4.89885912159066E-15,-1.,0.));
#4921=DIRECTION('center_axis',(-1.,4.89885912159066E-15,2.17807123822121E-18));
#4922=DIRECTION('ref_axis',(-4.89885912159066E-15,-1.,0.));
#4923=DIRECTION('center_axis',(-1.,4.89885912159066E-15,2.17807123822121E-18));
#4924=DIRECTION('ref_axis',(-4.89885912159066E-15,-1.,0.));
#4925=DIRECTION('center_axis',(-1.,4.89885912159066E-15,2.17807123822121E-18));
#4926=DIRECTION('ref_axis',(-4.89885912159066E-15,-1.,0.));
#4927=DIRECTION('center_axis',(-1.,4.89885912159066E-15,2.17807123822121E-18));
#4928=DIRECTION('ref_axis',(-4.89885912159066E-15,-1.,0.));
#4929=DIRECTION('',(4.21377298727317E-15,0.860380537872726,-0.509652165746246));
#4930=DIRECTION('',(2.49858813110798E-15,0.509652165746263,0.860380537872716));
#4931=DIRECTION('',(-4.21377298727318E-15,-0.860380537872728,0.509652165746242));
#4932=DIRECTION('center_axis',(-1.,4.89885912159066E-15,2.17807123822121E-18));
#4933=DIRECTION('ref_axis',(-4.89885912159066E-15,-1.,0.));
#4934=DIRECTION('center_axis',(1.,-4.89885912159066E-15,-2.17807123822121E-18));
#4935=DIRECTION('ref_axis',(-4.89192020225459E-15,-1.,1.71819524861903E-48));
#4936=DIRECTION('center_axis',(1.,-4.90718576884319E-15,0.));
#4937=DIRECTION('ref_axis',(-4.90718576884319E-15,-1.,0.));
#4938=DIRECTION('center_axis',(1.,-4.89885912159066E-15,-2.17807123822121E-18));
#4939=DIRECTION('ref_axis',(-4.89885912159066E-15,-1.,0.));
#4940=DIRECTION('',(-1.,4.90718576884319E-15,0.));
#4941=DIRECTION('center_axis',(1.,-4.90718576884319E-15,0.));
#4942=DIRECTION('ref_axis',(-4.90718576884319E-15,-1.,0.));
#4943=DIRECTION('center_axis',(1.,-4.89885912159066E-15,-2.17807123822121E-18));
#4944=DIRECTION('ref_axis',(-4.89885912159066E-15,-1.,0.));
#4945=DIRECTION('center_axis',(1.,-4.90718576884319E-15,0.));
#4946=DIRECTION('ref_axis',(-4.90718576884319E-15,-1.,0.));
#4947=DIRECTION('center_axis',(1.,-4.89885912159066E-15,-2.17807123822121E-18));
#4948=DIRECTION('ref_axis',(-4.89885912159066E-15,-1.,0.));
#4949=DIRECTION('center_axis',(1.,-4.90718576884319E-15,0.));
#4950=DIRECTION('ref_axis',(-4.90718576884319E-15,-1.,0.));
#4951=DIRECTION('center_axis',(1.,-4.89885912159066E-15,-2.17807123822121E-18));
#4952=DIRECTION('ref_axis',(-4.89885912159066E-15,-1.,0.));
#4953=DIRECTION('center_axis',(1.,-4.90718576884319E-15,0.));
#4954=DIRECTION('ref_axis',(-4.90718576884319E-15,-1.,0.));
#4955=DIRECTION('center_axis',(1.,-4.89885912159066E-15,-2.17807123822121E-18));
#4956=DIRECTION('ref_axis',(-4.89885912159066E-15,-1.,0.));
#4957=DIRECTION('center_axis',(1.,-4.90718576884319E-15,0.));
#4958=DIRECTION('ref_axis',(-4.90718576884319E-15,-1.,0.));
#4959=DIRECTION('center_axis',(1.,-4.89885912159066E-15,-2.17807123822121E-18));
#4960=DIRECTION('ref_axis',(-4.89885912159066E-15,-1.,0.));
#4961=DIRECTION('center_axis',(1.,-4.90718576884319E-15,0.));
#4962=DIRECTION('ref_axis',(-4.90718576884319E-15,-1.,0.));
#4963=DIRECTION('center_axis',(1.,-4.89885912159066E-15,-2.17807123822121E-18));
#4964=DIRECTION('ref_axis',(-4.89885912159066E-15,-1.,0.));
#4965=DIRECTION('center_axis',(1.,-4.90718576884319E-15,0.));
#4966=DIRECTION('ref_axis',(-4.90718576884319E-15,-1.,0.));
#4967=DIRECTION('center_axis',(1.,-4.89885912159066E-15,-2.17807123822121E-18));
#4968=DIRECTION('ref_axis',(-4.89885912159066E-15,-1.,0.));
#4969=DIRECTION('center_axis',(1.,-4.90718576884319E-15,0.));
#4970=DIRECTION('ref_axis',(-4.90718576884319E-15,-1.,0.));
#4971=DIRECTION('center_axis',(1.,-4.89885912159066E-15,-2.17807123822121E-18));
#4972=DIRECTION('ref_axis',(-4.89885912159066E-15,-1.,0.));
#4973=DIRECTION('center_axis',(1.,-4.90718576884319E-15,0.));
#4974=DIRECTION('ref_axis',(-4.90718576884319E-15,-1.,0.));
#4975=DIRECTION('center_axis',(1.,-4.89885912159066E-15,-2.17807123822121E-18));
#4976=DIRECTION('ref_axis',(-4.89885912159066E-15,-1.,0.));
#4977=DIRECTION('center_axis',(1.,-4.90718576884319E-15,0.));
#4978=DIRECTION('ref_axis',(-4.90718576884319E-15,-1.,0.));
#4979=DIRECTION('center_axis',(1.,-4.89885912159066E-15,-2.17807123822121E-18));
#4980=DIRECTION('ref_axis',(-4.89885912159066E-15,-1.,0.));
#4981=DIRECTION('center_axis',(1.,-4.90718576884319E-15,0.));
#4982=DIRECTION('ref_axis',(-4.90718576884319E-15,-1.,0.));
#4983=DIRECTION('center_axis',(1.,-4.89885912159066E-15,-2.17807123822121E-18));
#4984=DIRECTION('ref_axis',(-4.89885912159066E-15,-1.,0.));
#4985=DIRECTION('center_axis',(1.,-4.90718576884319E-15,0.));
#4986=DIRECTION('ref_axis',(-4.90718576884319E-15,-1.,0.));
#4987=DIRECTION('center_axis',(1.,-4.89885912159066E-15,-2.17807123822121E-18));
#4988=DIRECTION('ref_axis',(-4.89885912159066E-15,-1.,0.));
#4989=DIRECTION('center_axis',(1.,-4.90718576884319E-15,0.));
#4990=DIRECTION('ref_axis',(-4.90718576884319E-15,-1.,0.));
#4991=DIRECTION('center_axis',(1.,-4.89885912159066E-15,-2.17807123822121E-18));
#4992=DIRECTION('ref_axis',(-4.89885912159066E-15,-1.,0.));
#4993=DIRECTION('center_axis',(1.,-4.90718576884319E-15,0.));
#4994=DIRECTION('ref_axis',(-4.90718576884319E-15,-1.,0.));
#4995=DIRECTION('center_axis',(1.,-4.89885912159066E-15,-2.17807123822121E-18));
#4996=DIRECTION('ref_axis',(-4.89885912159066E-15,-1.,0.));
#4997=DIRECTION('center_axis',(1.,-4.90718576884319E-15,0.));
#4998=DIRECTION('ref_axis',(-4.90718576884319E-15,-1.,0.));
#4999=DIRECTION('center_axis',(1.,-4.89885912159066E-15,-2.17807123822121E-18));
#5000=DIRECTION('ref_axis',(-4.89885912159066E-15,-1.,0.));
#5001=DIRECTION('center_axis',(1.,-4.90718576884319E-15,0.));
#5002=DIRECTION('ref_axis',(-4.90718576884319E-15,-1.,0.));
#5003=DIRECTION('center_axis',(1.,-4.89885912159066E-15,-2.17807123822121E-18));
#5004=DIRECTION('ref_axis',(-4.89885912159066E-15,-1.,0.));
#5005=DIRECTION('center_axis',(1.,-4.90718576884319E-15,0.));
#5006=DIRECTION('ref_axis',(-4.90718576884319E-15,-1.,0.));
#5007=DIRECTION('center_axis',(1.,-4.89885912159066E-15,-2.17807123822121E-18));
#5008=DIRECTION('ref_axis',(-4.89885912159066E-15,-1.,0.));
#5009=DIRECTION('center_axis',(1.,-4.90718576884319E-15,0.));
#5010=DIRECTION('ref_axis',(-4.90718576884319E-15,-1.,0.));
#5011=DIRECTION('center_axis',(1.,-4.89885912159066E-15,-2.17807123822121E-18));
#5012=DIRECTION('ref_axis',(-4.89885912159066E-15,-1.,0.));
#5013=DIRECTION('center_axis',(1.,-4.90718576884319E-15,0.));
#5014=DIRECTION('ref_axis',(-4.90718576884319E-15,-1.,0.));
#5015=DIRECTION('center_axis',(1.,-4.89885912159066E-15,-2.17807123822121E-18));
#5016=DIRECTION('ref_axis',(-4.89885912159066E-15,-1.,0.));
#5017=DIRECTION('center_axis',(1.,-4.90718576884319E-15,0.));
#5018=DIRECTION('ref_axis',(-4.90718576884319E-15,-1.,0.));
#5019=DIRECTION('center_axis',(1.,-4.89885912159066E-15,-2.17807123822121E-18));
#5020=DIRECTION('ref_axis',(-4.89885912159066E-15,-1.,0.));
#5021=DIRECTION('center_axis',(1.,-4.90718576884319E-15,0.));
#5022=DIRECTION('ref_axis',(-4.90718576884319E-15,-1.,0.));
#5023=DIRECTION('center_axis',(1.,-4.89885912159066E-15,-2.17807123822121E-18));
#5024=DIRECTION('ref_axis',(-4.89885912159066E-15,-1.,0.));
#5025=DIRECTION('center_axis',(1.,-4.90718576884319E-15,0.));
#5026=DIRECTION('ref_axis',(-4.90718576884319E-15,-1.,0.));
#5027=DIRECTION('center_axis',(1.,-4.89885912159066E-15,-2.17807123822121E-18));
#5028=DIRECTION('ref_axis',(-4.89885912159066E-15,-1.,0.));
#5029=DIRECTION('center_axis',(1.,-4.90718576884319E-15,0.));
#5030=DIRECTION('ref_axis',(-4.90718576884319E-15,-1.,0.));
#5031=DIRECTION('center_axis',(1.,-4.89885912159066E-15,-2.17807123822121E-18));
#5032=DIRECTION('ref_axis',(-4.89885912159066E-15,-1.,0.));
#5033=DIRECTION('center_axis',(1.,-4.90718576884319E-15,0.));
#5034=DIRECTION('ref_axis',(-4.90718576884319E-15,-1.,0.));
#5035=DIRECTION('center_axis',(1.,-4.89885912159066E-15,-2.17807123822121E-18));
#5036=DIRECTION('ref_axis',(-4.89885912159066E-15,-1.,0.));
#5037=DIRECTION('center_axis',(1.,-4.90718576884319E-15,0.));
#5038=DIRECTION('ref_axis',(-4.90718576884319E-15,-1.,0.));
#5039=DIRECTION('center_axis',(1.,-4.89885912159066E-15,-2.17807123822121E-18));
#5040=DIRECTION('ref_axis',(-4.89885912159066E-15,-1.,0.));
#5041=DIRECTION('center_axis',(1.,-4.90718576884319E-15,0.));
#5042=DIRECTION('ref_axis',(-4.90718576884319E-15,-1.,0.));
#5043=DIRECTION('center_axis',(1.,-4.89885912159066E-15,-2.17807123822121E-18));
#5044=DIRECTION('ref_axis',(-4.89885912159066E-15,-1.,0.));
#5045=DIRECTION('center_axis',(1.,-4.90718576884319E-15,0.));
#5046=DIRECTION('ref_axis',(-4.90718576884319E-15,-1.,0.));
#5047=DIRECTION('center_axis',(1.,-4.89885912159066E-15,-2.17807123822121E-18));
#5048=DIRECTION('ref_axis',(-4.89885912159066E-15,-1.,0.));
#5049=DIRECTION('center_axis',(1.,-4.90718576884319E-15,0.));
#5050=DIRECTION('ref_axis',(-4.90718576884319E-15,-1.,0.));
#5051=DIRECTION('center_axis',(1.,-4.89885912159066E-15,-2.17807123822121E-18));
#5052=DIRECTION('ref_axis',(-4.89885912159066E-15,-1.,0.));
#5053=DIRECTION('center_axis',(1.,-4.90718576884319E-15,0.));
#5054=DIRECTION('ref_axis',(-4.90718576884319E-15,-1.,0.));
#5055=DIRECTION('center_axis',(1.,-4.89885912159066E-15,-2.17807123822121E-18));
#5056=DIRECTION('ref_axis',(-4.89885912159066E-15,-1.,0.));
#5057=DIRECTION('center_axis',(1.,-4.90718576884319E-15,0.));
#5058=DIRECTION('ref_axis',(-4.90718576884319E-15,-1.,0.));
#5059=DIRECTION('center_axis',(1.,-4.89885912159066E-15,-2.17807123822121E-18));
#5060=DIRECTION('ref_axis',(-4.89885912159066E-15,-1.,0.));
#5061=DIRECTION('center_axis',(1.,-4.90718576884319E-15,0.));
#5062=DIRECTION('ref_axis',(-4.90718576884319E-15,-1.,0.));
#5063=DIRECTION('center_axis',(1.,-4.89885912159066E-15,-2.17807123822121E-18));
#5064=DIRECTION('ref_axis',(-4.89885912159066E-15,-1.,0.));
#5065=DIRECTION('center_axis',(1.,-4.90718576884319E-15,0.));
#5066=DIRECTION('ref_axis',(-4.90718576884319E-15,-1.,0.));
#5067=DIRECTION('center_axis',(1.,-4.89885912159066E-15,-2.17807123822121E-18));
#5068=DIRECTION('ref_axis',(-4.89885912159066E-15,-1.,0.));
#5069=DIRECTION('center_axis',(1.,-4.90718576884319E-15,0.));
#5070=DIRECTION('ref_axis',(-4.90718576884319E-15,-1.,0.));
#5071=DIRECTION('center_axis',(1.,-4.89885912159066E-15,-2.17807123822121E-18));
#5072=DIRECTION('ref_axis',(-4.89885912159066E-15,-1.,0.));
#5073=DIRECTION('center_axis',(1.,-4.90718576884319E-15,0.));
#5074=DIRECTION('ref_axis',(-4.90718576884319E-15,-1.,0.));
#5075=DIRECTION('center_axis',(1.,-4.89885912159066E-15,-2.17807123822121E-18));
#5076=DIRECTION('ref_axis',(-4.89885912159066E-15,-1.,0.));
#5077=DIRECTION('center_axis',(1.,-4.90718576884319E-15,0.));
#5078=DIRECTION('ref_axis',(-4.90718576884319E-15,-1.,0.));
#5079=DIRECTION('center_axis',(1.,-4.89885912159066E-15,-2.17807123822121E-18));
#5080=DIRECTION('ref_axis',(-4.89885912159066E-15,-1.,0.));
#5081=DIRECTION('center_axis',(1.,-4.90718576884319E-15,0.));
#5082=DIRECTION('ref_axis',(-4.90718576884319E-15,-1.,0.));
#5083=DIRECTION('center_axis',(1.,-4.89885912159066E-15,-2.17807123822121E-18));
#5084=DIRECTION('ref_axis',(-4.89885912159066E-15,-1.,0.));
#5085=DIRECTION('center_axis',(1.,-4.90718576884319E-15,0.));
#5086=DIRECTION('ref_axis',(-4.90718576884319E-15,-1.,0.));
#5087=DIRECTION('center_axis',(1.,-4.89885912159066E-15,-2.17807123822121E-18));
#5088=DIRECTION('ref_axis',(-4.89885912159066E-15,-1.,0.));
#5089=DIRECTION('center_axis',(1.,-4.90718576884319E-15,0.));
#5090=DIRECTION('ref_axis',(-4.90718576884319E-15,-1.,0.));
#5091=DIRECTION('center_axis',(1.,-4.89885912159066E-15,-2.17807123822121E-18));
#5092=DIRECTION('ref_axis',(-4.89885912159066E-15,-1.,0.));
#5093=DIRECTION('center_axis',(1.,-4.90718576884319E-15,0.));
#5094=DIRECTION('ref_axis',(-4.90718576884319E-15,-1.,0.));
#5095=DIRECTION('center_axis',(1.,-4.89885912159066E-15,-2.17807123822121E-18));
#5096=DIRECTION('ref_axis',(-4.89885912159066E-15,-1.,0.));
#5097=DIRECTION('center_axis',(1.,-4.90718576884319E-15,0.));
#5098=DIRECTION('ref_axis',(-4.90718576884319E-15,-1.,0.));
#5099=DIRECTION('center_axis',(1.,-4.89885912159066E-15,-2.17807123822121E-18));
#5100=DIRECTION('ref_axis',(-4.89885912159066E-15,-1.,0.));
#5101=DIRECTION('center_axis',(1.,-4.90718576884319E-15,0.));
#5102=DIRECTION('ref_axis',(-4.90718576884319E-15,-1.,0.));
#5103=DIRECTION('center_axis',(1.,-4.89885912159066E-15,-2.17807123822121E-18));
#5104=DIRECTION('ref_axis',(-4.89885912159066E-15,-1.,0.));
#5105=DIRECTION('center_axis',(1.,-4.90718576884319E-15,0.));
#5106=DIRECTION('ref_axis',(-4.90718576884319E-15,-1.,0.));
#5107=DIRECTION('center_axis',(1.,-4.89885912159066E-15,-2.17807123822121E-18));
#5108=DIRECTION('ref_axis',(-4.89885912159066E-15,-1.,0.));
#5109=DIRECTION('center_axis',(1.,-4.90718576884319E-15,0.));
#5110=DIRECTION('ref_axis',(-4.90718576884319E-15,-1.,0.));
#5111=DIRECTION('center_axis',(1.,-4.89885912159066E-15,-2.17807123822121E-18));
#5112=DIRECTION('ref_axis',(-4.89885912159066E-15,-1.,0.));
#5113=DIRECTION('center_axis',(0.,0.860380537872716,-0.509652165746263));
#5114=DIRECTION('ref_axis',(0.,-0.509652165746263,-0.860380537872716));
#5115=DIRECTION('',(-1.,0.,0.));
#5116=DIRECTION('',(-2.49858813110798E-15,-0.509652165746263,-0.860380537872716));
#5117=DIRECTION('',(-1.,0.,0.));
#5118=DIRECTION('center_axis',(0.,0.509652165746242,0.860380537872728));
#5119=DIRECTION('ref_axis',(0.,0.860380537872728,-0.509652165746242));
#5120=DIRECTION('',(4.21377298727318E-15,0.860380537872728,-0.509652165746242));
#5121=DIRECTION('',(1.,-4.90718576884319E-15,0.));
#5122=DIRECTION('center_axis',(0.,-0.509652165746246,-0.860380537872726));
#5123=DIRECTION('ref_axis',(0.,-0.860380537872726,0.509652165746246));
#5124=DIRECTION('',(-4.21377298727317E-15,-0.860380537872726,0.509652165746246));
#5125=DIRECTION('center_axis',(1.,-4.89192020225459E-15,0.));
#5126=DIRECTION('ref_axis',(-2.78333390817934E-15,-0.56896551724138,0.822361380531849));
#5127=DIRECTION('center_axis',(-1.,4.89885912159066E-15,2.17807123822121E-18));
#5128=DIRECTION('ref_axis',(-2.78333390817934E-15,-0.56896551724138,0.822361380531849));
#5129=DIRECTION('',(-1.,4.90348502542778E-15,0.));
#5130=DIRECTION('',(1.,-4.89192020225459E-15,0.));
#5131=DIRECTION('center_axis',(4.89192020225459E-15,1.,1.51134606302278E-35));
#5132=DIRECTION('ref_axis',(2.1780712382214E-18,-1.06700641528351E-32,1.));
#5133=DIRECTION('',(2.17807123822121E-18,-1.06700641528342E-32,1.));
#5134=DIRECTION('',(-1.,4.90348502542778E-15,0.));
#5135=DIRECTION('center_axis',(1.,-4.89192020225459E-15,0.));
#5136=DIRECTION('ref_axis',(-4.89192020225459E-15,-1.,1.71819524861903E-48));
#5137=DIRECTION('',(-1.,4.89192020225459E-15,0.));
#5138=DIRECTION('center_axis',(1.,-4.89192020225459E-15,0.));
#5139=DIRECTION('ref_axis',(2.78333390817934E-15,0.568965517241381,-0.822361380531849));
#5140=DIRECTION('center_axis',(-1.,4.89885912159066E-15,2.17807123822121E-18));
#5141=DIRECTION('ref_axis',(2.78333390817934E-15,0.568965517241381,-0.822361380531849));
#5142=DIRECTION('',(-1.,4.90348502542778E-15,0.));
#5143=DIRECTION('center_axis',(-4.89192020225459E-15,-1.,-1.51134606302278E-35));
#5144=DIRECTION('ref_axis',(-2.17807123822128E-18,1.06700641528346E-32,
-1.));
#5145=DIRECTION('',(-2.17807123822121E-18,1.06700641528342E-32,-1.));
#5146=DIRECTION('center_axis',(1.,-4.90718576884319E-15,0.));
#5147=DIRECTION('ref_axis',(-4.90718576884319E-15,-1.,0.));
#5148=DIRECTION('center_axis',(1.,-4.89885912159066E-15,-2.17807123822121E-18));
#5149=DIRECTION('ref_axis',(-4.89885912159066E-15,-1.,0.));
#5150=DIRECTION('center_axis',(-1.,4.89885912159066E-15,2.17807123822121E-18));
#5151=DIRECTION('ref_axis',(-4.89885912159066E-15,-1.,0.));
#5152=DIRECTION('center_axis',(-1.,4.89885912159066E-15,2.17807123822121E-18));
#5153=DIRECTION('ref_axis',(-4.89885912159066E-15,-1.,0.));
#5154=CARTESIAN_POINT('',(0.,0.,0.));
#5155=CARTESIAN_POINT('Origin',(64.1533059638353,-0.00623441399157043,-31.0000000000004));
#5156=CARTESIAN_POINT('',(64.1533059638353,4.99376558600842,-31.0000000000004));
#5157=CARTESIAN_POINT('Origin',(64.1533059638353,-0.00623441399157015,-31.0000000000004));
#5158=CARTESIAN_POINT('',(64.1533059638353,1.64376558600843,-28.6151519964581));
#5159=CARTESIAN_POINT('',(64.1533059638353,-1.65623441399157,-28.6151519964581));
#5160=CARTESIAN_POINT('Origin',(64.1533059638353,-0.00623441399157015,-31.0000000000004));
#5161=CARTESIAN_POINT('',(64.1533059638353,-1.65623441399157,-33.3848480035428));
#5162=CARTESIAN_POINT('',(64.1533059638353,-1.65623441399157,-28.6151519964581));
#5163=CARTESIAN_POINT('',(64.1533059638353,1.64376558600843,-33.3848480035428));
#5164=CARTESIAN_POINT('Origin',(64.1533059638353,-0.00623441399157015,-31.0000000000004));
#5165=CARTESIAN_POINT('',(64.1533059638353,1.64376558600843,-33.3848480035428));
#5166=CARTESIAN_POINT('Origin',(96.1533059638353,-29.3895889079884,-8.3562271055557));
#5167=CARTESIAN_POINT('',(71.1533059638351,-30.6414066140113,-9.92207153381174));
#5168=CARTESIAN_POINT('',(71.1533059638351,-29.3895889079884,-8.35622710555568));
#5169=CARTESIAN_POINT('',(71.1533059638351,-29.1830801949536,-8.0979143207659));
#5170=CARTESIAN_POINT('',(96.1533059638353,-30.6414066140113,-9.92207153381175));
#5171=CARTESIAN_POINT('',(96.1533059638353,-30.6414066140113,-9.92207153381175));
#5172=CARTESIAN_POINT('',(96.1533059638353,-29.3895889079884,-8.3562271055557));
#5173=CARTESIAN_POINT('',(96.1533059638351,-29.1830801949536,-8.09791432076596));
#5174=CARTESIAN_POINT('',(96.1533059638353,-29.3895889079884,-8.3562271055557));
#5175=CARTESIAN_POINT('Origin',(96.1533059638353,-29.7451141687229,-8.07200166891922));
#5176=CARTESIAN_POINT('',(71.1533059638351,-29.7051016514595,-8.10398976216081));
#5177=CARTESIAN_POINT('',(71.1533059638352,-15.0821830043917,-19.7943136192492));
#5178=CARTESIAN_POINT('',(96.1533059638353,-29.7051016514596,-8.10398976216077));
#5179=CARTESIAN_POINT('',(96.1533059638352,-15.0821830043918,-19.7943136192492));
#5180=CARTESIAN_POINT('',(71.1533059638351,-29.7051016514595,-8.10398976216081));
#5181=CARTESIAN_POINT('Origin',(96.1533059638353,-30.6414066140113,-9.92207153381175));
#5182=CARTESIAN_POINT('',(71.1533059638351,-30.8873530171732,-9.72544915124617));
#5183=CARTESIAN_POINT('',(71.1533059638352,-16.1562380800474,-21.5022707658236));
#5184=CARTESIAN_POINT('',(96.1533059638353,-30.8873530171733,-9.72544915124612));
#5185=CARTESIAN_POINT('',(71.1533059638351,-30.8873530171732,-9.72544915124617));
#5186=CARTESIAN_POINT('',(96.1533059638352,-16.1562380800475,-21.5022707658236));
#5187=CARTESIAN_POINT('Origin',(96.1533059638353,-25.9522280307554,-4.48722218525754));
#5188=CARTESIAN_POINT('',(71.1533059638351,-27.4097865576167,-5.86360857119247));
#5189=CARTESIAN_POINT('',(71.1533059638351,-25.9522280307554,-4.48722218525751));
#5190=CARTESIAN_POINT('',(71.1533059638351,-25.7117788550433,-4.2601637407008));
#5191=CARTESIAN_POINT('',(96.1533059638353,-27.4097865576167,-5.8636085711925));
#5192=CARTESIAN_POINT('',(96.1533059638353,-27.4097865576167,-5.8636085711925));
#5193=CARTESIAN_POINT('',(96.1533059638353,-25.9522280307554,-4.48722218525754));
#5194=CARTESIAN_POINT('',(96.1533059638351,-25.7117788550434,-4.26016374070088));
#5195=CARTESIAN_POINT('',(96.1533059638353,-25.9522280307554,-4.48722218525754));
#5196=CARTESIAN_POINT('Origin',(96.1533059638353,-26.2647368087034,-4.15628325802626));
#5197=CARTESIAN_POINT('',(71.1533059638351,-26.2295655726377,-4.19352871144809));
#5198=CARTESIAN_POINT('',(71.1533059638352,-13.3759347870593,-17.8052000735697));
#5199=CARTESIAN_POINT('',(96.1533059638353,-26.2295655726378,-4.19352871144805));
#5200=CARTESIAN_POINT('',(96.1533059638352,-13.3759347870593,-17.8052000735697));
#5201=CARTESIAN_POINT('',(71.1533059638351,-26.2295655726377,-4.19352871144809));
#5202=CARTESIAN_POINT('Origin',(96.1533059638353,-27.4097865576167,-5.8636085711925));
#5203=CARTESIAN_POINT('',(71.1533059638351,-27.6259748805899,-5.63467058053988));
#5204=CARTESIAN_POINT('',(71.1533059638352,-14.6772389249465,-19.3470559231204));
#5205=CARTESIAN_POINT('',(96.1533059638353,-27.62597488059,-5.63467058053984));
#5206=CARTESIAN_POINT('',(71.1533059638351,-27.6259748805899,-5.63467058053988));
#5207=CARTESIAN_POINT('',(96.1533059638352,-14.6772389249466,-19.3470559231204));
#5208=CARTESIAN_POINT('Origin',(96.1533059638353,-22.0098579009024,-1.13425832728557));
#5209=CARTESIAN_POINT('',(71.1533059638351,-23.6447875298249,-2.29439687551346));
#5210=CARTESIAN_POINT('',(71.1533059638352,-22.0098579009024,-1.13425832728552));
#5211=CARTESIAN_POINT('',(71.1533059638352,-21.7401483322113,-0.942873657310041));
#5212=CARTESIAN_POINT('',(96.1533059638353,-23.6447875298249,-2.29439687551351));
#5213=CARTESIAN_POINT('',(96.1533059638353,-23.6447875298249,-2.29439687551351));
#5214=CARTESIAN_POINT('',(96.1533059638353,-22.0098579009024,-1.13425832728557));
#5215=CARTESIAN_POINT('',(96.1533059638352,-21.7401483322114,-0.942873657310126));
#5216=CARTESIAN_POINT('',(96.1533059638353,-22.0098579009024,-1.13425832728557));
#5217=CARTESIAN_POINT('Origin',(96.1533059638353,-22.2732675681746,-0.763047259240571));
#5218=CARTESIAN_POINT('',(71.1533059638351,-22.2436221814099,-0.804825132457871));
#5219=CARTESIAN_POINT('',(71.1533059638352,-11.4094605597738,-16.0729082995957));
#5220=CARTESIAN_POINT('',(96.1533059638353,-22.24362218141,-0.804825132457831));
#5221=CARTESIAN_POINT('',(96.1533059638352,-11.4094605597738,-16.0729082995957));
#5222=CARTESIAN_POINT('',(71.1533059638351,-22.2436221814099,-0.804825132457871));
#5223=CARTESIAN_POINT('Origin',(96.1533059638353,-23.6447875298249,-2.29439687551351));
#5224=CARTESIAN_POINT('',(71.1533059638351,-23.8270099128134,-2.0375992943488));
#5225=CARTESIAN_POINT('',(71.1533059638352,-12.9126853550602,-17.4186523818462));
#5226=CARTESIAN_POINT('',(96.1533059638353,-23.8270099128135,-2.03759929434876));
#5227=CARTESIAN_POINT('',(71.1533059638351,-23.8270099128134,-2.0375992943488));
#5228=CARTESIAN_POINT('',(96.1533059638352,-12.9126853550603,-17.4186523818462));
#5229=CARTESIAN_POINT('Origin',(96.1533059638353,-17.6392122686275,1.63740284080464));
#5230=CARTESIAN_POINT('',(71.1533059638352,-19.4196909540891,0.71609290748701));
#5231=CARTESIAN_POINT('',(71.1533059638352,-17.6392122686275,1.63740284080471));
#5232=CARTESIAN_POINT('',(71.1533059638352,-17.3454918969219,1.78938865129473));
#5233=CARTESIAN_POINT('',(96.1533059638353,-19.4196909540891,0.716092907486945));
#5234=CARTESIAN_POINT('',(96.1533059638353,-19.4196909540891,0.716092907486945));
#5235=CARTESIAN_POINT('',(96.1533059638353,-17.6392122686275,1.63740284080464));
#5236=CARTESIAN_POINT('',(96.1533059638352,-17.345491896922,1.78938865129464));
#5237=CARTESIAN_POINT('',(96.1533059638353,-17.6392122686275,1.63740284080464));
#5238=CARTESIAN_POINT('Origin',(96.1533059638353,-17.8483958556744,2.04166084847019));
#5239=CARTESIAN_POINT('',(71.1533059638352,-17.824853331943,1.99616371423799));
#5240=CARTESIAN_POINT('',(71.1533059638352,-9.22103550653809,-14.6311553862549));
#5241=CARTESIAN_POINT('',(96.1533059638353,-17.8248533319431,1.99616371423802));
#5242=CARTESIAN_POINT('',(96.1533059638352,-9.22103550653816,-14.6311553862549));
#5243=CARTESIAN_POINT('',(71.1533059638352,-17.824853331943,1.99616371423799));
#5244=CARTESIAN_POINT('Origin',(96.1533059638353,-19.4196909540891,0.716092907486945));
#5245=CARTESIAN_POINT('',(71.1533059638352,-19.5644006456829,0.995751806349294));
#5246=CARTESIAN_POINT('',(71.1533059638352,-10.8969223984763,-15.7545943234055));
#5247=CARTESIAN_POINT('',(96.1533059638353,-19.5644006456829,0.99575180634933));
#5248=CARTESIAN_POINT('',(71.1533059638352,-19.5644006456829,0.995751806349294));
#5249=CARTESIAN_POINT('',(96.1533059638352,-10.8969223984764,-15.7545943234054));
#5250=CARTESIAN_POINT('Origin',(96.1533059638353,-12.925360779627,3.77381408709407));
#5251=CARTESIAN_POINT('',(71.1533059638352,-14.8167335292797,3.1092650185642));
#5252=CARTESIAN_POINT('',(71.1533059638352,-12.925360779627,3.77381408709415));
#5253=CARTESIAN_POINT('',(71.1533059638352,-12.6133465378403,3.88344280717881));
#5254=CARTESIAN_POINT('',(96.1533059638353,-14.8167335292798,3.10926501856412));
#5255=CARTESIAN_POINT('',(96.1533059638353,-14.8167335292798,3.10926501856412));
#5256=CARTESIAN_POINT('',(96.1533059638353,-12.925360779627,3.77381408709407));
#5257=CARTESIAN_POINT('',(96.1533059638352,-12.6133465378404,3.88344280717872));
#5258=CARTESIAN_POINT('',(96.1533059638353,-12.925360779627,3.77381408709407));
#5259=CARTESIAN_POINT('Origin',(96.1533059638353,-13.0762467658697,4.20325061209762));
#5260=CARTESIAN_POINT('',(71.1533059638352,-13.0592653336168,4.15491976681613));
#5261=CARTESIAN_POINT('',(71.1533059638352,-6.8532548317169,-13.5080034140359));
#5262=CARTESIAN_POINT('',(96.1533059638353,-13.0592653336169,4.15491976681615));
#5263=CARTESIAN_POINT('',(96.1533059638352,-6.85325483171696,-13.5080034140359));
#5264=CARTESIAN_POINT('',(71.1533059638352,-13.0592653336168,4.15491976681613));
#5265=CARTESIAN_POINT('Origin',(96.1533059638353,-14.8167335292798,3.10926501856412));
#5266=CARTESIAN_POINT('',(71.1533059638352,-14.9211139199368,3.40634199276504));
#5267=CARTESIAN_POINT('',(71.1533059638352,-8.66918458824837,-14.3872707450677));
#5268=CARTESIAN_POINT('',(96.1533059638353,-14.9211139199369,3.40634199276507));
#5269=CARTESIAN_POINT('',(71.1533059638352,-14.9211139199368,3.40634199276504));
#5270=CARTESIAN_POINT('',(96.1533059638352,-8.66918458824843,-14.3872707450677));
#5271=CARTESIAN_POINT('Origin',(96.1533059638354,-7.96005319120796,5.23339259680546));
#5272=CARTESIAN_POINT('',(71.1533059638352,-9.9255065858844,4.83853908476893));
#5273=CARTESIAN_POINT('',(71.1533059638352,-7.96005319120792,5.23339259680555));
#5274=CARTESIAN_POINT('',(71.1533059638352,-7.63581808164544,5.29853042814925));
#5275=CARTESIAN_POINT('',(96.1533059638354,-9.92550658588444,4.83853908476883));
#5276=CARTESIAN_POINT('',(96.1533059638354,-9.92550658588444,4.83853908476883));
#5277=CARTESIAN_POINT('',(96.1533059638354,-7.96005319120796,5.23339259680546));
#5278=CARTESIAN_POINT('',(96.1533059638352,-7.63581808164554,5.29853042814915));
#5279=CARTESIAN_POINT('',(96.1533059638354,-7.96005319120796,5.23339259680546));
#5280=CARTESIAN_POINT('Origin',(96.1533059638354,-8.0497047525544,5.67964914566463));
#5281=CARTESIAN_POINT('',(71.1533059638352,-8.03961493604271,5.62942529426171));
#5282=CARTESIAN_POINT('',(71.1533059638352,-4.35220469283497,-12.7253132585115));
#5283=CARTESIAN_POINT('',(96.1533059638354,-8.03961493604277,5.62942529426172));
#5284=CARTESIAN_POINT('',(96.1533059638352,-4.35220469283503,-12.7253132585115));
#5285=CARTESIAN_POINT('',(71.1533059638352,-8.03961493604271,5.62942529426171));
#5286=CARTESIAN_POINT('Origin',(96.1533059638354,-9.92550658588444,4.83853908476883));
#5287=CARTESIAN_POINT('',(71.1533059638352,-9.98752603003149,5.14725186892555));
#5288=CARTESIAN_POINT('',(71.1533059638352,-6.27283230683831,-13.3432950449778));
#5289=CARTESIAN_POINT('',(96.1533059638354,-9.98752603003156,5.14725186892556));
#5290=CARTESIAN_POINT('',(71.1533059638352,-9.98752603003149,5.14725186892555));
#5291=CARTESIAN_POINT('',(96.1533059638352,-6.27283230683838,-13.3432950449777));
#5292=CARTESIAN_POINT('Origin',(96.1533059638354,-2.83993356762516,5.98772933449323));
#5293=CARTESIAN_POINT('',(71.1533059638352,-4.84121229266805,5.87025675342261));
#5294=CARTESIAN_POINT('',(71.1533059638353,-2.83993356762511,5.98772933449333));
#5295=CARTESIAN_POINT('',(71.1533059638353,-2.50978845788254,6.00710844330214));
#5296=CARTESIAN_POINT('',(96.1533059638354,-4.84121229266811,5.87025675342251));
#5297=CARTESIAN_POINT('',(96.1533059638354,-4.84121229266811,5.87025675342251));
#5298=CARTESIAN_POINT('',(96.1533059638354,-2.83993356762516,5.98772933449323));
#5299=CARTESIAN_POINT('',(96.1533059638352,-2.50978845788266,6.00710844330203));
#5300=CARTESIAN_POINT('',(96.1533059638354,-2.83993356762516,5.98772933449323));
#5301=CARTESIAN_POINT('Origin',(96.1533059638354,-2.8666057384109,6.44212003109377));
#5302=CARTESIAN_POINT('',(71.1533059638353,-2.86360392444181,6.39098072370821));
#5303=CARTESIAN_POINT('',(71.1533059638353,-1.7665651859433,-12.2983190932621));
#5304=CARTESIAN_POINT('',(96.1533059638354,-2.86360392444188,6.39098072370822));
#5305=CARTESIAN_POINT('',(96.1533059638353,-1.76656518594336,-12.2983190932621));
#5306=CARTESIAN_POINT('',(71.1533059638353,-2.86360392444181,6.39098072370821));
#5307=CARTESIAN_POINT('Origin',(96.1533059638354,-4.84121229266811,5.87025675342251));
#5308=CARTESIAN_POINT('',(71.1533059638352,-4.85966365237093,6.18459660434699));
#5309=CARTESIAN_POINT('',(71.1533059638352,-3.75450782559347,-12.6429870226331));
#5310=CARTESIAN_POINT('',(96.1533059638354,-4.85966365237099,6.184596604347));
#5311=CARTESIAN_POINT('',(71.1533059638352,-4.85966365237093,6.18459660434699));
#5312=CARTESIAN_POINT('',(96.1533059638352,-3.75450782559353,-12.6429870226331));
#5313=CARTESIAN_POINT('Origin',(96.1533059638354,2.33534078669813,6.02214199360361));
#5314=CARTESIAN_POINT('',(71.1533059638353,0.337189345250936,6.18433681366636));
#5315=CARTESIAN_POINT('',(71.1533059638353,2.3353407866982,6.02214199360372));
#5316=CARTESIAN_POINT('',(71.1533059638353,2.66496999759421,5.99538518756807));
#5317=CARTESIAN_POINT('',(96.1533059638354,0.337189345250867,6.18433681366625));
#5318=CARTESIAN_POINT('',(96.1533059638354,0.337189345250867,6.18433681366625));
#5319=CARTESIAN_POINT('',(96.1533059638354,2.33534078669813,6.02214199360361));
#5320=CARTESIAN_POINT('',(96.1533059638353,2.66496999759408,5.99538518756796));
#5321=CARTESIAN_POINT('',(96.1533059638354,2.33534078669813,6.02214199360361));
#5322=CARTESIAN_POINT('Origin',(96.1533059638354,2.3721671499383,6.47582263989795));
#5323=CARTESIAN_POINT('',(71.1533059638353,2.36802253447039,6.42476324497791));
#5324=CARTESIAN_POINT('',(71.1533059638353,0.853337157077863,-12.2353318740156));
#5325=CARTESIAN_POINT('',(96.1533059638354,2.36802253447033,6.42476324497791));
#5326=CARTESIAN_POINT('',(96.1533059638353,0.853337157077803,-12.2353318740156));
#5327=CARTESIAN_POINT('',(71.1533059638353,2.36802253447039,6.42476324497791));
#5328=CARTESIAN_POINT('Origin',(96.1533059638354,0.337189345250867,6.18433681366625));
#5329=CARTESIAN_POINT('',(71.1533059638353,0.362665204720781,6.49818546371655));
#5330=CARTESIAN_POINT('',(71.1533059638353,-1.16322746598958,-12.2999773771002));
#5331=CARTESIAN_POINT('',(96.1533059638354,0.362665204720722,6.49818546371655));
#5332=CARTESIAN_POINT('',(71.1533059638353,0.362665204720781,6.49818546371655));
#5333=CARTESIAN_POINT('',(96.1533059638353,-1.16322746598964,-12.2999773771002));
#5334=CARTESIAN_POINT('Origin',(96.1533059638355,7.46503904324232,5.33596077087084));
#5335=CARTESIAN_POINT('',(71.1533059638353,5.50890663033501,5.77466605438832));
#5336=CARTESIAN_POINT('',(71.1533059638353,7.4650390432424,5.33596077087096));
#5337=CARTESIAN_POINT('',(71.1533059638353,7.78773649764943,5.26358884078492));
#5338=CARTESIAN_POINT('',(96.1533059638354,5.50890663033493,5.7746660543882));
#5339=CARTESIAN_POINT('',(96.1533059638354,5.50890663033493,5.7746660543882));
#5340=CARTESIAN_POINT('',(96.1533059638355,7.46503904324232,5.33596077087084));
#5341=CARTESIAN_POINT('',(96.1533059638353,7.78773649764929,5.26358884078482));
#5342=CARTESIAN_POINT('',(96.1533059638355,7.46503904324232,5.33596077087084));
#5343=CARTESIAN_POINT('Origin',(96.1533059638355,7.56464715723728,5.78010098913295));
#5344=CARTESIAN_POINT('',(71.1533059638353,7.55343678255803,5.73011531972134));
#5345=CARTESIAN_POINT('',(71.1533059638353,3.45650891721632,-12.5375775753478));
#5346=CARTESIAN_POINT('',(96.1533059638355,7.55343678255797,5.73011531972132));
#5347=CARTESIAN_POINT('',(96.1533059638353,3.45650891721626,-12.5375775753478));
#5348=CARTESIAN_POINT('',(71.1533059638353,7.55343678255803,5.73011531972134));
#5349=CARTESIAN_POINT('Origin',(96.1533059638354,5.50890663033493,5.7746660543882));
#5350=CARTESIAN_POINT('',(71.1533059638353,5.57781385035136,6.08191479658862));
#5351=CARTESIAN_POINT('',(71.1533059638353,1.45057244731135,-12.3209424009615));
#5352=CARTESIAN_POINT('',(96.1533059638354,5.5778138503513,6.08191479658861));
#5353=CARTESIAN_POINT('',(71.1533059638353,5.57781385035136,6.08191479658862));
#5354=CARTESIAN_POINT('',(96.1533059638353,1.45057244731129,-12.3209424009615));
#5355=CARTESIAN_POINT('Origin',(96.1533059638355,12.449317460389,3.94254140327582));
#5356=CARTESIAN_POINT('',(71.1533059638353,10.5732779683712,4.64921825092422));
#5357=CARTESIAN_POINT('',(71.1533059638353,12.4493174603891,3.94254140327594));
#5358=CARTESIAN_POINT('',(71.1533059638353,12.7588022194201,3.8259629864368));
#5359=CARTESIAN_POINT('',(96.1533059638355,10.5732779683711,4.6492182509241));
#5360=CARTESIAN_POINT('',(96.1533059638355,10.5732779683711,4.6492182509241));
#5361=CARTESIAN_POINT('',(96.1533059638355,12.449317460389,3.94254140327582));
#5362=CARTESIAN_POINT('',(96.1533059638353,12.7588022194199,3.8259629864367));
#5363=CARTESIAN_POINT('',(96.1533059638355,12.449317460389,3.94254140327582));
#5364=CARTESIAN_POINT('Origin',(96.1533059638355,12.6097685665024,4.36849650935924));
#5365=CARTESIAN_POINT('',(71.1533059638353,12.5917106298034,4.32055747965331));
#5366=CARTESIAN_POINT('',(71.1533059638353,5.99228231722498,-13.1991733284816));
#5367=CARTESIAN_POINT('',(96.1533059638355,12.5917106298033,4.32055747965328));
#5368=CARTESIAN_POINT('',(96.1533059638353,5.99228231722492,-13.1991733284816));
#5369=CARTESIAN_POINT('',(71.1533059638353,12.5917106298034,4.32055747965331));
#5370=CARTESIAN_POINT('Origin',(96.1533059638355,10.5732779683711,4.6492182509241));
#5371=CARTESIAN_POINT('',(71.1533059638353,10.6842753482773,4.94388683799798));
#5372=CARTESIAN_POINT('',(71.1533059638353,4.03601727215027,-12.705474033875));
#5373=CARTESIAN_POINT('',(96.1533059638355,10.6842753482772,4.94388683799797));
#5374=CARTESIAN_POINT('',(71.1533059638353,10.6842753482773,4.94388683799798));
#5375=CARTESIAN_POINT('',(96.1533059638353,4.03601727215021,-12.705474033875));
#5376=CARTESIAN_POINT('Origin',(96.1533059638355,17.1911627282812,1.8690052138178));
#5377=CARTESIAN_POINT('',(71.1533059638353,15.4317311319017,2.82989896459064));
#5378=CARTESIAN_POINT('',(71.1533059638353,17.1911627282813,1.86900521381792));
#5379=CARTESIAN_POINT('',(71.1533059638354,17.4814110231353,1.71048937650347));
#5380=CARTESIAN_POINT('',(96.1533059638355,15.4317311319016,2.82989896459051));
#5381=CARTESIAN_POINT('',(96.1533059638355,15.4317311319016,2.82989896459051));
#5382=CARTESIAN_POINT('',(96.1533059638355,17.1911627282812,1.8690052138178));
#5383=CARTESIAN_POINT('',(96.1533059638353,17.4814110231351,1.71048937650337));
#5384=CARTESIAN_POINT('',(96.1533059638355,17.1911627282812,1.8690052138178));
#5385=CARTESIAN_POINT('Origin',(96.1533059638355,17.4093338282429,2.26848447609936));
#5386=CARTESIAN_POINT('',(71.1533059638353,17.3847798067213,2.22352516478248));
#5387=CARTESIAN_POINT('',(71.1533059638353,8.41130141227214,-14.2072419246363));
#5388=CARTESIAN_POINT('',(96.1533059638355,17.3847798067212,2.22352516478245));
#5389=CARTESIAN_POINT('',(96.1533059638353,8.41130141227207,-14.2072419246363));
#5390=CARTESIAN_POINT('',(71.1533059638353,17.3847798067213,2.22352516478248));
#5391=CARTESIAN_POINT('Origin',(96.1533059638355,15.4317311319016,2.82989896459051));
#5392=CARTESIAN_POINT('',(71.1533059638353,15.5826582339552,3.10625200767102));
#5393=CARTESIAN_POINT('',(71.1533059638353,6.54278426591156,-13.4460878050043));
#5394=CARTESIAN_POINT('',(96.1533059638355,15.5826582339551,3.10625200767099));
#5395=CARTESIAN_POINT('',(71.1533059638353,15.5826582339552,3.10625200767102));
#5396=CARTESIAN_POINT('',(96.1533059638353,6.5427842659115,-13.4460878050044));
#5397=CARTESIAN_POINT('Origin',(96.1533059638355,21.5982802225483,-0.844288774187943));
#5398=CARTESIAN_POINT('',(71.1533059638354,19.9897018565069,0.352119175850987));
#5399=CARTESIAN_POINT('',(71.1533059638354,21.5982802225484,-0.844288774187822));
#5400=CARTESIAN_POINT('',(71.1533059638354,21.8636427003187,-1.04165670151336));
#5401=CARTESIAN_POINT('',(96.1533059638355,19.9897018565068,0.352119175850866));
#5402=CARTESIAN_POINT('',(96.1533059638355,19.9897018565068,0.352119175850866));
#5403=CARTESIAN_POINT('',(96.1533059638355,21.5982802225483,-0.844288774187943));
#5404=CARTESIAN_POINT('',(96.1533059638354,21.8636427003185,-1.04165670151345));
#5405=CARTESIAN_POINT('',(96.1533059638355,21.5982802225483,-0.844288774187943));
#5406=CARTESIAN_POINT('Origin',(96.1533059638355,21.8699248640636,-0.479060765147615));
#5407=CARTESIAN_POINT('',(71.1533059638354,21.8393526738186,-0.520165276221105));
#5408=CARTESIAN_POINT('',(71.1533059638353,10.6664827472662,-15.5421624552487));
#5409=CARTESIAN_POINT('',(96.1533059638355,21.8393526738185,-0.520165276221145));
#5410=CARTESIAN_POINT('',(96.1533059638353,10.6664827472661,-15.5421624552488));
#5411=CARTESIAN_POINT('',(71.1533059638354,21.8393526738186,-0.520165276221105));
#5412=CARTESIAN_POINT('Origin',(96.1533059638355,19.9897018565068,0.352119175850866));
#5413=CARTESIAN_POINT('',(71.1533059638354,20.1776210563434,0.604777777301351));
#5414=CARTESIAN_POINT('',(71.1533059638353,8.92208206046689,-14.5283685097301));
#5415=CARTESIAN_POINT('',(96.1533059638355,20.1776210563434,0.604777777301315));
#5416=CARTESIAN_POINT('',(71.1533059638354,20.1776210563434,0.604777777301351));
#5417=CARTESIAN_POINT('',(96.1533059638353,8.92208206046682,-14.5283685097301));
#5418=CARTESIAN_POINT('Origin',(96.1533059638355,25.5848904141863,-4.144529379591));
#5419=CARTESIAN_POINT('',(71.1533059638354,24.1584744266472,-2.73589395013961));
#5420=CARTESIAN_POINT('',(71.1533059638354,25.5848904141865,-4.14452937959088));
#5421=CARTESIAN_POINT('',(71.1533059638354,25.8202020960886,-4.3769078547248));
#5422=CARTESIAN_POINT('',(96.1533059638355,24.1584744266471,-2.73589395013973));
#5423=CARTESIAN_POINT('',(96.1533059638355,24.1584744266471,-2.73589395013973));
#5424=CARTESIAN_POINT('',(96.1533059638355,25.5848904141863,-4.144529379591));
#5425=CARTESIAN_POINT('',(96.1533059638354,25.8202020960884,-4.37690785472488));
#5426=CARTESIAN_POINT('',(96.1533059638355,25.5848904141863,-4.144529379591));
#5427=CARTESIAN_POINT('Origin',(96.1533059638355,25.9047213432993,-3.82066137154718));
#5428=CARTESIAN_POINT('',(71.1533059638354,25.8687260372386,-3.85711102982493));
#5429=CARTESIAN_POINT('',(71.1533059638353,12.7139317827522,-17.1779522106402));
#5430=CARTESIAN_POINT('',(96.1533059638355,25.8687260372385,-3.85711102982498));
#5431=CARTESIAN_POINT('',(96.1533059638353,12.7139317827521,-17.1779522106402));
#5432=CARTESIAN_POINT('',(71.1533059638354,25.8687260372386,-3.85711102982493));
#5433=CARTESIAN_POINT('Origin',(96.1533059638355,24.1584744266471,-2.73589395013973));
#5434=CARTESIAN_POINT('',(71.1533059638354,24.3797280907969,-2.5118475026016));
#5435=CARTESIAN_POINT('',(71.1533059638353,11.1276003306563,-15.9312507852108));
#5436=CARTESIAN_POINT('',(96.1533059638355,24.3797280907968,-2.51184750260164));
#5437=CARTESIAN_POINT('',(71.1533059638354,24.3797280907969,-2.5118475026016));
#5438=CARTESIAN_POINT('',(96.1533059638353,11.1276003306563,-15.9312507852108));
#5439=CARTESIAN_POINT('Origin',(96.1533059638355,29.0733984705169,-7.96748117297529));
#5440=CARTESIAN_POINT('',(71.1533059638354,27.8569084261534,-6.37403575044666));
#5441=CARTESIAN_POINT('',(71.1533059638354,29.0733984705171,-7.96748117297517));
#5442=CARTESIAN_POINT('',(71.1533059638354,29.2740792823258,-8.23034721322559));
#5443=CARTESIAN_POINT('',(96.1533059638355,27.8569084261533,-6.37403575044677));
#5444=CARTESIAN_POINT('',(96.1533059638355,27.8569084261533,-6.37403575044677));
#5445=CARTESIAN_POINT('',(96.1533059638355,29.0733984705169,-7.96748117297529));
#5446=CARTESIAN_POINT('',(96.1533059638354,29.2740792823256,-8.23034721322566));
#5447=CARTESIAN_POINT('',(96.1533059638355,29.0733984705169,-7.96748117297529));
#5448=CARTESIAN_POINT('Origin',(96.1533059638355,29.4351905419947,-7.69127688831015));
#5449=CARTESIAN_POINT('',(71.1533059638354,29.3944727278067,-7.72236224265465));
#5450=CARTESIAN_POINT('',(71.1533059638353,14.5137972521931,-19.0827724039052));
#5451=CARTESIAN_POINT('',(96.1533059638355,29.3944727278066,-7.7223622426547));
#5452=CARTESIAN_POINT('',(96.1533059638353,14.5137972521931,-19.0827724039053));
#5453=CARTESIAN_POINT('',(71.1533059638354,29.3944727278067,-7.72236224265465));
#5454=CARTESIAN_POINT('Origin',(96.1533059638355,27.8569084261533,-6.37403575044677));
#5455=CARTESIAN_POINT('',(71.1533059638354,28.1071901037159,-6.18296226607327));
#5456=CARTESIAN_POINT('',(71.1533059638353,13.1164111720905,-17.6274291237092));
#5457=CARTESIAN_POINT('',(96.1533059638355,28.1071901037158,-6.18296226607331));
#5458=CARTESIAN_POINT('',(71.1533059638354,28.1071901037159,-6.18296226607327));
#5459=CARTESIAN_POINT('',(96.1533059638353,13.1164111720905,-17.6274291237093));
#5460=CARTESIAN_POINT('Origin',(96.1533059638356,31.9959045503427,-12.2387347462257));
#5461=CARTESIAN_POINT('',(71.1533059638354,31.0130180441315,-10.4914939332521));
#5462=CARTESIAN_POINT('',(71.1533059638354,31.9959045503429,-12.2387347462256));
#5463=CARTESIAN_POINT('',(71.1533059638354,32.1580484683275,-12.5269719631248));
#5464=CARTESIAN_POINT('',(96.1533059638356,31.0130180441313,-10.4914939332522));
#5465=CARTESIAN_POINT('',(96.1533059638356,31.0130180441313,-10.4914939332522));
#5466=CARTESIAN_POINT('',(96.1533059638356,31.9959045503427,-12.2387347462257));
#5467=CARTESIAN_POINT('',(96.1533059638354,32.1580484683273,-12.5269719631248));
#5468=CARTESIAN_POINT('',(96.1533059638356,31.9959045503427,-12.2387347462257));
#5469=CARTESIAN_POINT('Origin',(96.1533059638356,32.3926158930463,-12.0155701871626));
#5470=CARTESIAN_POINT('',(71.1533059638354,32.3479680966684,-12.0406861965106));
#5471=CARTESIAN_POINT('',(71.1533059638353,16.0310468215431,-21.2195478766828));
#5472=CARTESIAN_POINT('',(96.1533059638356,32.3479680966684,-12.0406861965106));
#5473=CARTESIAN_POINT('',(96.1533059638353,16.031046821543,-21.2195478766828));
#5474=CARTESIAN_POINT('',(71.1533059638354,32.3479680966684,-12.0406861965106));
#5475=CARTESIAN_POINT('Origin',(96.1533059638356,31.0130180441313,-10.4914939332522));
#5476=CARTESIAN_POINT('',(71.1533059638354,31.2874562869441,-10.3371124400738));
#5477=CARTESIAN_POINT('',(71.1533059638353,14.8498046439798,-19.5838893432407));
#5478=CARTESIAN_POINT('',(96.1533059638356,31.287456286944,-10.3371124400738));
#5479=CARTESIAN_POINT('',(71.1533059638354,31.2874562869441,-10.3371124400738));
#5480=CARTESIAN_POINT('',(96.1533059638353,14.8498046439797,-19.5838893432408));
#5481=CARTESIAN_POINT('Origin',(96.1533059638356,34.2955253971212,-16.875155007018));
#5482=CARTESIAN_POINT('',(71.1533059638354,33.5653731968888,-15.0081268585669));
#5483=CARTESIAN_POINT('',(71.1533059638354,34.2955253971214,-16.8751550070179));
#5484=CARTESIAN_POINT('',(71.1533059638354,34.4159764743543,-17.1831531910038));
#5485=CARTESIAN_POINT('',(96.1533059638356,33.5653731968886,-15.008126858567));
#5486=CARTESIAN_POINT('',(96.1533059638356,33.5653731968886,-15.008126858567));
#5487=CARTESIAN_POINT('',(96.1533059638356,34.2955253971212,-16.875155007018));
#5488=CARTESIAN_POINT('',(96.1533059638354,34.415976474354,-17.1831531910038));
#5489=CARTESIAN_POINT('',(96.1533059638356,34.2955253971212,-16.875155007018));
#5490=CARTESIAN_POINT('Origin',(96.1533059638356,34.7194344760174,-16.709373817853));
#5491=CARTESIAN_POINT('',(71.1533059638354,34.67172571602,-16.7280316276516));
#5492=CARTESIAN_POINT('',(71.1533059638353,17.2361489537803,-23.5466887249413));
#5493=CARTESIAN_POINT('',(96.1533059638356,34.6717257160199,-16.7280316276517));
#5494=CARTESIAN_POINT('',(96.1533059638353,17.2361489537802,-23.5466887249413));
#5495=CARTESIAN_POINT('',(71.1533059638354,34.67172571602,-16.7280316276516));
#5496=CARTESIAN_POINT('Origin',(96.1533059638356,33.5653731968886,-15.008126858567));
#5497=CARTESIAN_POINT('',(71.1533059638354,33.8586263767242,-14.893442216742));
#5498=CARTESIAN_POINT('',(71.1533059638353,16.2940422140995,-21.7625511710727));
#5499=CARTESIAN_POINT('',(96.1533059638356,33.8586263767241,-14.8934422167421));
#5500=CARTESIAN_POINT('',(71.1533059638354,33.8586263767242,-14.893442216742));
#5501=CARTESIAN_POINT('',(96.1533059638353,16.2940422140994,-21.7625511710727));
#5502=CARTESIAN_POINT('Origin',(96.1533059638356,35.9275015068499,-21.7864993088256));
#5503=CARTESIAN_POINT('',(71.1533059638354,35.464295194638,-19.8360234040936));
#5504=CARTESIAN_POINT('',(71.1533059638354,35.9275015068501,-21.7864993088255));
#5505=CARTESIAN_POINT('',(71.1533059638354,36.0039153001239,-22.1082636255896));
#5506=CARTESIAN_POINT('',(96.1533059638356,35.4642951946378,-19.8360234040937));
#5507=CARTESIAN_POINT('',(96.1533059638356,35.4642951946378,-19.8360234040937));
#5508=CARTESIAN_POINT('',(96.1533059638356,35.9275015068499,-21.7864993088256));
#5509=CARTESIAN_POINT('',(96.1533059638354,36.0039153001237,-22.1082636255896));
#5510=CARTESIAN_POINT('',(96.1533059638356,35.9275015068499,-21.7864993088256));
#5511=CARTESIAN_POINT('Origin',(96.1533059638356,36.3703574139074,-21.6813282318326));
#5512=CARTESIAN_POINT('',(71.1533059638355,36.320516287036,-21.693164689037));
#5513=CARTESIAN_POINT('',(71.1533059638354,18.1056477066842,-26.0188997991529));
#5514=CARTESIAN_POINT('',(96.1533059638356,36.3205162870358,-21.6931646890371));
#5515=CARTESIAN_POINT('',(96.1533059638353,18.1056477066841,-26.0188997991529));
#5516=CARTESIAN_POINT('',(71.1533059638355,36.320516287036,-21.693164689037));
#5517=CARTESIAN_POINT('Origin',(96.1533059638356,35.4642951946378,-19.8360234040937));
#5518=CARTESIAN_POINT('',(71.1533059638354,35.7706554719212,-19.7632678197235));
#5519=CARTESIAN_POINT('',(71.1533059638353,17.4210134409434,-24.1210094329174));
#5520=CARTESIAN_POINT('',(96.1533059638356,35.7706554719211,-19.7632678197235));
#5521=CARTESIAN_POINT('',(71.1533059638354,35.7706554719212,-19.7632678197235));
#5522=CARTESIAN_POINT('',(96.1533059638353,17.4210134409433,-24.1210094329174));
#5523=CARTESIAN_POINT('Origin',(96.1533059638356,36.8600683208983,-26.8771739213852));
#5524=CARTESIAN_POINT('',(71.1533059638354,36.6728236806847,-24.8812140552245));
#5525=CARTESIAN_POINT('',(71.1533059638355,36.8600683208985,-26.8771739213852));
#5526=CARTESIAN_POINT('',(71.1533059638354,36.8909575226466,-27.2064415945031));
#5527=CARTESIAN_POINT('',(96.1533059638356,36.6728236806845,-24.8812140552245));
#5528=CARTESIAN_POINT('',(96.1533059638356,36.6728236806845,-24.8812140552245));
#5529=CARTESIAN_POINT('',(96.1533059638356,36.8600683208983,-26.8771739213852));
#5530=CARTESIAN_POINT('',(96.1533059638354,36.8909575226464,-27.2064415945031));
#5531=CARTESIAN_POINT('',(96.1533059638356,36.8600683208983,-26.8771739213852));
#5532=CARTESIAN_POINT('Origin',(96.1533059638356,37.3132513696273,-26.8346599919476));
#5533=CARTESIAN_POINT('',(71.1533059638355,37.2622479767229,-26.8394447133821));
#5534=CARTESIAN_POINT('',(71.1533059638354,18.6226192760698,-28.5880623228565));
#5535=CARTESIAN_POINT('',(96.1533059638356,37.2622479767227,-26.8394447133822));
#5536=CARTESIAN_POINT('',(96.1533059638353,18.6226192760697,-28.5880623228566));
#5537=CARTESIAN_POINT('',(71.1533059638355,37.2622479767229,-26.8394447133821));
#5538=CARTESIAN_POINT('Origin',(96.1533059638356,36.6728236806845,-24.8812140552245));
#5539=CARTESIAN_POINT('',(71.1533059638355,36.986328101098,-24.8518036330006));
#5540=CARTESIAN_POINT('',(71.1533059638354,18.2087831114915,-26.6133594214145));
#5541=CARTESIAN_POINT('',(96.1533059638356,36.9863281010979,-24.8518036330006));
#5542=CARTESIAN_POINT('',(71.1533059638355,36.986328101098,-24.8518036330006));
#5543=CARTESIAN_POINT('',(96.1533059638353,18.2087831114914,-26.6133594214146));
#5544=CARTESIAN_POINT('Origin',(96.1533059638356,37.0750744870097,-32.04809465392));
#5545=CARTESIAN_POINT('',(71.1533059638355,37.1674360227287,-30.0454999147546));
#5546=CARTESIAN_POINT('',(71.1533059638355,37.07507448701,-32.0480946539199));
#5547=CARTESIAN_POINT('',(71.1533059638354,37.0598378740563,-32.3784568626709));
#5548=CARTESIAN_POINT('',(96.1533059638356,37.1674360227285,-30.0454999147546));
#5549=CARTESIAN_POINT('',(96.1533059638356,37.1674360227285,-30.0454999147546));
#5550=CARTESIAN_POINT('',(96.1533059638356,37.0750744870097,-32.04809465392));
#5551=CARTESIAN_POINT('',(96.1533059638354,37.0598378740561,-32.3784568626709));
#5552=CARTESIAN_POINT('',(96.1533059638356,37.0750744870097,-32.04809465392));
#5553=CARTESIAN_POINT('Origin',(96.1533059638356,37.5297639848549,-32.0690653573153));
#5554=CARTESIAN_POINT('',(71.1533059638355,37.4785910489449,-32.0667052138197));
#5555=CARTESIAN_POINT('',(71.1533059638354,18.7770013983853,-31.2041704699073));
#5556=CARTESIAN_POINT('',(96.1533059638356,37.4785910489448,-32.0667052138197));
#5557=CARTESIAN_POINT('',(96.1533059638353,18.7770013983852,-31.2041704699074));
#5558=CARTESIAN_POINT('',(71.1533059638355,37.4785910489449,-32.0667052138197));
#5559=CARTESIAN_POINT('Origin',(96.1533059638356,37.1674360227285,-30.0454999147546));
#5560=CARTESIAN_POINT('',(71.1533059638355,37.4819825793347,-30.0600070950917));
#5561=CARTESIAN_POINT('',(71.1533059638354,18.6420181851815,-29.1910903790442));
#5562=CARTESIAN_POINT('',(96.1533059638356,37.4819825793346,-30.0600070950917));
#5563=CARTESIAN_POINT('',(71.1533059638355,37.4819825793347,-30.0600070950917));
#5564=CARTESIAN_POINT('',(96.1533059638353,18.6420181851813,-29.1910903790443));
#5565=CARTESIAN_POINT('Origin',(96.1533059638356,36.5683351547269,-37.1986154162061));
#5566=CARTESIAN_POINT('',(71.1533059638355,36.9385051541453,-35.2283640327162));
#5567=CARTESIAN_POINT('',(71.1533059638354,36.5683351547272,-37.1986154162061));
#5568=CARTESIAN_POINT('',(71.1533059638354,36.5072692904115,-37.5236420359783));
#5569=CARTESIAN_POINT('',(96.1533059638356,36.9385051541451,-35.2283640327163));
#5570=CARTESIAN_POINT('',(96.1533059638356,36.9385051541451,-35.2283640327163));
#5571=CARTESIAN_POINT('',(96.1533059638356,36.5683351547269,-37.1986154162061));
#5572=CARTESIAN_POINT('',(96.1533059638354,36.5072692904113,-37.5236420359782));
#5573=CARTESIAN_POINT('',(96.1533059638356,36.5683351547269,-37.1986154162061));
#5574=CARTESIAN_POINT('Origin',(96.1533059638356,37.0156810878143,-37.2826625815467));
#5575=CARTESIAN_POINT('',(71.1533059638355,36.9653346318879,-37.2732035106295));
#5576=CARTESIAN_POINT('',(71.1533059638354,18.565789201227,-33.8163046710018));
#5577=CARTESIAN_POINT('',(96.1533059638356,36.9653346318877,-37.2732035106295));
#5578=CARTESIAN_POINT('',(96.1533059638353,18.5657892012268,-33.8163046710019));
#5579=CARTESIAN_POINT('',(71.1533059638355,36.9653346318879,-37.2732035106295));
#5580=CARTESIAN_POINT('Origin',(96.1533059638356,36.9385051541451,-35.2283640327163));
#5581=CARTESIAN_POINT('',(71.1533059638354,37.2479715560112,-35.2865064498507));
#5582=CARTESIAN_POINT('',(71.1533059638354,18.7122862341014,-31.8040297048416));
#5583=CARTESIAN_POINT('',(96.1533059638356,37.2479715560111,-35.2865064498508));
#5584=CARTESIAN_POINT('',(71.1533059638354,37.2479715560112,-35.2865064498507));
#5585=CARTESIAN_POINT('',(96.1533059638353,18.7122862341013,-31.8040297048416));
#5586=CARTESIAN_POINT('Origin',(96.1533059638356,35.3497134287453,-42.2284871802364));
#5587=CARTESIAN_POINT('',(71.1533059638354,35.9904869538866,-40.3289278544738));
#5588=CARTESIAN_POINT('',(71.1533059638354,35.3497134287455,-42.2284871802363));
#5589=CARTESIAN_POINT('',(71.1533059638354,35.2440068906554,-42.5418519375881));
#5590=CARTESIAN_POINT('',(96.1533059638356,35.9904869538863,-40.3289278544739));
#5591=CARTESIAN_POINT('',(96.1533059638356,35.9904869538863,-40.3289278544739));
#5592=CARTESIAN_POINT('',(96.1533059638356,35.3497134287453,-42.2284871802364));
#5593=CARTESIAN_POINT('',(96.1533059638354,35.2440068906552,-42.5418519375881));
#5594=CARTESIAN_POINT('',(96.1533059638356,35.3497134287453,-42.2284871802364));
#5595=CARTESIAN_POINT('Origin',(96.1533059638356,35.7810087173357,-42.373974925051));
#5596=CARTESIAN_POINT('',(71.1533059638354,35.7324686778893,-42.3576010367681));
#5597=CARTESIAN_POINT('',(71.1533059638354,17.9930936897622,-36.3736227051743));
#5598=CARTESIAN_POINT('',(96.1533059638356,35.7324686778891,-42.3576010367681));
#5599=CARTESIAN_POINT('',(96.1533059638353,17.993093689762,-36.3736227051744));
#5600=CARTESIAN_POINT('',(71.1533059638354,35.7324686778893,-42.3576010367681));
#5601=CARTESIAN_POINT('Origin',(96.1533059638356,35.9904869538863,-40.3289278544739));
#5602=CARTESIAN_POINT('',(71.1533059638354,36.2888497895128,-40.4295738323922));
#5603=CARTESIAN_POINT('',(71.1533059638354,18.418219570608,-34.4013195070044));
#5604=CARTESIAN_POINT('',(96.1533059638356,36.2888497895126,-40.4295738323923));
#5605=CARTESIAN_POINT('',(71.1533059638354,36.2888497895128,-40.4295738323922));
#5606=CARTESIAN_POINT('',(96.1533059638353,18.4182195706078,-34.4013195070045));
#5607=CARTESIAN_POINT('Origin',(96.1533059638355,33.4429283947994,-47.0398092135182));
#5608=CARTESIAN_POINT('',(71.1533059638354,34.3418335178657,-45.2479147070423));
#5609=CARTESIAN_POINT('',(71.1533059638354,33.4429283947996,-47.0398092135182));
#5610=CARTESIAN_POINT('',(71.1533059638354,33.2946386404595,-47.3354128198949));
#5611=CARTESIAN_POINT('',(96.1533059638356,34.3418335178655,-45.2479147070423));
#5612=CARTESIAN_POINT('',(96.1533059638356,34.3418335178655,-45.2479147070423));
#5613=CARTESIAN_POINT('',(96.1533059638355,33.4429283947994,-47.0398092135182));
#5614=CARTESIAN_POINT('',(96.1533059638354,33.2946386404593,-47.3354128198948));
#5615=CARTESIAN_POINT('',(96.1533059638355,33.4429283947994,-47.0398092135182));
#5616=CARTESIAN_POINT('Origin',(96.1533059638356,33.8497783666916,-47.243905784344));
#5617=CARTESIAN_POINT('',(71.1533059638354,33.8039895203794,-47.2209357778058));
#5618=CARTESIAN_POINT('',(71.1533059638353,17.07006173069,-38.8263492857959));
#5619=CARTESIAN_POINT('',(96.1533059638356,33.8039895203793,-47.2209357778058));
#5620=CARTESIAN_POINT('',(96.1533059638353,17.0700617306899,-38.826349285796));
#5621=CARTESIAN_POINT('',(71.1533059638354,33.8039895203794,-47.2209357778058));
#5622=CARTESIAN_POINT('Origin',(96.1533059638356,34.3418335178655,-45.2479147070423));
#5623=CARTESIAN_POINT('',(71.1533059638354,34.6232854940395,-45.3891052862675));
#5624=CARTESIAN_POINT('',(71.1533059638353,17.76554186781,-36.9324064939071));
#5625=CARTESIAN_POINT('',(96.1533059638356,34.6232854940394,-45.3891052862675));
#5626=CARTESIAN_POINT('',(71.1533059638354,34.6232854940395,-45.3891052862675));
#5627=CARTESIAN_POINT('',(96.1533059638353,17.7655418678099,-36.9324064939071));
#5628=CARTESIAN_POINT('Origin',(96.1533059638355,30.8850934546391,-51.5389346054715));
#5629=CARTESIAN_POINT('',(71.1533059638354,32.0246340098995,-49.889582106601));
#5630=CARTESIAN_POINT('',(71.1533059638354,30.8850934546393,-51.5389346054715));
#5631=CARTESIAN_POINT('',(71.1533059638354,30.6971067754403,-51.811023472919));
#5632=CARTESIAN_POINT('',(96.1533059638356,32.0246340098992,-49.889582106601));
#5633=CARTESIAN_POINT('',(96.1533059638356,32.0246340098992,-49.889582106601));
#5634=CARTESIAN_POINT('',(96.1533059638355,30.8850934546391,-51.5389346054715));
#5635=CARTESIAN_POINT('',(96.1533059638354,30.6971067754401,-51.811023472919));
#5636=CARTESIAN_POINT('',(96.1533059638355,30.8850934546391,-51.5389346054715));
#5637=CARTESIAN_POINT('Origin',(96.1533059638355,31.2595792379153,-51.7976674947136));
#5638=CARTESIAN_POINT('',(71.1533059638354,31.2174328125468,-51.7685484549694));
#5639=CARTESIAN_POINT('',(71.1533059638353,15.8146590911606,-41.1267448799099));
#5640=CARTESIAN_POINT('',(96.1533059638355,31.2174328125466,-51.7685484549694));
#5641=CARTESIAN_POINT('',(96.1533059638353,15.8146590911605,-41.1267448799099));
#5642=CARTESIAN_POINT('',(71.1533059638354,31.2174328125468,-51.7685484549694));
#5643=CARTESIAN_POINT('Origin',(96.1533059638356,32.0246340098992,-49.889582106601));
#5644=CARTESIAN_POINT('',(71.1533059638354,32.2836969840515,-50.0685691731102));
#5645=CARTESIAN_POINT('',(71.1533059638353,16.7669567547827,-39.3480259364182));
#5646=CARTESIAN_POINT('',(96.1533059638356,32.2836969840513,-50.0685691731103));
#5647=CARTESIAN_POINT('',(71.1533059638354,32.2836969840515,-50.0685691731102));
#5648=CARTESIAN_POINT('',(96.1533059638353,16.7669567547826,-39.3480259364183));
#5649=CARTESIAN_POINT('Origin',(96.1533059638355,27.7259939558806,-55.6382929980211));
#5650=CARTESIAN_POINT('',(71.1533059638354,29.083990082635,-54.1635852770359));
#5651=CARTESIAN_POINT('',(71.1533059638354,27.7259939558808,-55.6382929980211));
#5652=CARTESIAN_POINT('',(71.1533059638354,27.5019692987019,-55.8815712262312));
#5653=CARTESIAN_POINT('',(96.1533059638355,29.0839900826347,-54.1635852770358));
#5654=CARTESIAN_POINT('',(96.1533059638355,29.0839900826347,-54.1635852770358));
#5655=CARTESIAN_POINT('',(96.1533059638355,27.7259939558806,-55.6382929980211));
#5656=CARTESIAN_POINT('',(96.1533059638354,27.5019692987017,-55.8815712262311));
#5657=CARTESIAN_POINT('',(96.1533059638355,27.7259939558806,-55.6382929980211));
#5658=CARTESIAN_POINT('Origin',(96.1533059638355,28.0608266107404,-55.9466262642949));
#5659=CARTESIAN_POINT('',(71.1533059638354,28.0231429385446,-55.9119249603308));
#5660=CARTESIAN_POINT('',(71.1533059638353,14.2513207555531,-43.2300349039379));
#5661=CARTESIAN_POINT('',(96.1533059638355,28.0231429385444,-55.9119249603308));
#5662=CARTESIAN_POINT('',(96.1533059638353,14.2513207555529,-43.230034903938));
#5663=CARTESIAN_POINT('',(71.1533059638354,28.0231429385446,-55.9119249603308));
#5664=CARTESIAN_POINT('Origin',(96.1533059638355,29.0839900826347,-54.1635852770358));
#5665=CARTESIAN_POINT('',(71.1533059638354,29.3156216886531,-54.3768850511743));
#5666=CARTESIAN_POINT('',(71.1533059638353,15.4419005548774,-41.6011605498157));
#5667=CARTESIAN_POINT('',(96.1533059638355,29.3156216886529,-54.3768850511744));
#5668=CARTESIAN_POINT('',(71.1533059638354,29.3156216886531,-54.3768850511743));
#5669=CARTESIAN_POINT('',(96.1533059638353,15.4419005548772,-41.6011605498157));
#5670=CARTESIAN_POINT('Origin',(96.1533059638355,24.0271181768447,-59.2580950430072));
#5671=CARTESIAN_POINT('',(71.1533059638354,25.5771380251836,-57.986735608241));
#5672=CARTESIAN_POINT('',(71.1533059638354,24.0271181768449,-59.2580950430072));
#5673=CARTESIAN_POINT('',(71.1533059638354,23.7714159268138,-59.4678274979925));
#5674=CARTESIAN_POINT('',(96.1533059638355,25.5771380251834,-57.9867356082409));
#5675=CARTESIAN_POINT('',(96.1533059638355,25.5771380251834,-57.9867356082409));
#5676=CARTESIAN_POINT('',(96.1533059638355,24.0271181768447,-59.2580950430072));
#5677=CARTESIAN_POINT('',(96.1533059638354,23.7714159268136,-59.4678274979924));
#5678=CARTESIAN_POINT('',(96.1533059638355,24.0271181768447,-59.2580950430072));
#5679=CARTESIAN_POINT('Origin',(96.1533059638355,24.3157805665279,-59.6100273300084));
#5680=CARTESIAN_POINT('',(71.1533059638354,24.2832931173195,-59.570419183234));
#5681=CARTESIAN_POINT('',(71.1533059638353,12.410475326299,-45.0952812100194));
#5682=CARTESIAN_POINT('',(96.1533059638355,24.2832931173193,-59.570419183234));
#5683=CARTESIAN_POINT('',(96.1533059638353,12.4104753262988,-45.0952812100194));
#5684=CARTESIAN_POINT('',(71.1533059638354,24.2832931173195,-59.570419183234));
#5685=CARTESIAN_POINT('Origin',(96.1533059638355,25.5771380251834,-57.9867356082409));
#5686=CARTESIAN_POINT('',(71.1533059638354,25.7768298173337,-58.23019645253));
#5687=CARTESIAN_POINT('',(71.1533059638353,13.8161639797961,-43.6479556317525));
#5688=CARTESIAN_POINT('',(96.1533059638355,25.7768298173335,-58.23019645253));
#5689=CARTESIAN_POINT('',(71.1533059638354,25.7768298173337,-58.23019645253));
#5690=CARTESIAN_POINT('',(96.1533059638353,13.8161639797959,-43.6479556317525));
#5691=CARTESIAN_POINT('Origin',(96.1533059638355,19.8604605271616,-62.3278854110877));
#5692=CARTESIAN_POINT('',(71.1533059638354,21.5723347238585,-61.2846198277884));
#5693=CARTESIAN_POINT('',(71.1533059638354,19.8604605271618,-62.3278854110878));
#5694=CARTESIAN_POINT('',(71.1533059638354,19.5780576377183,-62.4999898891792));
#5695=CARTESIAN_POINT('',(96.1533059638355,21.5723347238582,-61.2846198277884));
#5696=CARTESIAN_POINT('',(96.1533059638355,21.5723347238582,-61.2846198277884));
#5697=CARTESIAN_POINT('',(96.1533059638355,19.8604605271616,-62.3278854110877));
#5698=CARTESIAN_POINT('',(96.1533059638353,19.5780576377181,-62.4999898891792));
#5699=CARTESIAN_POINT('',(96.1533059638355,19.8604605271616,-62.3278854110877));
#5700=CARTESIAN_POINT('Origin',(96.1533059638355,20.0973341666016,-62.716566757167));
#5701=CARTESIAN_POINT('',(71.1533059638354,20.0706752716255,-62.6728226951057));
#5702=CARTESIAN_POINT('',(71.1533059638353,10.3279527657481,-46.6861789004925));
#5703=CARTESIAN_POINT('',(96.1533059638355,20.0706752716253,-62.6728226951057));
#5704=CARTESIAN_POINT('',(96.1533059638353,10.327952765748,-46.6861789004925));
#5705=CARTESIAN_POINT('',(71.1533059638354,20.0706752716255,-62.6728226951057));
#5706=CARTESIAN_POINT('Origin',(96.1533059638355,21.5723347238582,-61.2846198277884));
#5707=CARTESIAN_POINT('',(71.1533059638354,21.7361999285525,-61.5535030538265));
#5708=CARTESIAN_POINT('',(71.1533059638353,11.9213901427249,-45.4485726441534));
#5709=CARTESIAN_POINT('',(96.1533059638355,21.7361999285523,-61.5535030538265));
#5710=CARTESIAN_POINT('',(71.1533059638354,21.7361999285525,-61.5535030538265));
#5711=CARTESIAN_POINT('',(96.1533059638353,11.9213901427247,-45.4485726441535));
#5712=CARTESIAN_POINT('Origin',(96.1533059638355,15.3071202584794,-64.7879141245831));
#5713=CARTESIAN_POINT('',(71.1533059638353,17.1475291195237,-63.9930483706325));
#5714=CARTESIAN_POINT('',(71.1533059638353,15.3071202584797,-64.7879141245831));
#5715=CARTESIAN_POINT('',(71.1533059638353,15.0035133806383,-64.9190408078806));
#5716=CARTESIAN_POINT('',(96.1533059638355,17.1475291195235,-63.9930483706324));
#5717=CARTESIAN_POINT('',(96.1533059638355,17.1475291195235,-63.9930483706324));
#5718=CARTESIAN_POINT('',(96.1533059638355,15.3071202584794,-64.7879141245831));
#5719=CARTESIAN_POINT('',(96.1533059638353,15.0035133806382,-64.9190408078805));
#5720=CARTESIAN_POINT('',(96.1533059638355,15.3071202584794,-64.7879141245831));
#5721=CARTESIAN_POINT('Origin',(96.1533059638355,15.4875946717243,-65.2057792894574));
#5722=CARTESIAN_POINT('',(71.1533059638353,15.4672832160472,-65.158750740519));
#5723=CARTESIAN_POINT('',(71.1533059638353,8.04428700670733,-47.9717629614316));
#5724=CARTESIAN_POINT('',(96.1533059638355,15.4672832160471,-65.158750740519));
#5725=CARTESIAN_POINT('',(96.1533059638353,8.04428700670715,-47.9717629614316));
#5726=CARTESIAN_POINT('',(71.1533059638353,15.4672832160472,-65.158750740519));
#5727=CARTESIAN_POINT('Origin',(96.1533059638355,17.1475291195235,-63.9930483706324));
#5728=CARTESIAN_POINT('',(71.1533059638353,17.2723782869461,-64.2821204722749));
#5729=CARTESIAN_POINT('',(71.1533059638353,9.79445866112901,-46.9679646250438));
#5730=CARTESIAN_POINT('',(96.1533059638355,17.2723782869459,-64.282120472275));
#5731=CARTESIAN_POINT('',(71.1533059638353,17.2723782869461,-64.2821204722749));
#5732=CARTESIAN_POINT('',(96.1533059638353,9.79445866112883,-46.9679646250438));
#5733=CARTESIAN_POINT('Origin',(96.1533059638355,10.4557229597804,-66.590299522826));
#5734=CARTESIAN_POINT('',(71.1533059638353,12.3888450201259,-66.0593047559785));
#5735=CARTESIAN_POINT('',(71.1533059638353,10.4557229597806,-66.5902995228261));
#5736=CARTESIAN_POINT('',(71.1533059638353,10.136821456071,-66.6778961795936));
#5737=CARTESIAN_POINT('',(96.1533059638355,12.3888450201257,-66.0593047559784));
#5738=CARTESIAN_POINT('',(96.1533059638355,12.3888450201257,-66.0593047559784));
#5739=CARTESIAN_POINT('',(96.1533059638355,10.4557229597804,-66.590299522826));
#5740=CARTESIAN_POINT('',(96.1533059638353,10.1368214560708,-66.6778961795934));
#5741=CARTESIAN_POINT('',(96.1533059638355,10.4557229597804,-66.590299522826));
#5742=CARTESIAN_POINT('Origin',(96.1533059638355,10.576285417663,-67.0292152363757));
#5743=CARTESIAN_POINT('',(71.1533059638353,10.5627167406657,-66.9798175577712));
#5744=CARTESIAN_POINT('',(71.1533059638353,5.603927005545,-48.9270109614207));
#5745=CARTESIAN_POINT('',(96.1533059638355,10.5627167406655,-66.9798175577712));
#5746=CARTESIAN_POINT('',(96.1533059638353,5.60392700554482,-48.9270109614207));
#5747=CARTESIAN_POINT('',(71.1533059638353,10.5627167406657,-66.9798175577712));
#5748=CARTESIAN_POINT('Origin',(96.1533059638355,12.3888450201257,-66.0593047559784));
#5749=CARTESIAN_POINT('',(71.1533059638353,12.4722481032466,-66.3629392735814));
#5750=CARTESIAN_POINT('',(71.1533059638353,7.47676783694906,-48.1765583377982));
#5751=CARTESIAN_POINT('',(96.1533059638355,12.4722481032464,-66.3629392735815));
#5752=CARTESIAN_POINT('',(71.1533059638353,12.4722481032466,-66.3629392735814));
#5753=CARTESIAN_POINT('',(96.1533059638353,7.47676783694887,-48.1765583377982));
#5754=CARTESIAN_POINT('Origin',(96.1533059638354,5.40069556110109,-67.6999602242228));
#5755=CARTESIAN_POINT('',(71.1533059638353,7.38890479873683,-67.4431716536174));
#5756=CARTESIAN_POINT('',(71.1533059638353,5.40069556110129,-67.6999602242229));
#5757=CARTESIAN_POINT('',(71.1533059638353,5.07270648654784,-67.7423218851762));
#5758=CARTESIAN_POINT('',(96.1533059638354,7.38890479873664,-67.4431716536173));
#5759=CARTESIAN_POINT('',(96.1533059638354,7.38890479873664,-67.4431716536173));
#5760=CARTESIAN_POINT('',(96.1533059638354,5.40069556110109,-67.6999602242228));
#5761=CARTESIAN_POINT('',(96.1533059638353,5.0727064865477,-67.7423218851761));
#5762=CARTESIAN_POINT('',(96.1533059638354,5.40069556110109,-67.6999602242228));
#5763=CARTESIAN_POINT('Origin',(96.1533059638354,5.45899945251633,-68.1513834913429));
#5764=CARTESIAN_POINT('',(71.1533059638353,5.4524376530625,-68.1005781526972));
#5765=CARTESIAN_POINT('',(71.1533059638353,3.05437159381542,-49.5333300847185));
#5766=CARTESIAN_POINT('',(96.1533059638354,5.45243765306232,-68.1005781526972));
#5767=CARTESIAN_POINT('',(96.1533059638353,3.05437159381524,-49.5333300847185));
#5768=CARTESIAN_POINT('',(71.1533059638353,5.4524376530625,-68.1005781526972));
#5769=CARTESIAN_POINT('Origin',(96.1533059638354,7.38890479873664,-67.4431716536173));
#5770=CARTESIAN_POINT('',(71.1533059638353,7.42923845141258,-67.7554586866749));
#5771=CARTESIAN_POINT('',(71.1533059638353,5.01342888574344,-49.0508298805529));
#5772=CARTESIAN_POINT('',(96.1533059638354,7.42923845141239,-67.755458686675));
#5773=CARTESIAN_POINT('',(71.1533059638353,7.42923845141258,-67.7554586866749));
#5774=CARTESIAN_POINT('',(96.1533059638353,5.01342888574326,-49.0508298805529));
#5775=CARTESIAN_POINT('Origin',(96.1533059638354,0.240428420748251,-68.0952979454412));
#5776=CARTESIAN_POINT('',(71.1533059638353,2.24502660441821,-68.1177136685121));
#5777=CARTESIAN_POINT('',(71.1533059638353,0.240428420748434,-68.0952979454413));
#5778=CARTESIAN_POINT('',(71.1533059638353,-0.0902642903946288,-68.0916000890355));
#5779=CARTESIAN_POINT('',(96.1533059638354,2.24502660441802,-68.117713668512));
#5780=CARTESIAN_POINT('',(96.1533059638354,2.24502660441802,-68.117713668512));
#5781=CARTESIAN_POINT('',(96.1533059638354,0.240428420748251,-68.0952979454412));
#5782=CARTESIAN_POINT('',(96.1533059638353,-0.0902642903947504,-68.0916000890354));
#5783=CARTESIAN_POINT('',(96.1533059638354,0.240428420748251,-68.0952979454412));
#5784=CARTESIAN_POINT('Origin',(96.1533059638354,0.235338926769504,-68.5504423257235));
#5785=CARTESIAN_POINT('',(71.1533059638353,0.235911722821552,-68.4992181951632));
#5786=CARTESIAN_POINT('',(71.1533059638353,0.445244967531625,-49.7789190192677));
#5787=CARTESIAN_POINT('',(96.1533059638354,0.235911722821367,-68.4992181951632));
#5788=CARTESIAN_POINT('',(96.1533059638353,0.44524496753144,-49.7789190192677));
#5789=CARTESIAN_POINT('',(71.1533059638353,0.235911722821552,-68.4992181951632));
#5790=CARTESIAN_POINT('Origin',(96.1533059638354,2.24502660441802,-68.117713668512));
#5791=CARTESIAN_POINT('',(71.1533059638353,2.24150577797847,-68.4325749051469));
#5792=CARTESIAN_POINT('',(71.1533059638353,2.45238789819087,-49.5737625521973));
#5793=CARTESIAN_POINT('',(96.1533059638354,2.24150577797829,-68.4325749051469));
#5794=CARTESIAN_POINT('',(71.1533059638353,2.24150577797847,-68.4325749051469));
#5795=CARTESIAN_POINT('',(96.1533059638353,2.45238789819068,-49.5737625521973));
#5796=CARTESIAN_POINT('Origin',(96.1533059638354,-4.92463973110799,-67.7686178874276));
#5797=CARTESIAN_POINT('',(71.1533059638353,-2.94266982485231,-68.0698016076226));
#5798=CARTESIAN_POINT('',(71.1533059638352,-4.92463973110782,-67.7686178874277));
#5799=CARTESIAN_POINT('',(71.1533059638352,-5.25159952137547,-67.7189324882316));
#5800=CARTESIAN_POINT('',(96.1533059638354,-2.94266982485248,-68.0698016076225));
#5801=CARTESIAN_POINT('',(96.1533059638354,-2.94266982485248,-68.0698016076225));
#5802=CARTESIAN_POINT('',(96.1533059638354,-4.92463973110799,-67.7686178874276));
#5803=CARTESIAN_POINT('',(96.1533059638352,-5.25159952137558,-67.7189324882315));
#5804=CARTESIAN_POINT('',(96.1533059638354,-4.92463973110799,-67.7686178874276));
#5805=CARTESIAN_POINT('Origin',(96.1533059638354,-4.99302354926963,-68.218624513229));
#5806=CARTESIAN_POINT('',(71.1533059638352,-4.98532730653532,-68.1679786101888));
#5807=CARTESIAN_POINT('',(71.1533059638353,-2.17266919136334,-49.6589976558107));
#5808=CARTESIAN_POINT('',(96.1533059638354,-4.9853273065355,-68.1679786101888));
#5809=CARTESIAN_POINT('',(96.1533059638352,-2.17266919136353,-49.6589976558107));
#5810=CARTESIAN_POINT('',(71.1533059638352,-4.98532730653532,-68.1679786101888));
#5811=CARTESIAN_POINT('Origin',(96.1533059638354,-2.94266982485248,-68.0698016076225));
#5812=CARTESIAN_POINT('',(71.1533059638353,-2.98997660152575,-68.381108632013));
#5813=CARTESIAN_POINT('',(71.1533059638353,-0.156507376026918,-49.735178063105));
#5814=CARTESIAN_POINT('',(96.1533059638354,-2.98997660152593,-68.381108632013));
#5815=CARTESIAN_POINT('',(71.1533059638353,-2.98997660152575,-68.381108632013));
#5816=CARTESIAN_POINT('',(96.1533059638353,-0.156507376027102,-49.735178063105));
#5817=CARTESIAN_POINT('Origin',(96.1533059638353,-9.99397671806967,-66.7262785059181));
#5818=CARTESIAN_POINT('',(71.1533059638352,-8.07321187899618,-67.3003680247152));
#5819=CARTESIAN_POINT('',(71.1533059638352,-9.99397671806952,-66.7262785059182));
#5820=CARTESIAN_POINT('',(71.1533059638352,-10.3108396870555,-66.6315726337108));
#5821=CARTESIAN_POINT('',(96.1533059638354,-8.07321187899634,-67.3003680247151));
#5822=CARTESIAN_POINT('',(96.1533059638354,-8.07321187899634,-67.3003680247151));
#5823=CARTESIAN_POINT('',(96.1533059638353,-9.99397671806967,-66.7262785059181));
#5824=CARTESIAN_POINT('',(96.1533059638352,-10.3108396870556,-66.6315726337107));
#5825=CARTESIAN_POINT('',(96.1533059638353,-9.99397671806967,-66.7262785059181));
#5826=CARTESIAN_POINT('Origin',(96.1533059638354,-10.1243238471791,-67.1623885101424));
#5827=CARTESIAN_POINT('',(71.1533059638352,-10.109653956373,-67.1133065995161));
#5828=CARTESIAN_POINT('',(71.1533059638352,-4.74841616159979,-49.1759001272786));
#5829=CARTESIAN_POINT('',(96.1533059638354,-10.1096539563732,-67.1133065995161));
#5830=CARTESIAN_POINT('',(96.1533059638352,-4.74841616159998,-49.1759001272786));
#5831=CARTESIAN_POINT('',(71.1533059638352,-10.109653956373,-67.1133065995161));
#5832=CARTESIAN_POINT('Origin',(96.1533059638354,-8.07321187899634,-67.3003680247151));
#5833=CARTESIAN_POINT('',(71.1533059638352,-8.16338383330605,-67.6020615997379));
#5834=CARTESIAN_POINT('',(71.1533059638353,-2.76247775797163,-49.5319346439635));
#5835=CARTESIAN_POINT('',(96.1533059638354,-8.16338383330623,-67.6020615997379));
#5836=CARTESIAN_POINT('',(71.1533059638352,-8.16338383330605,-67.6020615997379));
#5837=CARTESIAN_POINT('',(96.1533059638352,-2.76247775797182,-49.5319346439635));
#5838=CARTESIAN_POINT('Origin',(96.1533059638353,-14.868913661971,-64.9885677513304));
#5839=CARTESIAN_POINT('',(71.1533059638352,-13.0467393928346,-65.8243890692633));
#5840=CARTESIAN_POINT('',(71.1533059638352,-14.8689136619708,-64.9885677513306));
#5841=CARTESIAN_POINT('',(71.1533059638352,-15.16951243241,-64.8506847481881));
#5842=CARTESIAN_POINT('',(96.1533059638353,-13.0467393928348,-65.8243890692632));
#5843=CARTESIAN_POINT('',(96.1533059638353,-13.0467393928348,-65.8243890692632));
#5844=CARTESIAN_POINT('',(96.1533059638353,-14.868913661971,-64.9885677513304));
#5845=CARTESIAN_POINT('',(96.1533059638352,-15.1695124324101,-64.850684748188));
#5846=CARTESIAN_POINT('',(96.1533059638353,-14.868913661971,-64.9885677513304));
#5847=CARTESIAN_POINT('Origin',(96.1533059638353,-15.0586870434278,-65.4022927488131));
#5848=CARTESIAN_POINT('',(71.1533059638352,-15.0373290372877,-65.3557301541613));
#5849=CARTESIAN_POINT('',(71.1533059638352,-7.23186195827085,-48.339029377549));
#5850=CARTESIAN_POINT('',(96.1533059638353,-15.0373290372879,-65.3557301541613));
#5851=CARTESIAN_POINT('',(96.1533059638352,-7.23186195827103,-48.339029377549));
#5852=CARTESIAN_POINT('',(71.1533059638352,-15.0373290372877,-65.3557301541613));
#5853=CARTESIAN_POINT('Origin',(96.1533059638353,-13.0467393928348,-65.8243890692632));
#5854=CARTESIAN_POINT('',(71.1533059638352,-13.1780214302593,-66.1105970726519));
#5855=CARTESIAN_POINT('',(71.1533059638352,-5.31480099840612,-48.9679881967405));
#5856=CARTESIAN_POINT('',(96.1533059638353,-13.1780214302595,-66.1105970726518));
#5857=CARTESIAN_POINT('',(71.1533059638352,-13.1780214302593,-66.1105970726519));
#5858=CARTESIAN_POINT('',(96.1533059638352,-5.3148009984063,-48.9679881967404));
#5859=CARTESIAN_POINT('Origin',(96.1533059638353,-19.4545654603574,-62.5893081868859));
#5860=CARTESIAN_POINT('',(71.1533059638352,-17.7664483106144,-63.6705929927337));
#5861=CARTESIAN_POINT('',(71.1533059638352,-19.4545654603573,-62.589308186886));
#5862=CARTESIAN_POINT('',(71.1533059638352,-19.7330492191092,-62.410931788625));
#5863=CARTESIAN_POINT('',(96.1533059638353,-17.7664483106146,-63.6705929927336));
#5864=CARTESIAN_POINT('',(96.1533059638353,-17.7664483106146,-63.6705929927336));
#5865=CARTESIAN_POINT('',(96.1533059638353,-19.4545654603574,-62.5893081868859));
#5866=CARTESIAN_POINT('',(96.1533059638352,-19.7330492191093,-62.410931788625));
#5867=CARTESIAN_POINT('',(96.1533059638353,-19.4545654603574,-62.5893081868859));
#5868=CARTESIAN_POINT('Origin',(96.1533059638353,-19.7000713711556,-62.9725954911561));
#5869=CARTESIAN_POINT('',(71.1533059638352,-19.6724409589766,-62.9294585004195));
#5870=CARTESIAN_POINT('',(71.1533059638352,-9.57466913382203,-47.164674143839));
#5871=CARTESIAN_POINT('',(96.1533059638353,-19.6724409589768,-62.9294585004195));
#5872=CARTESIAN_POINT('',(96.1533059638352,-9.5746691338222,-47.164674143839));
#5873=CARTESIAN_POINT('',(71.1533059638352,-19.6724409589766,-62.9294585004195));
#5874=CARTESIAN_POINT('Origin',(96.1533059638353,-17.7664483106146,-63.6705929927336));
#5875=CARTESIAN_POINT('',(71.1533059638352,-17.9362851756267,-63.9357447112589));
#5876=CARTESIAN_POINT('',(71.1533059638352,-7.76379902867997,-48.0543152975516));
#5877=CARTESIAN_POINT('',(96.1533059638353,-17.9362851756268,-63.9357447112588));
#5878=CARTESIAN_POINT('',(71.1533059638352,-17.9362851756267,-63.9357447112589));
#5879=CARTESIAN_POINT('',(96.1533059638352,-7.76379902868015,-48.0543152975515));
#5880=CARTESIAN_POINT('Origin',(96.1533059638353,-23.6616776170751,-59.5751986708892));
#5881=CARTESIAN_POINT('',(71.1533059638352,-22.1404748668404,-60.8809009858492));
#5882=CARTESIAN_POINT('',(71.1533059638351,-23.661677617075,-59.5751986708893));
#5883=CARTESIAN_POINT('',(71.1533059638351,-23.912625994546,-59.3598007712018));
#5884=CARTESIAN_POINT('',(96.1533059638353,-22.1404748668405,-60.8809009858491));
#5885=CARTESIAN_POINT('',(96.1533059638353,-22.1404748668405,-60.8809009858491));
#5886=CARTESIAN_POINT('',(96.1533059638353,-23.6616776170751,-59.5751986708892));
#5887=CARTESIAN_POINT('',(96.1533059638351,-23.9126259945461,-59.3598007712017));
#5888=CARTESIAN_POINT('',(96.1533059638353,-23.6616776170751,-59.5751986708892));
#5889=CARTESIAN_POINT('Origin',(96.1533059638353,-23.9581375639197,-59.9205880305522));
#5890=CARTESIAN_POINT('',(71.1533059638352,-23.9247725402458,-59.8817162561879));
#5891=CARTESIAN_POINT('',(71.1533059638352,-11.7312376114849,-45.6756919149635));
#5892=CARTESIAN_POINT('',(96.1533059638353,-23.924772540246,-59.8817162561878));
#5893=CARTESIAN_POINT('',(96.1533059638352,-11.731237611485,-45.6756919149635));
#5894=CARTESIAN_POINT('',(71.1533059638352,-23.9247725402458,-59.8817162561879));
#5895=CARTESIAN_POINT('Origin',(96.1533059638353,-22.1404748668405,-60.8809009858491));
#5896=CARTESIAN_POINT('',(71.1533059638352,-22.3455608780492,-61.1198355429156));
#5897=CARTESIAN_POINT('',(71.1533059638352,-10.0618048878279,-46.808699550092));
#5898=CARTESIAN_POINT('',(96.1533059638353,-22.3455608780493,-61.1198355429156));
#5899=CARTESIAN_POINT('',(71.1533059638352,-22.3455608780492,-61.1198355429156));
#5900=CARTESIAN_POINT('',(96.1533059638352,-10.061804887828,-46.8086995500919));
#5901=CARTESIAN_POINT('Origin',(96.1533059638353,-27.4083634795125,-56.0049054165703));
#5902=CARTESIAN_POINT('',(71.1533059638351,-26.0836836099769,-57.5096112302963));
#5903=CARTESIAN_POINT('',(71.1533059638351,-27.4083634795124,-56.0049054165704));
#5904=CARTESIAN_POINT('',(71.1533059638351,-27.6268920509847,-55.7566784905623));
#5905=CARTESIAN_POINT('',(96.1533059638353,-26.083683609977,-57.5096112302962));
#5906=CARTESIAN_POINT('',(96.1533059638353,-26.083683609977,-57.5096112302962));
#5907=CARTESIAN_POINT('',(96.1533059638353,-27.4083634795125,-56.0049054165703));
#5908=CARTESIAN_POINT('',(96.1533059638351,-27.6268920509848,-55.7566784905623));
#5909=CARTESIAN_POINT('',(96.1533059638353,-27.4083634795125,-56.0049054165703));
#5910=CARTESIAN_POINT('Origin',(96.1533059638353,-27.7500072067565,-56.3056742206149));
#5911=CARTESIAN_POINT('',(71.1533059638351,-27.7115569838213,-56.2718242574948));
#5912=CARTESIAN_POINT('',(71.1533059638352,-13.659592238902,-43.9010640363154));
#5913=CARTESIAN_POINT('',(96.1533059638353,-27.7115569838215,-56.2718242574948));
#5914=CARTESIAN_POINT('',(96.1533059638352,-13.6595922389021,-43.9010640363153));
#5915=CARTESIAN_POINT('',(71.1533059638351,-27.7115569838213,-56.2718242574948));
#5916=CARTESIAN_POINT('Origin',(96.1533059638353,-26.083683609977,-57.5096112302962));
#5917=CARTESIAN_POINT('',(71.1533059638351,-26.320027001456,-57.7176780365346));
#5918=CARTESIAN_POINT('',(71.1533059638352,-12.1640905057444,-45.255385448019));
#5919=CARTESIAN_POINT('',(96.1533059638353,-26.3200270014562,-57.7176780365345));
#5920=CARTESIAN_POINT('',(71.1533059638351,-26.320027001456,-57.7176780365346));
#5921=CARTESIAN_POINT('',(96.1533059638352,-12.1640905057446,-45.255385448019));
#5922=CARTESIAN_POINT('Origin',(96.1533059638353,-30.6216980691494,-51.9479201209763));
#5923=CARTESIAN_POINT('',(71.1533059638351,-29.5193244671725,-53.6223420463815));
#5924=CARTESIAN_POINT('',(71.1533059638351,-30.6216980691493,-51.9479201209764));
#5925=CARTESIAN_POINT('',(71.1533059638351,-30.8035534245517,-51.6716956234085));
#5926=CARTESIAN_POINT('',(96.1533059638353,-29.5193244671725,-53.6223420463814));
#5927=CARTESIAN_POINT('',(96.1533059638353,-29.5193244671725,-53.6223420463814));
#5928=CARTESIAN_POINT('',(96.1533059638353,-30.6216980691494,-51.9479201209763));
#5929=CARTESIAN_POINT('',(96.1533059638351,-30.8035534245518,-51.6716956234084));
#5930=CARTESIAN_POINT('',(96.1533059638353,-30.6216980691494,-51.9479201209763));
#5931=CARTESIAN_POINT('Origin',(96.1533059638353,-31.0018758702559,-52.198214246751));
#5932=CARTESIAN_POINT('',(71.1533059638351,-30.9590888379124,-52.1700449459037));
#5933=CARTESIAN_POINT('',(71.1533059638352,-15.3221997867215,-41.8753316209432));
#5934=CARTESIAN_POINT('',(96.1533059638353,-30.9590888379126,-52.1700449459036));
#5935=CARTESIAN_POINT('',(96.1533059638352,-15.3221997867217,-41.8753316209432));
#5936=CARTESIAN_POINT('',(71.1533059638351,-30.9590888379124,-52.1700449459037));
#5937=CARTESIAN_POINT('Origin',(96.1533059638353,-29.5193244671725,-53.6223420463814));
#5938=CARTESIAN_POINT('',(71.1533059638351,-29.7823250836434,-53.7954913180808));
#5939=CARTESIAN_POINT('',(71.1533059638352,-14.0297372841914,-43.424606483461));
#5940=CARTESIAN_POINT('',(96.1533059638353,-29.7823250836435,-53.7954913180807));
#5941=CARTESIAN_POINT('',(71.1533059638351,-29.7823250836434,-53.7954913180808));
#5942=CARTESIAN_POINT('',(96.1533059638352,-14.0297372841915,-43.424606483461));
#5943=CARTESIAN_POINT('Origin',(96.1533059638353,-33.2391374833124,-47.4832073881334));
#5944=CARTESIAN_POINT('',(71.1533059638351,-32.3805265971252,-49.2947547070666));
#5945=CARTESIAN_POINT('',(71.1533059638351,-33.2391374833123,-47.4832073881335));
#5946=CARTESIAN_POINT('',(71.1533059638351,-33.3807800150093,-47.1843617146503));
#5947=CARTESIAN_POINT('',(96.1533059638353,-32.3805265971253,-49.2947547070665));
#5948=CARTESIAN_POINT('',(96.1533059638353,-32.3805265971253,-49.2947547070665));
#5949=CARTESIAN_POINT('',(96.1533059638353,-33.2391374833124,-47.4832073881334));
#5950=CARTESIAN_POINT('',(96.1533059638351,-33.3807800150094,-47.1843617146502));
#5951=CARTESIAN_POINT('',(96.1533059638353,-33.2391374833124,-47.4832073881334));
#5952=CARTESIAN_POINT('Origin',(96.1533059638353,-33.6504496298287,-47.6781551451856));
#5953=CARTESIAN_POINT('',(71.1533059638351,-33.604158588992,-47.6562147900098));
#5954=CARTESIAN_POINT('',(71.1533059638352,-16.6866994902133,-39.6379232460758));
#5955=CARTESIAN_POINT('',(96.1533059638353,-33.6041585889921,-47.6562147900097));
#5956=CARTESIAN_POINT('',(96.1533059638352,-16.6866994902134,-39.6379232460757));
#5957=CARTESIAN_POINT('',(71.1533059638351,-33.604158588992,-47.6562147900098));
#5958=CARTESIAN_POINT('Origin',(96.1533059638353,-32.3805265971253,-49.2947547070665));
#5959=CARTESIAN_POINT('',(71.1533059638351,-32.665065430747,-49.4296162906076));
#5960=CARTESIAN_POINT('',(71.1533059638352,-15.6224325307679,-41.3519966864829));
#5961=CARTESIAN_POINT('',(96.1533059638353,-32.6650654307472,-49.4296162906075));
#5962=CARTESIAN_POINT('',(71.1533059638351,-32.665065430747,-49.4296162906076));
#5963=CARTESIAN_POINT('',(96.1533059638352,-15.6224325307681,-41.3519966864828));
#5964=CARTESIAN_POINT('Origin',(96.1533059638352,-35.209736241098,-42.697667772851));
#5965=CARTESIAN_POINT('',(71.1533059638351,-34.6115999549448,-44.6110807773537));
#5966=CARTESIAN_POINT('',(71.1533059638351,-35.209736241098,-42.6976677728511));
#5967=CARTESIAN_POINT('',(71.1533059638351,-35.3084090383261,-42.382017614555));
#5968=CARTESIAN_POINT('',(96.1533059638353,-34.6115999549448,-44.6110807773536));
#5969=CARTESIAN_POINT('',(96.1533059638353,-34.6115999549448,-44.6110807773536));
#5970=CARTESIAN_POINT('',(96.1533059638352,-35.209736241098,-42.697667772851));
#5971=CARTESIAN_POINT('',(96.1533059638351,-35.3084090383261,-42.382017614555));
#5972=CARTESIAN_POINT('',(96.1533059638352,-35.209736241098,-42.697667772851));
#5973=CARTESIAN_POINT('Origin',(96.1533059638352,-35.6441770099529,-42.8334747248393));
#5974=CARTESIAN_POINT('',(71.1533059638351,-35.5952829630774,-42.8181903593918));
#5975=CARTESIAN_POINT('',(71.1533059638352,-17.7265329147442,-37.2323875207155));
#5976=CARTESIAN_POINT('',(96.1533059638352,-35.5952829630776,-42.8181903593917));
#5977=CARTESIAN_POINT('',(96.1533059638352,-17.7265329147444,-37.2323875207154));
#5978=CARTESIAN_POINT('',(71.1533059638351,-35.5952829630774,-42.8181903593918));
#5979=CARTESIAN_POINT('Origin',(96.1533059638353,-34.6115999549448,-44.6110807773536));
#5980=CARTESIAN_POINT('',(71.1533059638351,-34.9121387809792,-44.7050297454155));
#5981=CARTESIAN_POINT('',(71.1533059638352,-16.9111762441635,-39.077897049224));
#5982=CARTESIAN_POINT('',(96.1533059638353,-34.9121387809794,-44.7050297454155));
#5983=CARTESIAN_POINT('',(71.1533059638351,-34.9121387809792,-44.7050297454155));
#5984=CARTESIAN_POINT('',(96.1533059638352,-16.9111762441637,-39.077897049224));
#5985=CARTESIAN_POINT('Origin',(96.1533059638352,-36.4951388792089,-37.6844463602699));
#5986=CARTESIAN_POINT('',(71.1533059638351,-36.1691192355296,-39.6624826426845));
#5987=CARTESIAN_POINT('',(71.1533059638351,-36.4951388792089,-37.68444636027));
#5988=CARTESIAN_POINT('',(71.1533059638351,-36.5489213882087,-37.3581354884455));
#5989=CARTESIAN_POINT('',(96.1533059638352,-36.1691192355296,-39.6624826426844));
#5990=CARTESIAN_POINT('',(96.1533059638352,-36.1691192355296,-39.6624826426844));
#5991=CARTESIAN_POINT('',(96.1533059638352,-36.4951388792089,-37.6844463602699));
#5992=CARTESIAN_POINT('',(96.1533059638351,-36.5489213882087,-37.3581354884455));
#5993=CARTESIAN_POINT('',(96.1533059638352,-36.4951388792089,-37.6844463602699));
#5994=CARTESIAN_POINT('Origin',(96.1533059638352,-36.9442523750055,-37.7584691793521));
#5995=CARTESIAN_POINT('',(71.1533059638351,-36.8937069890977,-37.7501382964206));
#5996=CARTESIAN_POINT('',(71.1533059638352,-18.4214608854988,-34.7055454615003));
#5997=CARTESIAN_POINT('',(96.1533059638352,-36.8937069890978,-37.7501382964205));
#5998=CARTESIAN_POINT('',(96.1533059638352,-18.4214608854989,-34.7055454615002));
#5999=CARTESIAN_POINT('',(71.1533059638351,-36.8937069890977,-37.7501382964206));
#6000=CARTESIAN_POINT('Origin',(96.1533059638352,-36.1691192355296,-39.6624826426844));
#6001=CARTESIAN_POINT('',(71.1533059638351,-36.4798084075857,-39.7136903854693));
#6002=CARTESIAN_POINT('',(71.1533059638352,-17.8708844939212,-36.6465703343738));
#6003=CARTESIAN_POINT('',(96.1533059638352,-36.4798084075859,-39.7136903854692));
#6004=CARTESIAN_POINT('',(71.1533059638351,-36.4798084075857,-39.7136903854693));
#6005=CARTESIAN_POINT('',(96.1533059638352,-17.8708844939213,-36.6465703343737));
#6006=CARTESIAN_POINT('Origin',(96.1533059638352,-37.0703264974179,-32.5411198027313));
#6007=CARTESIAN_POINT('',(71.1533059638351,-37.022769097735,-34.5452791368035));
#6008=CARTESIAN_POINT('',(71.1533059638351,-37.0703264974179,-32.5411198027313));
#6009=CARTESIAN_POINT('',(71.1533059638351,-37.0781719028284,-32.2104994873254));
#6010=CARTESIAN_POINT('',(96.1533059638352,-37.022769097735,-34.5452791368034));
#6011=CARTESIAN_POINT('',(96.1533059638352,-37.022769097735,-34.5452791368034));
#6012=CARTESIAN_POINT('',(96.1533059638352,-37.0703264974179,-32.5411198027313));
#6013=CARTESIAN_POINT('',(96.1533059638351,-37.0781719028284,-32.2104994873254));
#6014=CARTESIAN_POINT('',(96.1533059638352,-37.0703264974179,-32.5411198027313));
#6015=CARTESIAN_POINT('Origin',(96.1533059638352,-37.5253712368197,-32.5519177189336));
#6016=CARTESIAN_POINT('',(71.1533059638351,-37.4741583203216,-32.5507024696781));
#6017=CARTESIAN_POINT('',(71.1533059638352,-18.7579574199951,-32.1065791748724));
#6018=CARTESIAN_POINT('',(96.1533059638352,-37.4741583203217,-32.550702469678));
#6019=CARTESIAN_POINT('',(96.1533059638352,-18.7579574199952,-32.1065791748724));
#6020=CARTESIAN_POINT('',(71.1533059638351,-37.4741583203216,-32.5507024696781));
#6021=CARTESIAN_POINT('Origin',(96.1533059638352,-37.022769097735,-34.5452791368034));
#6022=CARTESIAN_POINT('',(71.1533059638351,-37.3375614044824,-34.5527489538457));
#6023=CARTESIAN_POINT('',(71.1533059638352,-18.4828776506112,-34.1053395508435));
#6024=CARTESIAN_POINT('',(96.1533059638352,-37.3375614044826,-34.5527489538457));
#6025=CARTESIAN_POINT('',(71.1533059638351,-37.3375614044824,-34.5527489538457));
#6026=CARTESIAN_POINT('',(96.1533059638352,-18.4828776506114,-34.1053395508434));
#6027=CARTESIAN_POINT('Origin',(96.1533059638352,-36.9241037230029,-27.3677971012303));
#6028=CARTESIAN_POINT('',(71.1533059638351,-37.1559342180054,-29.3590708052198));
#6029=CARTESIAN_POINT('',(71.1533059638351,-36.9241037230029,-27.3677971012303));
#6030=CARTESIAN_POINT('',(71.1533059638351,-36.8858593229318,-27.0393024906073));
#6031=CARTESIAN_POINT('',(96.1533059638352,-37.1559342180054,-29.3590708052197));
#6032=CARTESIAN_POINT('',(96.1533059638352,-37.1559342180054,-29.3590708052197));
#6033=CARTESIAN_POINT('',(96.1533059638352,-36.9241037230029,-27.3677971012303));
#6034=CARTESIAN_POINT('',(96.1533059638351,-36.8858593229319,-27.0393024906073));
#6035=CARTESIAN_POINT('',(96.1533059638352,-36.9241037230029,-27.3677971012303));
#6036=CARTESIAN_POINT('Origin',(96.1533059638352,-37.3762227777631,-27.3151599453962));
#6037=CARTESIAN_POINT('',(71.1533059638351,-37.3253391318406,-27.3210839832612));
#6038=CARTESIAN_POINT('',(71.1533059638352,-18.7294729959483,-29.4860745833209));
#6039=CARTESIAN_POINT('',(96.1533059638352,-37.3253391318407,-27.3210839832611));
#6040=CARTESIAN_POINT('',(96.1533059638352,-18.7294729959484,-29.4860745833208));
#6041=CARTESIAN_POINT('',(71.1533059638351,-37.3253391318406,-27.3210839832612));
#6042=CARTESIAN_POINT('Origin',(96.1533059638352,-37.1559342180054,-29.3590708052197));
#6043=CARTESIAN_POINT('',(71.1533059638351,-37.4687025852643,-29.3226573050277));
#6044=CARTESIAN_POINT('',(71.1533059638352,-18.7352439635707,-31.5036668652274));
#6045=CARTESIAN_POINT('',(96.1533059638352,-37.4687025852644,-29.3226573050276));
#6046=CARTESIAN_POINT('',(71.1533059638351,-37.4687025852643,-29.3226573050277));
#6047=CARTESIAN_POINT('',(96.1533059638352,-18.7352439635708,-31.5036668652274));
#6048=CARTESIAN_POINT('Origin',(96.1533059638352,-36.059316615942,-22.2651710975843));
#6049=CARTESIAN_POINT('',(71.1533059638351,-36.5660226887479,-24.2048012938832));
#6050=CARTESIAN_POINT('',(71.1533059638351,-36.0593166159419,-22.2651710975843));
#6051=CARTESIAN_POINT('',(71.1533059638351,-35.9757267941343,-21.9451959656829));
#6052=CARTESIAN_POINT('',(96.1533059638352,-36.5660226887479,-24.2048012938831));
#6053=CARTESIAN_POINT('',(96.1533059638352,-36.5660226887479,-24.2048012938831));
#6054=CARTESIAN_POINT('',(96.1533059638352,-36.059316615942,-22.2651710975843));
#6055=CARTESIAN_POINT('',(96.1533059638351,-35.9757267941343,-21.9451959656829));
#6056=CARTESIAN_POINT('',(96.1533059638352,-36.059316615942,-22.2651710975843));
#6057=CARTESIAN_POINT('Origin',(96.1533059638352,-36.4997100029375,-22.1501233920783));
#6058=CARTESIAN_POINT('',(71.1533059638351,-36.4501460198791,-22.1630714124051));
#6059=CARTESIAN_POINT('',(71.1533059638352,-18.336562030272,-26.8950368279403));
#6060=CARTESIAN_POINT('',(96.1533059638352,-36.4501460198792,-22.1630714124051));
#6061=CARTESIAN_POINT('',(96.1533059638352,-18.3365620302721,-26.8950368279403));
#6062=CARTESIAN_POINT('',(71.1533059638351,-36.4501460198791,-22.1630714124051));
#6063=CARTESIAN_POINT('Origin',(96.1533059638352,-36.5660226887479,-24.2048012938831));
#6064=CARTESIAN_POINT('',(71.1533059638351,-36.8706794360183,-24.1252132238182));
#6065=CARTESIAN_POINT('',(71.1533059638352,-18.6230714095802,-28.8921908769923));
#6066=CARTESIAN_POINT('',(96.1533059638352,-36.8706794360184,-24.1252132238181));
#6067=CARTESIAN_POINT('',(71.1533059638351,-36.8706794360183,-24.1252132238182));
#6068=CARTESIAN_POINT('',(96.1533059638352,-18.6230714095803,-28.8921908769922));
#6069=CARTESIAN_POINT('Origin',(96.1533059638352,-34.4927972735932,-17.3325586028032));
#6070=CARTESIAN_POINT('',(71.1533059638351,-35.2645164668651,-19.1827925959372));
#6071=CARTESIAN_POINT('',(71.1533059638351,-34.4927972735932,-17.3325586028032));
#6072=CARTESIAN_POINT('',(71.1533059638351,-34.3654890108485,-17.0273309015995));
#6073=CARTESIAN_POINT('',(96.1533059638353,-35.2645164668651,-19.1827925959372));
#6074=CARTESIAN_POINT('',(96.1533059638353,-35.2645164668651,-19.1827925959372));
#6075=CARTESIAN_POINT('',(96.1533059638352,-34.4927972735932,-17.3325586028032));
#6076=CARTESIAN_POINT('',(96.1533059638351,-34.3654890108485,-17.0273309015995));
#6077=CARTESIAN_POINT('',(96.1533059638352,-34.4927972735932,-17.3325586028032));
#6078=CARTESIAN_POINT('Origin',(96.1533059638352,-34.9128932364862,-17.1573396203482));
#6079=CARTESIAN_POINT('',(71.1533059638351,-34.865613622844,-17.1770596046494));
#6080=CARTESIAN_POINT('',(71.1533059638352,-17.5868720879834,-24.3838975113775));
#6081=CARTESIAN_POINT('',(96.1533059638352,-34.8656136228441,-17.1770596046493));
#6082=CARTESIAN_POINT('',(96.1533059638352,-17.5868720879835,-24.3838975113775));
#6083=CARTESIAN_POINT('',(71.1533059638351,-34.865613622844,-17.1770596046494));
#6084=CARTESIAN_POINT('Origin',(96.1533059638353,-35.2645164668651,-19.1827925959372));
#6085=CARTESIAN_POINT('',(71.1533059638351,-35.5551317971033,-19.0615790472531));
#6086=CARTESIAN_POINT('',(71.1533059638352,-18.1485432998088,-26.3217409957392));
#6087=CARTESIAN_POINT('',(96.1533059638353,-35.5551317971033,-19.061579047253));
#6088=CARTESIAN_POINT('',(71.1533059638351,-35.5551317971033,-19.0615790472531));
#6089=CARTESIAN_POINT('',(96.1533059638352,-18.1485432998089,-26.3217409957391));
#6090=CARTESIAN_POINT('Origin',(71.1533059638353,-0.00623441399159014,-31.0000000000004));
#6091=CARTESIAN_POINT('Origin',(71.1533059638353,-0.00623441399158958,-31.0000000000004));
#6092=CARTESIAN_POINT('Origin',(71.1533059638353,-0.00623441399158958,-31.0000000000004));
#6093=CARTESIAN_POINT('Origin',(71.1533059638353,-0.00623441399158958,-31.0000000000004));
#6094=CARTESIAN_POINT('Origin',(71.1533059638353,-0.00623441399158958,-31.0000000000004));
#6095=CARTESIAN_POINT('Origin',(71.1533059638353,-0.00623441399158958,-31.0000000000004));
#6096=CARTESIAN_POINT('Origin',(71.1533059638353,-0.00623441399158958,-31.0000000000004));
#6097=CARTESIAN_POINT('Origin',(71.1533059638353,-0.00623441399158958,-31.0000000000004));
#6098=CARTESIAN_POINT('Origin',(71.1533059638353,-0.00623441399158958,-31.0000000000004));
#6099=CARTESIAN_POINT('Origin',(71.1533059638353,-0.00623441399158958,-31.0000000000004));
#6100=CARTESIAN_POINT('Origin',(71.1533059638353,-0.00623441399158958,-31.0000000000004));
#6101=CARTESIAN_POINT('Origin',(71.1533059638353,-0.00623441399158958,-31.0000000000004));
#6102=CARTESIAN_POINT('Origin',(71.1533059638353,-0.00623441399158958,-31.0000000000004));
#6103=CARTESIAN_POINT('Origin',(71.1533059638353,-0.00623441399158958,-31.0000000000004));
#6104=CARTESIAN_POINT('Origin',(71.1533059638353,-0.00623441399158958,-31.0000000000004));
#6105=CARTESIAN_POINT('Origin',(71.1533059638353,-0.00623441399158958,-31.0000000000004));
#6106=CARTESIAN_POINT('Origin',(71.1533059638353,-0.00623441399158958,-31.0000000000004));
#6107=CARTESIAN_POINT('Origin',(71.1533059638353,-0.00623441399158958,-31.0000000000004));
#6108=CARTESIAN_POINT('Origin',(71.1533059638353,-0.00623441399158958,-31.0000000000004));
#6109=CARTESIAN_POINT('Origin',(71.1533059638353,-0.00623441399158958,-31.0000000000004));
#6110=CARTESIAN_POINT('Origin',(71.1533059638353,-0.00623441399158958,-31.0000000000004));
#6111=CARTESIAN_POINT('Origin',(71.1533059638353,-0.00623441399158958,-31.0000000000004));
#6112=CARTESIAN_POINT('Origin',(71.1533059638353,-0.00623441399158958,-31.0000000000004));
#6113=CARTESIAN_POINT('Origin',(71.1533059638353,-0.00623441399158958,-31.0000000000004));
#6114=CARTESIAN_POINT('Origin',(71.1533059638353,-0.00623441399158958,-31.0000000000004));
#6115=CARTESIAN_POINT('Origin',(71.1533059638353,-0.00623441399158958,-31.0000000000004));
#6116=CARTESIAN_POINT('Origin',(71.1533059638353,-0.00623441399158958,-31.0000000000004));
#6117=CARTESIAN_POINT('Origin',(71.1533059638353,-0.00623441399158958,-31.0000000000004));
#6118=CARTESIAN_POINT('Origin',(71.1533059638353,-0.00623441399158958,-31.0000000000004));
#6119=CARTESIAN_POINT('Origin',(71.1533059638353,-0.00623441399158958,-31.0000000000004));
#6120=CARTESIAN_POINT('Origin',(71.1533059638353,-0.00623441399158958,-31.0000000000004));
#6121=CARTESIAN_POINT('Origin',(71.1533059638353,-0.00623441399158958,-31.0000000000004));
#6122=CARTESIAN_POINT('Origin',(71.1533059638353,-0.00623441399158958,-31.0000000000004));
#6123=CARTESIAN_POINT('Origin',(71.1533059638353,-0.00623441399158958,-31.0000000000004));
#6124=CARTESIAN_POINT('Origin',(71.1533059638353,-0.00623441399158958,-31.0000000000004));
#6125=CARTESIAN_POINT('Origin',(71.1533059638353,-0.00623441399158958,-31.0000000000004));
#6126=CARTESIAN_POINT('Origin',(71.1533059638353,-0.00623441399158958,-31.0000000000004));
#6127=CARTESIAN_POINT('Origin',(71.1533059638353,-0.00623441399158958,-31.0000000000004));
#6128=CARTESIAN_POINT('Origin',(71.1533059638353,-0.00623441399158958,-31.0000000000004));
#6129=CARTESIAN_POINT('Origin',(71.1533059638353,-0.00623441399158958,-31.0000000000004));
#6130=CARTESIAN_POINT('Origin',(71.1533059638353,-0.00623441399158958,-31.0000000000004));
#6131=CARTESIAN_POINT('Origin',(71.1533059638353,-0.00623441399158958,-31.0000000000004));
#6132=CARTESIAN_POINT('Origin',(71.1533059638353,-0.00623441399158958,-31.0000000000004));
#6133=CARTESIAN_POINT('Origin',(71.1533059638353,-0.00623441399158958,-31.0000000000004));
#6134=CARTESIAN_POINT('',(71.1533059638351,-33.5476653068974,-14.2303126547806));
#6135=CARTESIAN_POINT('Origin',(71.1533059638353,-0.00623441399158958,-31.0000000000004));
#6136=CARTESIAN_POINT('',(71.1533059638351,-33.2767478905245,-14.3907923982371));
#6137=CARTESIAN_POINT('',(71.1533059638352,-17.3208957841454,-23.8423481045632));
#6138=CARTESIAN_POINT('',(71.1533059638351,-32.2550362130661,-12.6659673083343));
#6139=CARTESIAN_POINT('',(71.1533059638351,-32.0864874199076,-12.381427947841));
#6140=CARTESIAN_POINT('',(71.1533059638351,-32.6025830614648,-12.4600956083275));
#6141=CARTESIAN_POINT('',(71.1533059638352,-16.4949950310495,-22.0015331040508));
#6142=CARTESIAN_POINT('Origin',(71.1533059638353,-0.00623441399158958,-31.0000000000004));
#6143=CARTESIAN_POINT('',(71.1533059638353,4.99376558600838,-31.0000000000004));
#6144=CARTESIAN_POINT('Origin',(71.1533059638353,-0.00623441399160457,-31.0000000000004));
#6145=CARTESIAN_POINT('Origin',(71.1533059638353,-0.00623441399158958,-31.0000000000004));
#6146=CARTESIAN_POINT('',(96.1533059638353,-33.5476653068975,-14.2303126547805));
#6147=CARTESIAN_POINT('Origin',(96.1533059638353,-0.00623441399171226,-31.0000000000004));
#6148=CARTESIAN_POINT('',(71.1533059638351,-33.5476653068974,-14.2303126547806));
#6149=CARTESIAN_POINT('Origin',(71.1533059638353,-0.00623441399158958,-31.0000000000004));
#6150=CARTESIAN_POINT('Origin',(96.1533059638353,-0.00623441399171226,-31.0000000000004));
#6151=CARTESIAN_POINT('Origin',(71.1533059638353,-0.00623441399158958,-31.0000000000004));
#6152=CARTESIAN_POINT('Origin',(96.1533059638353,-0.00623441399171226,-31.0000000000004));
#6153=CARTESIAN_POINT('Origin',(71.1533059638353,-0.00623441399158958,-31.0000000000004));
#6154=CARTESIAN_POINT('Origin',(96.1533059638353,-0.00623441399171226,-31.0000000000004));
#6155=CARTESIAN_POINT('Origin',(71.1533059638353,-0.00623441399158958,-31.0000000000004));
#6156=CARTESIAN_POINT('Origin',(96.1533059638353,-0.00623441399171226,-31.0000000000004));
#6157=CARTESIAN_POINT('Origin',(71.1533059638353,-0.00623441399158958,-31.0000000000004));
#6158=CARTESIAN_POINT('Origin',(96.1533059638353,-0.00623441399171226,-31.0000000000004));
#6159=CARTESIAN_POINT('Origin',(71.1533059638353,-0.00623441399158958,-31.0000000000004));
#6160=CARTESIAN_POINT('Origin',(96.1533059638353,-0.00623441399171226,-31.0000000000004));
#6161=CARTESIAN_POINT('Origin',(71.1533059638353,-0.00623441399158958,-31.0000000000004));
#6162=CARTESIAN_POINT('Origin',(96.1533059638353,-0.00623441399171226,-31.0000000000004));
#6163=CARTESIAN_POINT('Origin',(71.1533059638353,-0.00623441399158958,-31.0000000000004));
#6164=CARTESIAN_POINT('Origin',(96.1533059638353,-0.00623441399171226,-31.0000000000004));
#6165=CARTESIAN_POINT('Origin',(71.1533059638353,-0.00623441399158958,-31.0000000000004));
#6166=CARTESIAN_POINT('Origin',(96.1533059638353,-0.00623441399171226,-31.0000000000004));
#6167=CARTESIAN_POINT('Origin',(71.1533059638353,-0.00623441399158958,-31.0000000000004));
#6168=CARTESIAN_POINT('Origin',(96.1533059638353,-0.00623441399171226,-31.0000000000004));
#6169=CARTESIAN_POINT('Origin',(71.1533059638353,-0.00623441399158958,-31.0000000000004));
#6170=CARTESIAN_POINT('Origin',(96.1533059638353,-0.00623441399171226,-31.0000000000004));
#6171=CARTESIAN_POINT('Origin',(71.1533059638353,-0.00623441399158958,-31.0000000000004));
#6172=CARTESIAN_POINT('Origin',(96.1533059638353,-0.00623441399171226,-31.0000000000004));
#6173=CARTESIAN_POINT('Origin',(71.1533059638353,-0.00623441399158958,-31.0000000000004));
#6174=CARTESIAN_POINT('Origin',(96.1533059638353,-0.00623441399171226,-31.0000000000004));
#6175=CARTESIAN_POINT('Origin',(71.1533059638353,-0.00623441399158958,-31.0000000000004));
#6176=CARTESIAN_POINT('Origin',(96.1533059638353,-0.00623441399171226,-31.0000000000004));
#6177=CARTESIAN_POINT('Origin',(71.1533059638353,-0.00623441399158958,-31.0000000000004));
#6178=CARTESIAN_POINT('Origin',(96.1533059638353,-0.00623441399171226,-31.0000000000004));
#6179=CARTESIAN_POINT('Origin',(71.1533059638353,-0.00623441399158958,-31.0000000000004));
#6180=CARTESIAN_POINT('Origin',(96.1533059638353,-0.00623441399171226,-31.0000000000004));
#6181=CARTESIAN_POINT('Origin',(71.1533059638353,-0.00623441399158958,-31.0000000000004));
#6182=CARTESIAN_POINT('Origin',(96.1533059638353,-0.00623441399171226,-31.0000000000004));
#6183=CARTESIAN_POINT('Origin',(71.1533059638353,-0.00623441399158958,-31.0000000000004));
#6184=CARTESIAN_POINT('Origin',(96.1533059638353,-0.00623441399171226,-31.0000000000004));
#6185=CARTESIAN_POINT('Origin',(71.1533059638353,-0.00623441399158958,-31.0000000000004));
#6186=CARTESIAN_POINT('Origin',(96.1533059638353,-0.00623441399171226,-31.0000000000004));
#6187=CARTESIAN_POINT('Origin',(71.1533059638353,-0.00623441399158958,-31.0000000000004));
#6188=CARTESIAN_POINT('Origin',(96.1533059638353,-0.00623441399171226,-31.0000000000004));
#6189=CARTESIAN_POINT('Origin',(71.1533059638353,-0.00623441399158958,-31.0000000000004));
#6190=CARTESIAN_POINT('Origin',(96.1533059638353,-0.00623441399171226,-31.0000000000004));
#6191=CARTESIAN_POINT('Origin',(71.1533059638353,-0.00623441399158958,-31.0000000000004));
#6192=CARTESIAN_POINT('Origin',(96.1533059638353,-0.00623441399171226,-31.0000000000004));
#6193=CARTESIAN_POINT('Origin',(71.1533059638353,-0.00623441399158958,-31.0000000000004));
#6194=CARTESIAN_POINT('Origin',(96.1533059638353,-0.00623441399171226,-31.0000000000004));
#6195=CARTESIAN_POINT('Origin',(71.1533059638353,-0.00623441399158958,-31.0000000000004));
#6196=CARTESIAN_POINT('Origin',(96.1533059638353,-0.00623441399171226,-31.0000000000004));
#6197=CARTESIAN_POINT('Origin',(71.1533059638353,-0.00623441399158958,-31.0000000000004));
#6198=CARTESIAN_POINT('Origin',(96.1533059638353,-0.00623441399171226,-31.0000000000004));
#6199=CARTESIAN_POINT('Origin',(71.1533059638353,-0.00623441399158958,-31.0000000000004));
#6200=CARTESIAN_POINT('Origin',(96.1533059638353,-0.00623441399171226,-31.0000000000004));
#6201=CARTESIAN_POINT('Origin',(71.1533059638353,-0.00623441399158958,-31.0000000000004));
#6202=CARTESIAN_POINT('Origin',(96.1533059638353,-0.00623441399171226,-31.0000000000004));
#6203=CARTESIAN_POINT('Origin',(71.1533059638353,-0.00623441399158958,-31.0000000000004));
#6204=CARTESIAN_POINT('Origin',(96.1533059638353,-0.00623441399171226,-31.0000000000004));
#6205=CARTESIAN_POINT('Origin',(71.1533059638353,-0.00623441399158958,-31.0000000000004));
#6206=CARTESIAN_POINT('Origin',(96.1533059638353,-0.00623441399171226,-31.0000000000004));
#6207=CARTESIAN_POINT('Origin',(71.1533059638353,-0.00623441399158958,-31.0000000000004));
#6208=CARTESIAN_POINT('Origin',(96.1533059638353,-0.00623441399171226,-31.0000000000004));
#6209=CARTESIAN_POINT('Origin',(71.1533059638353,-0.00623441399158958,-31.0000000000004));
#6210=CARTESIAN_POINT('Origin',(96.1533059638353,-0.00623441399171226,-31.0000000000004));
#6211=CARTESIAN_POINT('Origin',(71.1533059638353,-0.00623441399158958,-31.0000000000004));
#6212=CARTESIAN_POINT('Origin',(96.1533059638353,-0.00623441399171226,-31.0000000000004));
#6213=CARTESIAN_POINT('Origin',(71.1533059638353,-0.00623441399158958,-31.0000000000004));
#6214=CARTESIAN_POINT('Origin',(96.1533059638353,-0.00623441399171226,-31.0000000000004));
#6215=CARTESIAN_POINT('Origin',(71.1533059638353,-0.00623441399158958,-31.0000000000004));
#6216=CARTESIAN_POINT('Origin',(96.1533059638353,-0.00623441399171226,-31.0000000000004));
#6217=CARTESIAN_POINT('Origin',(71.1533059638353,-0.00623441399158958,-31.0000000000004));
#6218=CARTESIAN_POINT('Origin',(96.1533059638353,-0.00623441399171226,-31.0000000000004));
#6219=CARTESIAN_POINT('Origin',(71.1533059638353,-0.00623441399158958,-31.0000000000004));
#6220=CARTESIAN_POINT('Origin',(96.1533059638353,-0.00623441399171226,-31.0000000000004));
#6221=CARTESIAN_POINT('Origin',(71.1533059638353,-0.00623441399158958,-31.0000000000004));
#6222=CARTESIAN_POINT('Origin',(96.1533059638353,-0.00623441399171226,-31.0000000000004));
#6223=CARTESIAN_POINT('Origin',(71.1533059638353,-0.00623441399158958,-31.0000000000004));
#6224=CARTESIAN_POINT('Origin',(96.1533059638353,-0.00623441399171226,-31.0000000000004));
#6225=CARTESIAN_POINT('Origin',(71.1533059638353,-0.00623441399158958,-31.0000000000004));
#6226=CARTESIAN_POINT('Origin',(96.1533059638353,-0.00623441399171226,-31.0000000000004));
#6227=CARTESIAN_POINT('Origin',(71.1533059638353,-0.00623441399158958,-31.0000000000004));
#6228=CARTESIAN_POINT('Origin',(96.1533059638353,-0.00623441399171226,-31.0000000000004));
#6229=CARTESIAN_POINT('Origin',(71.1533059638353,-0.00623441399158958,-31.0000000000004));
#6230=CARTESIAN_POINT('Origin',(96.1533059638353,-0.00623441399171226,-31.0000000000004));
#6231=CARTESIAN_POINT('Origin',(71.1533059638353,-0.00623441399158958,-31.0000000000004));
#6232=CARTESIAN_POINT('Origin',(96.1533059638353,-0.00623441399171226,-31.0000000000004));
#6233=CARTESIAN_POINT('Origin',(71.1533059638353,-0.00623441399158958,-31.0000000000004));
#6234=CARTESIAN_POINT('Origin',(96.1533059638353,-0.00623441399171226,-31.0000000000004));
#6235=CARTESIAN_POINT('Origin',(96.1533059638353,-32.2550362130661,-12.6659673083343));
#6236=CARTESIAN_POINT('',(96.1533059638353,-33.2767478905245,-14.3907923982371));
#6237=CARTESIAN_POINT('',(96.1533059638353,-33.2767478905245,-14.3907923982371));
#6238=CARTESIAN_POINT('',(96.1533059638353,-32.2550362130661,-12.6659673083343));
#6239=CARTESIAN_POINT('',(96.1533059638351,-32.0864874199077,-12.381427947841));
#6240=CARTESIAN_POINT('',(96.1533059638353,-32.2550362130661,-12.6659673083343));
#6241=CARTESIAN_POINT('Origin',(96.1533059638353,-32.646658061791,-12.4339874871152));
#6242=CARTESIAN_POINT('',(96.1533059638353,-32.6025830614649,-12.4600956083274));
#6243=CARTESIAN_POINT('',(96.1533059638352,-16.4949950310496,-22.0015331040507));
#6244=CARTESIAN_POINT('',(71.1533059638351,-32.6025830614648,-12.4600956083275));
#6245=CARTESIAN_POINT('Origin',(96.1533059638353,-33.2767478905245,-14.3907923982371));
#6246=CARTESIAN_POINT('',(96.1533059638352,-17.3208957841455,-23.8423481045632));
#6247=CARTESIAN_POINT('Origin',(68.1533059638353,-0.00623441399158986,-31.0000000000004));
#6248=CARTESIAN_POINT('',(71.1533059638353,-1.6562344139916,-28.6151519964581));
#6249=CARTESIAN_POINT('',(71.1533059638353,1.64376558600839,-28.6151519964581));
#6250=CARTESIAN_POINT('Origin',(71.1533059638353,-0.00623441399160457,-31.0000000000004));
#6251=CARTESIAN_POINT('',(68.1533059638353,-1.65623441399159,-28.6151519964581));
#6252=CARTESIAN_POINT('',(68.1533059638353,1.64376558600841,-28.6151519964581));
#6253=CARTESIAN_POINT('Origin',(68.1533059638353,-1.65623441399159,-33.3848480035428));
#6254=CARTESIAN_POINT('',(71.1533059638353,-1.6562344139916,-33.3848480035428));
#6255=CARTESIAN_POINT('',(71.1533059638353,-1.6562344139916,-32.1924240017716));
#6256=CARTESIAN_POINT('',(68.1533059638353,-1.65623441399159,-33.3848480035428));
#6257=CARTESIAN_POINT('Origin',(68.1533059638353,-0.00623441399158986,-31.0000000000004));
#6258=CARTESIAN_POINT('',(68.1533059638353,4.9937655860084,-31.0000000000004));
#6259=CARTESIAN_POINT('Origin',(68.1533059638353,-0.00623441399158986,-31.0000000000004));
#6260=CARTESIAN_POINT('',(71.1533059638353,1.64376558600839,-33.3848480035428));
#6261=CARTESIAN_POINT('Origin',(71.1533059638353,-0.00623441399160457,-31.0000000000004));
#6262=CARTESIAN_POINT('',(68.1533059638353,1.64376558600841,-33.3848480035428));
#6263=CARTESIAN_POINT('Origin',(68.1533059638353,1.64376558600841,-28.6151519964581));
#6264=CARTESIAN_POINT('',(71.1533059638353,1.64376558600839,-29.8075759982292));
#6265=CARTESIAN_POINT('Origin',(71.1533059638353,-0.00623441399158958,-31.0000000000004));
#6266=CARTESIAN_POINT('Origin',(96.1533059638353,-0.00623441399171226,-31.0000000000004));
#6267=CARTESIAN_POINT('Origin',(71.1533059638353,-0.00623441399159014,-31.0000000000004));
#6268=CARTESIAN_POINT('Origin',(96.1533059638353,-0.00623441399171282,-31.0000000000004));
#6269=UNCERTAINTY_MEASURE_WITH_UNIT(LENGTH_MEASURE(0.01),#6273,
'DISTANCE_ACCURACY_VALUE',
'Maximum model space distance between geometric entities at asserted c
onnectivities');
#6270=UNCERTAINTY_MEASURE_WITH_UNIT(LENGTH_MEASURE(0.01),#6273,
'DISTANCE_ACCURACY_VALUE',
'Maximum model space distance between geometric entities at asserted c
onnectivities');
#6271=(
GEOMETRIC_REPRESENTATION_CONTEXT(3)
GLOBAL_UNCERTAINTY_ASSIGNED_CONTEXT((#6269))
GLOBAL_UNIT_ASSIGNED_CONTEXT((#6273,#6275,#6276))
REPRESENTATION_CONTEXT('','3D')
);
#6272=(
GEOMETRIC_REPRESENTATION_CONTEXT(3)
GLOBAL_UNCERTAINTY_ASSIGNED_CONTEXT((#6270))
GLOBAL_UNIT_ASSIGNED_CONTEXT((#6273,#6275,#6276))
REPRESENTATION_CONTEXT('','3D')
);
#6273=(
LENGTH_UNIT()
NAMED_UNIT(*)
SI_UNIT(.MILLI.,.METRE.)
);
#6274=(
LENGTH_UNIT()
NAMED_UNIT(*)
SI_UNIT($,.METRE.)
);
#6275=(
NAMED_UNIT(*)
PLANE_ANGLE_UNIT()
SI_UNIT($,.RADIAN.)
);
#6276=(
NAMED_UNIT(*)
SI_UNIT($,.STERADIAN.)
SOLID_ANGLE_UNIT()
);
#6277=SHAPE_DEFINITION_REPRESENTATION(#6278,#6279);
#6278=PRODUCT_DEFINITION_SHAPE('',$,#6281);
#6279=SHAPE_REPRESENTATION('',(#3837),#6271);
#6280=PRODUCT_DEFINITION_CONTEXT('part definition',#6285,'design');
#6281=PRODUCT_DEFINITION('Wheel1','Wheel1',#6282,#6280);
#6282=PRODUCT_DEFINITION_FORMATION('',$,#6287);
#6283=PRODUCT_RELATED_PRODUCT_CATEGORY('Wheel1','Wheel1',(#6287));
#6284=APPLICATION_PROTOCOL_DEFINITION('international standard',
'automotive_design',2009,#6285);
#6285=APPLICATION_CONTEXT(
'Core Data for Automotive Mechanical Design Process');
#6286=PRODUCT_CONTEXT('part definition',#6285,'mechanical');
#6287=PRODUCT('Wheel1','Wheel1',$,(#6286));
#6288=PRESENTATION_STYLE_ASSIGNMENT((#6290));
#6289=PRESENTATION_STYLE_ASSIGNMENT((#6291));
#6290=SURFACE_STYLE_USAGE(.BOTH.,#6292);
#6291=SURFACE_STYLE_USAGE(.BOTH.,#6293);
#6292=SURFACE_SIDE_STYLE('',(#6294));
#6293=SURFACE_SIDE_STYLE('',(#6295));
#6294=SURFACE_STYLE_FILL_AREA(#6296);
#6295=SURFACE_STYLE_FILL_AREA(#6297);
#6296=FILL_AREA_STYLE('Steel - Satin',(#6298));
#6297=FILL_AREA_STYLE('Paint - Enamel Glossy (Black)',(#6299));
#6298=FILL_AREA_STYLE_COLOUR('Steel - Satin',#6300);
#6299=FILL_AREA_STYLE_COLOUR('Paint - Enamel Glossy (Black)',#6301);
#6300=COLOUR_RGB('Steel - Satin',0.627450980392157,0.627450980392157,0.627450980392157);
#6301=COLOUR_RGB('Paint - Enamel Glossy (Black)',0.0980392156862745,0.0980392156862745,
0.0980392156862745);
ENDSEC;
END-ISO-10303-21;
